Sun 17:00:00,132m,3%,3.3,1730Mi,29%,750,18,18.75,0
Sun 17:01:00,131m,3%,3.275,1730Mi,29%,750,18,18.75,0
Sun 17:02:00,140m,3%,3.5,1731Mi,29%,750,18,18.75,0
Sun 17:03:00,134m,3%,3.35,1731Mi,29%,750,18,18.75,0
Sun 17:04:00,131m,3%,3.275,1731Mi,29%,750,18,18.75,0
Sun 17:05:00,129m,3%,3.225,1731Mi,29%,750,18,18.75,0
Sun 17:06:00,135m,3%,3.375,1731Mi,29%,750,18,18.75,0
Sun 17:07:00,137m,3%,3.425,1731Mi,29%,750,18,18.75,0
Sun 17:08:00,132m,3%,3.3,1732Mi,29%,750,18,18.75,0
Sun 17:09:00,135m,3%,3.375,1732Mi,29%,750,18,18.75,0
Sun 17:10:00,133m,3%,3.325,1731Mi,29%,887,22,22.175,2
Sun 17:11:00,130m,3%,3.25,1732Mi,29%,887,22,22.175,0
Sun 17:12:00,151m,3%,3.775,1734Mi,29%,887,22,22.175,0
Sun 17:13:01,128m,3%,3.2,1734Mi,29%,887,22,22.175,0
Sun 17:14:00,134m,3%,3.35,1735Mi,29%,887,22,22.175,0
Sun 17:15:00,134m,3%,3.35,1734Mi,29%,887,22,22.175,0
Sun 17:16:00,133m,3%,3.325,1735Mi,29%,887,22,22.175,0
Sun 17:17:00,139m,3%,3.475,1735Mi,29%,887,22,22.175,0
Sun 17:18:00,140m,3%,3.5,1735Mi,29%,887,22,22.175,0
Sun 17:19:00,136m,3%,3.4,1735Mi,29%,887,22,22.175,0
Sun 17:20:00,134m,3%,3.35,1734Mi,29%,887,22,22.175,2
Sun 17:21:00,140m,3%,3.5,1735Mi,29%,1024,25,25.6,0
Sun 17:22:00,153m,3%,3.825,1737Mi,29%,1024,25,25.6,0
Sun 17:23:00,134m,3%,3.35,1738Mi,29%,1024,25,25.6,0
Sun 17:24:00,144m,3%,3.6,1738Mi,29%,1024,25,25.6,0
Sun 17:25:00,137m,3%,3.425,1738Mi,29%,1024,25,25.6,0
Sun 17:26:00,144m,3%,3.6,1754Mi,30%,1024,25,25.6,0
Sun 17:27:00,140m,3%,3.5,1738Mi,29%,1024,25,25.6,0
Sun 17:28:00,149m,3%,3.725,1738Mi,29%,1024,25,25.6,0
Sun 17:29:00,140m,3%,3.5,1738Mi,29%,1024,25,25.6,0
Sun 17:30:00,145m,3%,3.625,1738Mi,29%,1024,25,25.6,0
Sun 17:31:00,145m,3%,3.625,1738Mi,29%,1024,25,25.6,0
Sun 17:32:00,138m,3%,3.45,1738Mi,29%,1024,25,25.6,0
Sun 17:33:00,142m,3%,3.55,1738Mi,29%,1024,25,25.6,0
Sun 17:34:00,143m,3%,3.575,1738Mi,29%,1024,25,25.6,0
Sun 17:35:00,136m,3%,3.4,1738Mi,29%,1161,29,29.025,2
Sun 17:36:00,154m,3%,3.85,1741Mi,29%,1161,29,29.025,0
Sun 17:37:00,144m,3%,3.6,1741Mi,29%,1161,29,29.025,0
Sun 17:38:00,137m,3%,3.425,1741Mi,29%,1161,29,29.025,0
Sun 17:39:00,153m,3%,3.825,1741Mi,29%,1024,25,25.6,0
Sun 17:40:00,167m,4%,4.175,1739Mi,29%,1024,25,25.6,0
Sun 17:41:01,143m,3%,3.575,1739Mi,29%,1024,25,25.6,0
Sun 17:42:00,146m,3%,3.65,1739Mi,29%,1024,25,25.6,0
Sun 17:43:00,143m,3%,3.575,1740Mi,29%,1024,25,25.6,0
Sun 17:44:00,130m,3%,3.25,1740Mi,29%,1024,25,25.6,0
Sun 17:45:00,138m,3%,3.45,1742Mi,29%,1024,25,25.6,0
Sun 17:46:00,148m,3%,3.7,1740Mi,29%,1024,25,25.6,0
Sun 17:47:00,135m,3%,3.375,1740Mi,29%,1024,25,25.6,0
Sun 17:48:00,145m,3%,3.625,1740Mi,29%,1024,25,25.6,0
Sun 17:49:00,148m,3%,3.7,1740Mi,29%,887,22,22.175,0
Sun 17:50:00,157m,3%,3.925,1737Mi,29%,887,22,22.175,0
Sun 17:51:00,154m,3%,3.85,1752Mi,30%,887,22,22.175,0
Sun 17:52:00,133m,3%,3.325,1736Mi,29%,887,22,22.175,0
Sun 17:53:00,150m,3%,3.75,1737Mi,29%,887,22,22.175,0
Sun 17:54:00,134m,3%,3.35,1737Mi,29%,887,22,22.175,0
Sun 17:55:00,149m,3%,3.725,1737Mi,29%,887,22,22.175,0
Sun 17:56:00,151m,3%,3.775,1737Mi,29%,1024,25,25.6,0
Sun 17:57:00,150m,3%,3.75,1740Mi,29%,1024,25,25.6,0
Sun 17:58:00,151m,3%,3.775,1740Mi,29%,1024,25,25.6,0
Sun 17:59:00,152m,3%,3.8,1740Mi,29%,1024,25,25.6,0
Sun 18:00:00,133m,3%,3.325,1740Mi,29%,1024,25,25.6,0
Sun 18:01:00,151m,3%,3.775,1740Mi,29%,1024,25,25.6,0
Sun 18:02:00,159m,3%,3.975,1740Mi,29%,1024,25,25.6,0
Sun 18:03:00,135m,3%,3.375,1740Mi,29%,1024,25,25.6,0
Sun 18:04:00,155m,3%,3.875,1740Mi,29%,887,22,22.175,0
Sun 18:05:00,185m,4%,4.625,1738Mi,29%,1024,25,25.6,0
Sun 18:06:00,147m,3%,3.675,1740Mi,29%,1024,25,25.6,0
Sun 18:07:00,155m,3%,3.875,1740Mi,29%,1024,25,25.6,0
Sun 18:08:00,157m,3%,3.925,1741Mi,29%,1024,25,25.6,0
Sun 18:09:00,127m,3%,3.175,1741Mi,29%,1024,25,25.6,0
Sun 18:10:00,156m,3%,3.9,1741Mi,29%,1161,29,29.025,0
Sun 18:11:00,170m,4%,4.25,1744Mi,30%,1161,29,29.025,0
Sun 18:12:00,131m,3%,3.275,1744Mi,30%,1161,29,29.025,0
Sun 18:13:00,157m,3%,3.925,1744Mi,30%,1161,29,29.025,0
Sun 18:14:00,161m,4%,4.025,1744Mi,30%,1161,29,29.025,0
Sun 18:15:00,138m,3%,3.45,1744Mi,30%,1161,29,29.025,0
Sun 18:16:00,160m,4%,4,1744Mi,30%,1161,29,29.025,0
Sun 18:17:00,159m,3%,3.975,1744Mi,30%,1161,29,29.025,0
Sun 18:18:00,136m,3%,3.4,1744Mi,30%,1161,29,29.025,0
Sun 18:19:00,159m,3%,3.975,1745Mi,30%,1161,29,29.025,0
Sun 18:20:00,168m,4%,4.2,1750Mi,30%,1161,29,29.025,0
Sun 18:21:00,137m,3%,3.425,1744Mi,30%,1161,29,29.025,0
Sun 18:22:00,159m,3%,3.975,1745Mi,30%,1161,29,29.025,0
Sun 18:23:00,166m,4%,4.15,1745Mi,30%,1161,29,29.025,0
Sun 18:24:00,140m,3%,3.5,1745Mi,30%,1024,25,25.6,0
Sun 18:25:00,204m,5%,5.1,1742Mi,29%,1024,25,25.6,0
Sun 18:26:00,131m,3%,3.275,1742Mi,29%,1024,25,25.6,0
Sun 18:27:00,164m,4%,4.1,1742Mi,29%,1024,25,25.6,0
Sun 18:28:00,151m,3%,3.775,1743Mi,29%,1024,25,25.6,0
Sun 18:29:00,123m,3%,3.075,1743Mi,29%,1024,25,25.6,0
Sun 18:30:00,152m,3%,3.8,1743Mi,29%,1024,25,25.6,0
Sun 18:31:00,153m,3%,3.825,1743Mi,29%,1024,25,25.6,0
Sun 18:32:00,119m,2%,2.975,1742Mi,29%,1024,25,25.6,0
Sun 18:33:00,149m,3%,3.725,1742Mi,29%,1024,25,25.6,0
Sun 18:34:00,162m,4%,4.05,1742Mi,29%,887,22,22.175,0
Sun 18:35:00,159m,3%,3.975,1740Mi,29%,887,22,22.175,0
Sun 18:36:00,158m,3%,3.95,1740Mi,29%,887,22,22.175,0
Sun 18:37:00,113m,2%,2.825,1740Mi,29%,1024,25,25.6,0
Sun 18:38:00,168m,4%,4.2,1743Mi,30%,1024,25,25.6,0
Sun 18:39:00,163m,4%,4.075,1742Mi,29%,887,22,22.175,0
Sun 18:40:00,175m,4%,4.375,1740Mi,29%,887,22,22.175,0
Sun 18:41:00,173m,4%,4.325,1739Mi,29%,887,22,22.175,0
Sun 18:42:00,130m,3%,3.25,1740Mi,29%,887,22,22.175,0
Sun 18:43:00,177m,4%,4.425,1740Mi,29%,887,22,22.175,0
Sun 18:44:00,173m,4%,4.325,1740Mi,29%,887,22,22.175,0
Sun 18:45:00,136m,3%,3.4,1740Mi,29%,887,22,22.175,0
Sun 18:46:01,251m,6%,6.275,1739Mi,29%,1024,25,25.6,2
Sun 18:47:00,283m,7%,7.075,1739Mi,29%,1024,25,25.6,0
Sun 18:48:00,236m,5%,5.9,1742Mi,29%,1024,25,25.6,0
Sun 18:49:01,300m,7%,7.5,1743Mi,29%,1024,25,25.6,0
Sun 18:50:01,346m,8%,8.65,1743Mi,29%,1024,25,25.6,0
Sun 18:51:01,241m,6%,6.025,1743Mi,30%,1161,29,29.025,0
Sun 18:52:00,405m,10%,10.125,1747Mi,30%,1161,29,29.025,0
Sun 18:53:01,352m,8%,8.8,1746Mi,30%,1161,29,29.025,0
Sun 18:54:00,248m,6%,6.2,1746Mi,30%,1161,29,29.025,0
Sun 18:55:00,353m,8%,8.825,1746Mi,30%,1161,29,29.025,0
Sun 18:56:00,357m,8%,8.925,1746Mi,30%,1161,29,29.025,0
Sun 18:57:00,268m,6%,6.7,1746Mi,30%,1161,29,29.025,0
Sun 18:58:00,357m,8%,8.925,1746Mi,30%,1161,29,29.025,0
Sun 18:59:01,328m,8%,8.2,1752Mi,30%,1161,29,29.025,0
Sun 19:00:00,247m,6%,6.175,1746Mi,30%,1298,32,32.45,0
Sun 19:01:01,366m,9%,9.15,1750Mi,30%,1298,32,32.45,0
Sun 19:02:01,363m,9%,9.075,1749Mi,30%,1298,32,32.45,0
Sun 19:03:01,227m,5%,5.675,1749Mi,30%,1298,32,32.45,0
Sun 19:04:01,361m,9%,9.025,1749Mi,30%,1298,32,32.45,0
Sun 19:05:01,328m,8%,8.2,1749Mi,30%,1435,35,35.875,2
Sun 19:06:01,242m,6%,6.05,1749Mi,30%,1298,32,32.45,0
Sun 19:07:00,526m,13%,13.15,1750Mi,30%,1298,32,32.45,0
Sun 19:08:01,234m,5%,5.85,1750Mi,30%,1435,35,35.875,0
Sun 19:09:00,401m,10%,10.025,1754Mi,30%,1435,35,35.875,0
Sun 19:10:00,361m,9%,9.025,1753Mi,30%,1435,35,35.875,0
Sun 19:11:01,235m,5%,5.875,1753Mi,30%,1435,35,35.875,0
Sun 19:12:00,377m,9%,9.425,1753Mi,30%,1435,35,35.875,0
Sun 19:13:01,361m,9%,9.025,1753Mi,30%,1572,39,39.3,0
Sun 19:14:00,268m,6%,6.7,1757Mi,30%,1572,39,39.3,0
Sun 19:15:01,319m,7%,7.975,1756Mi,30%,1435,35,35.875,0
Sun 19:16:01,402m,10%,10.05,1765Mi,30%,1435,35,35.875,0
Sun 19:17:00,223m,5%,5.575,1754Mi,30%,1435,35,35.875,0
Sun 19:18:01,324m,8%,8.1,1754Mi,30%,1435,35,35.875,0
Sun 19:19:00,346m,8%,8.65,1754Mi,30%,1435,35,35.875,0
Sun 19:20:01,278m,6%,6.95,1754Mi,30%,1298,32,32.45,0
Sun 19:21:00,540m,13%,13.5,1751Mi,30%,1435,35,35.875,0
Sun 19:22:01,301m,7%,7.525,1755Mi,30%,1435,35,35.875,0
Sun 19:23:01,373m,9%,9.325,1754Mi,30%,1435,35,35.875,0
Sun 19:24:00,386m,9%,9.65,1755Mi,30%,1572,39,39.3,0
Sun 19:25:01,284m,7%,7.1,1758Mi,30%,1572,39,39.3,0
Sun 19:26:01,305m,7%,7.625,1758Mi,30%,1709,42,42.725,0
Sun 19:27:00,372m,9%,9.3,1762Mi,30%,1709,42,42.725,0
Sun 19:28:00,263m,6%,6.575,1761Mi,30%,1709,42,42.725,0
Sun 19:29:01,375m,9%,9.375,1761Mi,30%,1709,42,42.725,0
Sun 19:30:00,589m,14%,14.725,1761Mi,30%,1709,42,42.725,0
Sun 19:31:01,258m,6%,6.45,1761Mi,30%,1709,42,42.725,0
Sun 19:32:01,415m,10%,10.375,1761Mi,30%,1709,42,42.725,0
Sun 19:33:01,427m,10%,10.675,1761Mi,30%,1709,42,42.725,0
Sun 19:34:01,268m,6%,6.7,1761Mi,30%,1572,39,39.3,0
Sun 19:35:00,548m,13%,13.7,1759Mi,30%,1572,39,39.3,0
Sun 19:36:00,295m,7%,7.375,1758Mi,30%,1572,39,39.3,0
Sun 19:37:00,400m,10%,10,1758Mi,30%,1435,35,35.875,0
Sun 19:38:00,437m,10%,10.925,1755Mi,30%,1435,35,35.875,0
Sun 19:39:00,251m,6%,6.275,1755Mi,30%,1572,39,39.3,0
Sun 19:40:00,442m,11%,11.05,1759Mi,30%,1572,39,39.3,0
Sun 19:41:00,415m,10%,10.375,1764Mi,30%,1572,39,39.3,0
Sun 19:42:01,242m,6%,6.05,1759Mi,30%,1572,39,39.3,0
Sun 19:43:01,605m,15%,15.125,1758Mi,30%,1572,39,39.3,0
Sun 19:44:00,251m,6%,6.275,1774Mi,30%,1572,39,39.3,0
Sun 19:45:00,441m,11%,11.025,1759Mi,30%,1572,39,39.3,0
Sun 19:46:01,416m,10%,10.4,1759Mi,30%,1572,39,39.3,0
Sun 19:47:00,250m,6%,6.25,1759Mi,30%,1572,39,39.3,0
Sun 19:48:01,437m,10%,10.925,1759Mi,30%,1572,39,39.3,0
Sun 19:49:00,414m,10%,10.35,1759Mi,30%,1572,39,39.3,0
Sun 19:50:01,259m,6%,6.475,1759Mi,30%,1435,35,35.875,0
Sun 19:51:00,635m,15%,15.875,1756Mi,30%,1435,35,35.875,0
Sun 19:52:01,256m,6%,6.4,1756Mi,30%,1572,39,39.3,0
Sun 19:53:00,379m,9%,9.475,1760Mi,30%,1435,35,35.875,0
Sun 19:54:00,246m,6%,6.15,1756Mi,30%,1435,35,35.875,0
Sun 19:55:00,210m,5%,5.25,1756Mi,30%,1298,32,32.45,0
Sun 19:56:00,223m,5%,5.575,1753Mi,30%,1298,32,32.45,0
Sun 19:57:00,127m,3%,3.175,1753Mi,30%,1298,32,32.45,0
Sun 19:58:00,202m,5%,5.05,1753Mi,30%,1298,32,32.45,0
Sun 19:59:00,222m,5%,5.55,1753Mi,30%,1298,32,32.45,0
Sun 20:00:00,201m,5%,5.025,1753Mi,30%,1435,35,35.875,0
Sun 20:01:00,139m,3%,3.475,1757Mi,30%,1435,35,35.875,0
Sun 20:02:00,201m,5%,5.025,1756Mi,30%,1435,35,35.875,0
Sun 20:03:00,203m,5%,5.075,1756Mi,30%,1435,35,35.875,0
Sun 20:04:00,131m,3%,3.275,1756Mi,30%,1435,35,35.875,0
Sun 20:05:00,231m,5%,5.775,1756Mi,30%,1435,35,35.875,0
Sun 20:06:00,211m,5%,5.275,1756Mi,30%,1435,35,35.875,0
Sun 20:07:00,125m,3%,3.125,1756Mi,30%,1572,39,39.3,0
Sun 20:08:00,219m,5%,5.475,1759Mi,30%,1435,35,35.875,0
Sun 20:09:00,293m,7%,7.325,1756Mi,30%,1435,35,35.875,0
Sun 20:10:00,125m,3%,3.125,1756Mi,30%,1572,39,39.3,0
Sun 20:11:00,220m,5%,5.5,1760Mi,30%,1435,35,35.875,0
Sun 20:12:00,211m,5%,5.275,1756Mi,30%,1435,35,35.875,0
Sun 20:13:00,203m,5%,5.075,1756Mi,30%,1572,39,39.3,0
Sun 20:14:00,134m,3%,3.35,1759Mi,30%,1572,39,39.3,0
Sun 20:15:00,212m,5%,5.3,1760Mi,30%,1572,39,39.3,0
Sun 20:16:00,208m,5%,5.2,1760Mi,30%,1572,39,39.3,0
Sun 20:17:01,122m,3%,3.05,1760Mi,30%,1709,42,42.725,0
Sun 20:18:00,223m,5%,5.575,1763Mi,30%,1709,42,42.725,0
Sun 20:19:00,209m,5%,5.225,1763Mi,30%,1709,42,42.725,0
Sun 20:20:00,127m,3%,3.175,1763Mi,30%,1846,46,46.15,0
Sun 20:21:00,220m,5%,5.5,1767Mi,30%,1709,42,42.725,0
Sun 20:22:00,296m,7%,7.4,1763Mi,30%,1709,42,42.725,0
Sun 20:23:00,126m,3%,3.15,1763Mi,30%,1846,46,46.15,0
Sun 20:24:00,224m,5%,5.6,1767Mi,30%,1846,46,46.15,0
Sun 20:25:00,213m,5%,5.325,1766Mi,30%,1846,46,46.15,0
Sun 20:26:00,128m,3%,3.2,1767Mi,30%,1709,42,42.725,0
Sun 20:27:00,295m,7%,7.375,1763Mi,30%,1709,42,42.725,0
Sun 20:28:00,133m,3%,3.325,1763Mi,30%,1709,42,42.725,0
Sun 20:29:00,211m,5%,5.275,1764Mi,30%,1572,39,39.3,0
Sun 20:30:00,214m,5%,5.35,1761Mi,30%,1709,42,42.725,0
Sun 20:31:00,226m,5%,5.65,1764Mi,30%,1709,42,42.725,0
Sun 20:32:00,124m,3%,3.1,1763Mi,30%,1709,42,42.725,0
Sun 20:33:00,213m,5%,5.325,1763Mi,30%,1846,46,46.15,0
Sun 20:34:00,223m,5%,5.575,1767Mi,30%,1846,46,46.15,0
Sun 20:35:00,126m,3%,3.15,1767Mi,30%,1846,46,46.15,0
Sun 20:36:00,213m,5%,5.325,1767Mi,30%,1709,42,42.725,0
Sun 20:37:00,219m,5%,5.475,1764Mi,30%,1846,46,46.15,0
Sun 20:38:00,228m,5%,5.7,1767Mi,30%,1846,46,46.15,0
Sun 20:39:00,127m,3%,3.175,1766Mi,30%,1709,42,42.725,0
Sun 20:40:00,302m,7%,7.55,1764Mi,30%,1846,46,46.15,0
Sun 20:41:00,228m,5%,5.7,1767Mi,30%,1846,46,46.15,0
Sun 20:42:00,136m,3%,3.4,1767Mi,30%,1709,42,42.725,0
Sun 20:43:00,345m,8%,8.625,1764Mi,30%,1846,46,46.15,0
Sun 20:44:00,152m,3%,3.8,1767Mi,30%,1846,46,46.15,0
Sun 20:45:00,216m,5%,5.4,1767Mi,30%,1846,46,46.15,0
Sun 20:46:00,215m,5%,5.375,1767Mi,30%,1709,42,42.725,0
Sun 20:47:00,214m,5%,5.35,1764Mi,30%,1709,42,42.725,0
Sun 20:48:00,223m,5%,5.575,1764Mi,30%,1709,42,42.725,0
Sun 20:49:00,133m,3%,3.325,1772Mi,30%,1572,39,39.3,0
Sun 20:50:00,302m,7%,7.55,1761Mi,30%,1709,42,42.725,0
Sun 20:51:00,238m,5%,5.95,1764Mi,30%,1709,42,42.725,0
Sun 20:52:00,148m,3%,3.7,1777Mi,30%,1572,39,39.3,0
Sun 20:53:00,301m,7%,7.525,1760Mi,30%,1572,39,39.3,0
Sun 20:54:00,137m,3%,3.425,1761Mi,30%,1572,39,39.3,0
Sun 20:55:00,246m,6%,6.15,1761Mi,30%,1572,39,39.3,0
Sun 20:56:00,238m,5%,5.95,1761Mi,30%,1572,39,39.3,0
Sun 20:57:00,147m,3%,3.675,1761Mi,30%,1709,42,42.725,0
Sun 20:58:00,266m,6%,6.65,1768Mi,30%,1709,42,42.725,0
Sun 20:59:00,247m,6%,6.175,1768Mi,30%,1572,39,39.3,0
Sun 21:00:00,252m,6%,6.3,1765Mi,30%,1709,42,42.725,0
Sun 21:01:00,267m,6%,6.675,1769Mi,30%,1709,42,42.725,0
Sun 21:02:01,153m,3%,3.825,1768Mi,30%,1572,39,39.3,0
Sun 21:03:00,357m,8%,8.925,1765Mi,30%,1572,39,39.3,0
Sun 21:04:00,144m,3%,3.6,1766Mi,30%,1709,42,42.725,0
Sun 21:05:00,255m,6%,6.375,1768Mi,30%,1709,42,42.725,0
Sun 21:06:00,248m,6%,6.2,1768Mi,30%,1572,39,39.3,0
Sun 21:07:00,244m,6%,6.1,1765Mi,30%,1572,39,39.3,0
Sun 21:08:00,245m,6%,6.125,1765Mi,30%,1572,39,39.3,0
Sun 21:09:00,150m,3%,3.75,1765Mi,30%,1572,39,39.3,0
Sun 21:10:00,371m,9%,9.275,1765Mi,30%,1572,39,39.3,0
Sun 21:11:00,247m,6%,6.175,1770Mi,30%,1572,39,39.3,0
Sun 21:12:00,143m,3%,3.575,1766Mi,30%,1435,35,35.875,0
Sun 21:13:00,355m,8%,8.875,1762Mi,30%,1572,39,39.3,0
Sun 21:14:01,161m,4%,4.025,1766Mi,30%,1572,39,39.3,0
Sun 21:15:00,248m,6%,6.2,1765Mi,30%,1572,39,39.3,0
Sun 21:16:00,240m,6%,6,1765Mi,30%,1572,39,39.3,0
Sun 21:17:00,150m,3%,3.75,1765Mi,30%,1709,42,42.725,0
Sun 21:18:00,264m,6%,6.6,1769Mi,30%,1709,42,42.725,0
Sun 21:19:00,247m,6%,6.175,1768Mi,30%,1572,39,39.3,0
Sun 21:20:00,254m,6%,6.35,1765Mi,30%,1572,39,39.3,0
Sun 21:21:00,246m,6%,6.15,1766Mi,30%,1572,39,39.3,0
Sun 21:22:00,142m,3%,3.55,1765Mi,30%,1709,42,42.725,0
Sun 21:23:00,263m,6%,6.575,1768Mi,30%,1709,42,42.725,0
Sun 21:24:00,253m,6%,6.325,1768Mi,30%,1709,42,42.725,0
Sun 21:25:01,147m,3%,3.675,1769Mi,30%,1709,42,42.725,0
Sun 21:26:00,249m,6%,6.225,1769Mi,30%,1572,39,39.3,0
Sun 21:27:00,262m,6%,6.55,1766Mi,30%,1572,39,39.3,0
Sun 21:28:00,251m,6%,6.275,1766Mi,30%,1572,39,39.3,0
Sun 21:29:00,145m,3%,3.625,1765Mi,30%,1435,35,35.875,0
Sun 21:30:00,355m,8%,8.875,1762Mi,30%,1435,35,35.875,0
Sun 21:31:00,261m,6%,6.525,1762Mi,30%,1435,35,35.875,0
Sun 21:32:00,144m,3%,3.6,1762Mi,30%,1435,35,35.875,0
Sun 21:33:00,256m,6%,6.4,1762Mi,30%,1298,32,32.45,0
Sun 21:34:00,366m,9%,9.15,1759Mi,30%,1435,35,35.875,0
Sun 21:35:00,160m,4%,4,1763Mi,30%,1435,35,35.875,0
Sun 21:36:00,248m,6%,6.2,1762Mi,30%,1435,35,35.875,0
Sun 21:37:01,250m,6%,6.25,1762Mi,30%,1435,35,35.875,0
Sun 21:38:01,123m,3%,3.075,1762Mi,30%,1298,32,32.45,0
Sun 21:39:01,230m,5%,5.75,1759Mi,30%,1435,35,35.875,0
Sun 21:40:00,241m,6%,6.025,1762Mi,30%,1435,35,35.875,0
Sun 21:41:00,136m,3%,3.4,1762Mi,30%,1435,35,35.875,0
Sun 21:42:00,211m,5%,5.275,1762Mi,30%,1298,32,32.45,0
Sun 21:43:00,237m,5%,5.925,1759Mi,30%,1435,35,35.875,0
Sun 21:44:00,234m,5%,5.85,1762Mi,30%,1435,35,35.875,0
Sun 21:45:00,123m,3%,3.075,1762Mi,30%,1435,35,35.875,0
Sun 21:46:00,222m,5%,5.55,1762Mi,30%,1298,32,32.45,0
Sun 21:47:00,316m,7%,7.9,1759Mi,30%,1435,35,35.875,0
Sun 21:48:00,140m,3%,3.5,1762Mi,30%,1435,35,35.875,0
Sun 21:49:00,236m,5%,5.9,1762Mi,30%,1435,35,35.875,0
Sun 21:50:00,236m,5%,5.9,1762Mi,30%,1298,32,32.45,0
Sun 21:51:00,226m,5%,5.65,1759Mi,30%,1298,32,32.45,0
Sun 21:52:01,145m,3%,3.625,1759Mi,30%,1298,32,32.45,0
Sun 21:53:00,227m,5%,5.675,1759Mi,30%,1298,32,32.45,0
Sun 21:54:00,225m,5%,5.625,1759Mi,30%,1298,32,32.45,0
Sun 21:55:00,126m,3%,3.15,1759Mi,30%,1298,32,32.45,0
Sun 21:56:00,221m,5%,5.525,1759Mi,30%,1435,35,35.875,0
Sun 21:57:00,244m,6%,6.1,1762Mi,30%,1435,35,35.875,0
Sun 21:58:00,124m,3%,3.1,1762Mi,30%,1435,35,35.875,0
Sun 21:59:00,224m,5%,5.6,1762Mi,30%,1435,35,35.875,0
Sun 22:00:00,227m,5%,5.675,1762Mi,30%,1435,35,35.875,0
Sun 22:01:00,140m,3%,3.5,1779Mi,30%,1435,35,35.875,0
Sun 22:02:00,222m,5%,5.55,1762Mi,30%,1435,35,35.875,0
Sun 22:03:00,224m,5%,5.6,1762Mi,30%,1298,32,32.45,0
Sun 22:04:00,238m,5%,5.95,1759Mi,30%,1298,32,32.45,0
Sun 22:05:00,150m,3%,3.75,1775Mi,30%,1298,32,32.45,0
Sun 22:06:00,218m,5%,5.45,1759Mi,30%,1298,32,32.45,0
Sun 22:07:00,230m,5%,5.75,1759Mi,30%,1298,32,32.45,0
Sun 22:08:00,124m,3%,3.1,1759Mi,30%,1298,32,32.45,0
Sun 22:09:00,248m,6%,6.2,1759Mi,30%,1298,32,32.45,0
Sun 22:10:00,230m,5%,5.75,1758Mi,30%,1298,32,32.45,0
Sun 22:11:00,178m,4%,4.45,1759Mi,30%,1298,32,32.45,0
Sun 22:12:00,171m,4%,4.275,1759Mi,30%,1298,32,32.45,0
Sun 22:13:00,306m,7%,7.65,1759Mi,30%,1298,32,32.45,0
Sun 22:14:00,232m,5%,5.8,1764Mi,30%,1298,32,32.45,0
Sun 22:15:00,122m,3%,3.05,1759Mi,30%,1298,32,32.45,0
Sun 22:16:00,255m,6%,6.375,1759Mi,30%,1161,29,29.025,0
Sun 22:17:00,309m,7%,7.725,1756Mi,30%,1161,29,29.025,0
Sun 22:18:00,138m,3%,3.45,1756Mi,30%,1161,29,29.025,0
Sun 22:19:01,258m,6%,6.45,1755Mi,30%,1161,29,29.025,0
Sun 22:20:00,262m,6%,6.55,1756Mi,30%,1298,32,32.45,0
Sun 22:21:00,156m,3%,3.9,1759Mi,30%,1298,32,32.45,0
Sun 22:22:00,258m,6%,6.45,1758Mi,30%,1298,32,32.45,0
Sun 22:23:00,256m,6%,6.4,1759Mi,30%,1298,32,32.45,0
Sun 22:24:00,139m,3%,3.475,1759Mi,30%,1435,35,35.875,0
Sun 22:25:00,279m,6%,6.975,1762Mi,30%,1298,32,32.45,0
Sun 22:26:00,262m,6%,6.55,1759Mi,30%,1298,32,32.45,0
Sun 22:27:00,265m,6%,6.625,1759Mi,30%,1298,32,32.45,0
Sun 22:28:00,139m,3%,3.475,1759Mi,30%,1435,35,35.875,0
Sun 22:29:00,281m,7%,7.025,1763Mi,30%,1435,35,35.875,0
Sun 22:30:00,246m,6%,6.15,1762Mi,30%,1435,35,35.875,0
Sun 22:31:00,133m,3%,3.325,1762Mi,30%,1435,35,35.875,0
Sun 22:32:00,252m,6%,6.3,1762Mi,30%,1435,35,35.875,0
Sun 22:33:00,266m,6%,6.65,1762Mi,30%,1435,35,35.875,0
Sun 22:34:00,140m,3%,3.5,1762Mi,30%,1435,35,35.875,0
Sun 22:35:00,264m,6%,6.6,1762Mi,30%,1435,35,35.875,0
Sun 22:36:00,262m,6%,6.55,1762Mi,30%,1572,39,39.3,0
Sun 22:37:00,156m,3%,3.9,1766Mi,30%,1435,35,35.875,0
Sun 22:38:00,387m,9%,9.675,1762Mi,30%,1435,35,35.875,0
Sun 22:39:00,268m,6%,6.7,1763Mi,30%,1435,35,35.875,0
Sun 22:40:00,140m,3%,3.5,1763Mi,30%,1435,35,35.875,0
Sun 22:41:00,274m,6%,6.85,1762Mi,30%,1298,32,32.45,0
Sun 22:42:00,272m,6%,6.8,1759Mi,30%,1298,32,32.45,0
Sun 22:43:00,267m,6%,6.675,1759Mi,30%,1298,32,32.45,0
Sun 22:44:00,140m,3%,3.5,1759Mi,30%,1298,32,32.45,0
Sun 22:45:00,274m,6%,6.85,1759Mi,30%,1298,32,32.45,0
Sun 22:46:00,259m,6%,6.475,1759Mi,30%,1298,32,32.45,0
Sun 22:47:00,142m,3%,3.55,1759Mi,30%,1298,32,32.45,0
Sun 22:48:00,269m,6%,6.725,1759Mi,30%,1435,35,35.875,0
Sun 22:49:00,290m,7%,7.25,1762Mi,30%,1298,32,32.45,0
Sun 22:50:00,279m,6%,6.975,1759Mi,30%,1298,32,32.45,0
Sun 22:51:00,273m,6%,6.825,1759Mi,30%,1298,32,32.45,0
Sun 22:52:00,143m,3%,3.575,1759Mi,30%,1298,32,32.45,0
Sun 22:53:00,270m,6%,6.75,1759Mi,30%,1161,29,29.025,0
Sun 22:54:00,276m,6%,6.9,1756Mi,30%,1161,29,29.025,0
Sun 22:55:00,272m,6%,6.8,1756Mi,30%,1161,29,29.025,0
Sun 22:56:00,139m,3%,3.475,1757Mi,30%,1298,32,32.45,0
Sun 22:57:00,298m,7%,7.45,1760Mi,30%,1161,29,29.025,0
Sun 22:58:00,276m,6%,6.9,1756Mi,30%,1161,29,29.025,0
Sun 22:59:00,276m,6%,6.9,1756Mi,30%,1161,29,29.025,0
Sun 23:00:00,134m,3%,3.35,1756Mi,30%,1161,29,29.025,0
Sun 23:01:01,282m,7%,7.05,1756Mi,30%,1161,29,29.025,0
Sun 23:02:00,273m,6%,6.825,1756Mi,30%,1161,29,29.025,0
Sun 23:03:00,141m,3%,3.525,1756Mi,30%,1161,29,29.025,0
Sun 23:04:00,278m,6%,6.95,1756Mi,30%,1298,32,32.45,0
Sun 23:05:00,290m,7%,7.25,1760Mi,30%,1161,29,29.025,0
Sun 23:06:00,286m,7%,7.15,1757Mi,30%,1161,29,29.025,0
Sun 23:07:00,276m,6%,6.9,1757Mi,30%,1298,32,32.45,0
Sun 23:08:00,153m,3%,3.825,1760Mi,30%,1298,32,32.45,0
Sun 23:09:00,281m,7%,7.025,1759Mi,30%,1298,32,32.45,0
Sun 23:10:00,279m,6%,6.975,1760Mi,30%,1298,32,32.45,0
Sun 23:11:00,140m,3%,3.5,1760Mi,30%,1435,35,35.875,0
Sun 23:12:00,299m,7%,7.475,1763Mi,30%,1435,35,35.875,0
Sun 23:13:01,284m,7%,7.1,1763Mi,30%,1435,35,35.875,0
Sun 23:14:00,142m,3%,3.55,1763Mi,30%,1572,39,39.3,0
Sun 23:15:00,295m,7%,7.375,1767Mi,30%,1572,39,39.3,0
Sun 23:16:00,278m,6%,6.95,1766Mi,30%,1572,39,39.3,0
Sun 23:17:00,152m,3%,3.8,1770Mi,30%,1435,35,35.875,0
Sun 23:18:00,414m,10%,10.35,1763Mi,30%,1435,35,35.875,0
Sun 23:19:00,289m,7%,7.225,1764Mi,30%,1435,35,35.875,0
Sun 23:20:00,165m,4%,4.125,1780Mi,30%,1435,35,35.875,0
Sun 23:21:00,275m,6%,6.875,1764Mi,30%,1572,39,39.3,0
Sun 23:22:00,302m,7%,7.55,1767Mi,30%,1572,39,39.3,0
Sun 23:23:00,145m,3%,3.625,1767Mi,30%,1572,39,39.3,0
Sun 23:24:00,285m,7%,7.125,1767Mi,30%,1572,39,39.3,0
Sun 23:25:00,283m,7%,7.075,1767Mi,30%,1572,39,39.3,0
Sun 23:26:00,305m,7%,7.625,1767Mi,30%,1572,39,39.3,0
Sun 23:27:00,286m,7%,7.15,1767Mi,30%,1572,39,39.3,0
Sun 23:28:00,139m,3%,3.475,1767Mi,30%,1572,39,39.3,0
Sun 23:29:00,282m,7%,7.05,1767Mi,30%,1572,39,39.3,0
Sun 23:30:00,284m,7%,7.1,1767Mi,30%,1572,39,39.3,0
Sun 23:31:00,145m,3%,3.625,1767Mi,30%,1572,39,39.3,0
Sun 23:32:00,283m,7%,7.075,1767Mi,30%,1572,39,39.3,0
Sun 23:33:00,301m,7%,7.525,1770Mi,30%,1572,39,39.3,0
Sun 23:34:00,293m,7%,7.325,1767Mi,30%,1572,39,39.3,0
Sun 23:35:00,282m,7%,7.05,1767Mi,30%,1709,42,42.725,0
Sun 23:36:00,301m,7%,7.525,1771Mi,30%,1572,39,39.3,0
Sun 23:37:00,295m,7%,7.375,1767Mi,30%,1572,39,39.3,0
Sun 23:38:00,288m,7%,7.2,1767Mi,30%,1572,39,39.3,0
Sun 23:39:01,145m,3%,3.625,1768Mi,30%,1435,35,35.875,0
Sun 23:40:00,300m,7%,7.5,1767Mi,30%,1435,35,35.875,0
Sun 23:41:00,294m,7%,7.35,1764Mi,30%,1435,35,35.875,0
Sun 23:42:00,289m,7%,7.225,1763Mi,30%,1435,35,35.875,0
Sun 23:43:00,251m,6%,6.275,1764Mi,30%,1298,32,32.45,0
Sun 23:44:00,337m,8%,8.425,1760Mi,30%,1298,32,32.45,0
Sun 23:45:00,199m,4%,4.975,1761Mi,30%,1298,32,32.45,0
Sun 23:46:00,231m,5%,5.775,1761Mi,30%,1435,35,35.875,0
Sun 23:47:00,308m,7%,7.7,1763Mi,30%,1435,35,35.875,0
Sun 23:48:00,202m,5%,5.05,1763Mi,30%,1435,35,35.875,0
Sun 23:49:00,234m,5%,5.85,1764Mi,30%,1435,35,35.875,0
Sun 23:50:00,300m,7%,7.5,1764Mi,30%,1298,32,32.45,0
Sun 23:51:01,292m,7%,7.3,1760Mi,30%,1298,32,32.45,0
Sun 23:52:00,168m,4%,4.2,1760Mi,30%,1298,32,32.45,0
Sun 23:53:00,263m,6%,6.575,1761Mi,30%,1435,35,35.875,0
Sun 23:54:00,315m,7%,7.875,1763Mi,30%,1298,32,32.45,0
Sun 23:55:00,300m,7%,7.5,1760Mi,30%,1298,32,32.45,0
Sun 23:56:00,293m,7%,7.325,1760Mi,30%,1298,32,32.45,0
Sun 23:57:00,167m,4%,4.175,1760Mi,30%,1298,32,32.45,0
Sun 23:58:00,275m,6%,6.875,1760Mi,30%,1298,32,32.45,0
Sun 23:59:00,296m,7%,7.4,1760Mi,30%,1298,32,32.45,0
Mon 00:00:00,156m,3%,3.9,1760Mi,30%,1298,32,32.45,0
Mon 00:01:00,288m,7%,7.2,1765Mi,30%,1161,29,29.025,0
Mon 00:02:00,319m,7%,7.975,1757Mi,30%,1161,29,29.025,0
Mon 00:03:00,299m,7%,7.475,1757Mi,30%,1161,29,29.025,0
Mon 00:04:00,129m,3%,3.225,1757Mi,30%,1024,25,25.6,0
Mon 00:05:00,430m,10%,10.75,1755Mi,30%,1024,25,25.6,0
Mon 00:06:00,120m,3%,3,1755Mi,30%,1024,25,25.6,0
Mon 00:07:00,266m,6%,6.65,1754Mi,30%,1024,25,25.6,0
Mon 00:08:00,268m,6%,6.7,1754Mi,30%,1024,25,25.6,0
Mon 00:09:00,118m,2%,2.95,1754Mi,30%,1161,29,29.025,0
Mon 00:10:00,281m,7%,7.025,1757Mi,30%,1161,29,29.025,0
Mon 00:11:00,269m,6%,6.725,1757Mi,30%,1161,29,29.025,0
Mon 00:12:00,122m,3%,3.05,1757Mi,30%,1161,29,29.025,0
Mon 00:13:00,263m,6%,6.575,1758Mi,30%,1161,29,29.025,0
Mon 00:14:00,269m,6%,6.725,1758Mi,30%,1298,32,32.45,0
Mon 00:15:00,139m,3%,3.475,1761Mi,30%,1161,29,29.025,0
Mon 00:16:00,421m,10%,10.525,1757Mi,30%,1161,29,29.025,0
Mon 00:17:00,269m,6%,6.725,1758Mi,30%,1161,29,29.025,0
Mon 00:18:00,122m,3%,3.05,1758Mi,30%,1298,32,32.45,0
Mon 00:19:00,284m,7%,7.1,1761Mi,30%,1298,32,32.45,0
Mon 00:20:00,269m,6%,6.725,1761Mi,30%,1298,32,32.45,0
Mon 00:21:00,118m,2%,2.95,1761Mi,30%,1298,32,32.45,0
Mon 00:22:00,270m,6%,6.75,1761Mi,30%,1161,29,29.025,0
Mon 00:23:00,272m,6%,6.8,1758Mi,30%,1298,32,32.45,0
Mon 00:24:00,285m,7%,7.125,1761Mi,30%,1298,32,32.45,0
Mon 00:25:00,120m,3%,3,1761Mi,30%,1298,32,32.45,0
Mon 00:26:00,272m,6%,6.8,1761Mi,30%,1298,32,32.45,0
Mon 00:27:00,275m,6%,6.875,1761Mi,30%,1435,35,35.875,2
Mon 00:28:01,133m,3%,3.325,1764Mi,30%,1435,35,35.875,0
Mon 00:29:00,273m,6%,6.825,1764Mi,30%,1435,35,35.875,0
Mon 00:30:00,273m,6%,6.825,1764Mi,30%,1435,35,35.875,0
Mon 00:31:00,125m,3%,3.125,1769Mi,30%,1435,35,35.875,0
Mon 00:32:00,267m,6%,6.675,1764Mi,30%,1435,35,35.875,0
Mon 00:33:00,278m,6%,6.95,1764Mi,30%,1435,35,35.875,0
Mon 00:34:00,137m,3%,3.425,1779Mi,30%,1435,35,35.875,0
Mon 00:35:00,260m,6%,6.5,1764Mi,30%,1435,35,35.875,0
Mon 00:36:00,302m,7%,7.55,1764Mi,30%,1435,35,35.875,0
Mon 00:37:00,121m,3%,3.025,1764Mi,30%,1572,39,39.3,0
Mon 00:38:00,290m,7%,7.25,1767Mi,30%,1435,35,35.875,0
Mon 00:39:00,279m,6%,6.975,1764Mi,30%,1435,35,35.875,0
Mon 00:40:00,254m,6%,6.35,1765Mi,30%,1435,35,35.875,0
Mon 00:41:00,145m,3%,3.625,1765Mi,30%,1572,39,39.3,0
Mon 00:42:00,288m,7%,7.2,1769Mi,30%,1572,39,39.3,0
Mon 00:43:00,256m,6%,6.4,1768Mi,30%,1435,35,35.875,0
Mon 00:44:00,295m,7%,7.375,1765Mi,30%,1435,35,35.875,0
Mon 00:45:00,275m,6%,6.875,1765Mi,30%,1435,35,35.875,0
Mon 00:46:00,124m,3%,3.1,1765Mi,30%,1572,39,39.3,0
Mon 00:47:00,293m,7%,7.325,1768Mi,30%,1435,35,35.875,0
Mon 00:48:00,430m,10%,10.75,1765Mi,30%,1435,35,35.875,0
Mon 00:49:00,128m,3%,3.2,1765Mi,30%,1435,35,35.875,0
Mon 00:50:00,274m,6%,6.85,1765Mi,30%,1572,39,39.3,0
Mon 00:51:00,272m,6%,6.8,1765Mi,30%,1572,39,39.3,0
Mon 00:52:00,138m,3%,3.45,1768Mi,30%,1435,35,35.875,0
Mon 00:53:01,431m,10%,10.775,1765Mi,30%,1435,35,35.875,0
Mon 00:54:00,275m,6%,6.875,1771Mi,30%,1435,35,35.875,0
Mon 00:55:00,123m,3%,3.075,1765Mi,30%,1435,35,35.875,0
Mon 00:56:00,280m,7%,7,1765Mi,30%,1298,32,32.45,0
Mon 00:57:00,375m,9%,9.375,1772Mi,30%,1298,32,32.45,0
Mon 00:58:00,185m,4%,4.625,1761Mi,30%,1298,32,32.45,0
Mon 00:59:00,333m,8%,8.325,1774Mi,30%,1298,32,32.45,0
Mon 01:00:00,272m,6%,6.8,1774Mi,30%,1435,35,35.875,0
Mon 01:01:00,139m,3%,3.475,1777Mi,30%,1435,35,35.875,0
Mon 01:02:00,277m,6%,6.925,1777Mi,30%,1435,35,35.875,0
Mon 01:03:00,279m,6%,6.975,1777Mi,30%,1435,35,35.875,0
Mon 01:04:00,122m,3%,3.05,1777Mi,30%,1435,35,35.875,0
Mon 01:05:00,285m,7%,7.125,1777Mi,30%,1435,35,35.875,0
Mon 01:06:00,280m,7%,7,1777Mi,30%,1298,32,32.45,0
Mon 01:07:00,285m,7%,7.125,1774Mi,30%,1298,32,32.45,0
Mon 01:08:00,281m,7%,7.025,1774Mi,30%,1435,35,35.875,0
Mon 01:09:00,136m,3%,3.4,1777Mi,30%,1435,35,35.875,0
Mon 01:10:00,281m,7%,7.025,1777Mi,30%,1298,32,32.45,0
Mon 01:11:00,442m,11%,11.05,1774Mi,30%,1298,32,32.45,0
Mon 01:12:00,125m,3%,3.125,1774Mi,30%,1298,32,32.45,0
Mon 01:13:00,286m,7%,7.15,1774Mi,30%,1298,32,32.45,0
Mon 01:14:00,283m,7%,7.075,1774Mi,30%,1298,32,32.45,0
Mon 01:15:00,121m,3%,3.025,1774Mi,30%,1161,29,29.025,0
Mon 01:16:00,443m,11%,11.075,1770Mi,30%,1298,32,32.45,0
Mon 01:17:00,294m,7%,7.35,1774Mi,30%,1298,32,32.45,0
Mon 01:18:00,120m,3%,3,1774Mi,30%,1298,32,32.45,0
Mon 01:19:00,284m,7%,7.1,1774Mi,30%,1161,29,29.025,0
Mon 01:20:01,449m,11%,11.225,1771Mi,30%,1298,32,32.45,0
Mon 01:21:00,137m,3%,3.425,1774Mi,30%,1298,32,32.45,0
Mon 01:22:00,284m,7%,7.1,1774Mi,30%,1298,32,32.45,0
Mon 01:23:00,280m,7%,7,1774Mi,30%,1298,32,32.45,0
Mon 01:24:00,120m,3%,3,1774Mi,30%,1298,32,32.45,0
Mon 01:25:00,289m,7%,7.225,1774Mi,30%,1298,32,32.45,0
Mon 01:26:00,284m,7%,7.1,1774Mi,30%,1298,32,32.45,0
Mon 01:27:00,126m,3%,3.15,1774Mi,30%,1298,32,32.45,0
Mon 01:28:00,283m,7%,7.075,1774Mi,30%,1298,32,32.45,0
Mon 01:29:00,295m,7%,7.375,1774Mi,30%,1161,29,29.025,0
Mon 01:30:00,292m,7%,7.3,1771Mi,30%,1161,29,29.025,0
Mon 01:31:00,286m,7%,7.15,1770Mi,30%,1161,29,29.025,0
Mon 01:32:00,117m,2%,2.925,1770Mi,30%,1161,29,29.025,0
Mon 01:33:00,293m,7%,7.325,1771Mi,30%,1161,29,29.025,0
Mon 01:34:00,290m,7%,7.25,1770Mi,30%,1161,29,29.025,0
Mon 01:35:00,120m,3%,3,1771Mi,30%,1161,29,29.025,0
Mon 01:36:00,289m,7%,7.225,1770Mi,30%,1161,29,29.025,0
Mon 01:37:00,296m,7%,7.4,1770Mi,30%,1024,25,25.6,0
Mon 01:38:00,294m,7%,7.35,1767Mi,30%,1024,25,25.6,0
Mon 01:39:00,294m,7%,7.35,1767Mi,30%,1024,25,25.6,0
Mon 01:40:00,116m,2%,2.9,1767Mi,30%,1161,29,29.025,0
Mon 01:41:00,310m,7%,7.75,1770Mi,30%,1161,29,29.025,0
Mon 01:42:00,290m,7%,7.25,1770Mi,30%,1161,29,29.025,0
Mon 01:43:00,119m,2%,2.975,1771Mi,30%,1161,29,29.025,0
Mon 01:44:01,291m,7%,7.275,1770Mi,30%,1298,32,32.45,0
Mon 01:45:00,310m,7%,7.75,1774Mi,30%,1161,29,29.025,0
Mon 01:46:00,294m,7%,7.35,1770Mi,30%,1161,29,29.025,0
Mon 01:47:00,292m,7%,7.3,1770Mi,30%,1161,29,29.025,0
Mon 01:48:00,116m,2%,2.9,1771Mi,30%,1298,32,32.45,0
Mon 01:49:00,307m,7%,7.675,1774Mi,30%,1161,29,29.025,0
Mon 01:50:00,299m,7%,7.475,1771Mi,30%,1161,29,29.025,0
Mon 01:51:00,291m,7%,7.275,1771Mi,30%,1161,29,29.025,0
Mon 01:52:00,130m,3%,3.25,1787Mi,30%,1298,32,32.45,0
Mon 01:53:00,300m,7%,7.5,1774Mi,30%,1298,32,32.45,0
Mon 01:54:00,295m,7%,7.375,1774Mi,30%,1298,32,32.45,0
Mon 01:55:00,125m,3%,3.125,1774Mi,30%,1298,32,32.45,0
Mon 01:56:00,287m,7%,7.175,1774Mi,30%,1435,35,35.875,0
Mon 01:57:00,315m,7%,7.875,1777Mi,30%,1435,35,35.875,0
Mon 01:58:00,121m,3%,3.025,1777Mi,30%,1435,35,35.875,0
Mon 01:59:00,299m,7%,7.475,1778Mi,30%,1435,35,35.875,0
Mon 02:00:00,297m,7%,7.425,1777Mi,30%,1572,39,39.3,0
Mon 02:01:00,140m,3%,3.5,1780Mi,30%,1572,39,39.3,0
Mon 02:02:00,295m,7%,7.375,1780Mi,30%,1572,39,39.3,0
Mon 02:03:00,298m,7%,7.45,1781Mi,30%,1572,39,39.3,0
Mon 02:04:00,122m,3%,3.05,1781Mi,30%,1572,39,39.3,0
Mon 02:05:00,304m,7%,7.6,1781Mi,30%,1572,39,39.3,0
Mon 02:06:00,299m,7%,7.475,1781Mi,30%,1572,39,39.3,0
Mon 02:07:00,124m,3%,3.1,1781Mi,30%,1572,39,39.3,0
Mon 02:08:00,299m,7%,7.475,1781Mi,30%,1709,42,42.725,0
Mon 02:09:00,319m,7%,7.975,1784Mi,30%,1572,39,39.3,0
Mon 02:10:00,306m,7%,7.65,1780Mi,30%,1572,39,39.3,0
Mon 02:11:00,301m,7%,7.525,1780Mi,30%,1572,39,39.3,0
Mon 02:12:01,123m,3%,3.075,1781Mi,30%,1572,39,39.3,0
Mon 02:13:00,309m,7%,7.725,1781Mi,30%,1435,35,35.875,0
Mon 02:14:00,310m,7%,7.75,1778Mi,30%,1435,35,35.875,0
Mon 02:15:00,302m,7%,7.55,1778Mi,30%,1435,35,35.875,0
Mon 02:16:00,123m,3%,3.075,1777Mi,30%,1435,35,35.875,0
Mon 02:17:00,310m,7%,7.75,1777Mi,30%,1298,32,32.45,0
Mon 02:18:00,307m,7%,7.675,1774Mi,30%,1298,32,32.45,0
Mon 02:19:00,298m,7%,7.45,1774Mi,30%,1298,32,32.45,0
Mon 02:20:00,122m,3%,3.05,1775Mi,30%,1435,35,35.875,0
Mon 02:21:00,323m,8%,8.075,1777Mi,30%,1298,32,32.45,0
Mon 02:22:00,309m,7%,7.725,1774Mi,30%,1298,32,32.45,0
Mon 02:23:00,307m,7%,7.675,1774Mi,30%,1298,32,32.45,0
Mon 02:24:00,122m,3%,3.05,1774Mi,30%,1435,35,35.875,0
Mon 02:25:00,322m,8%,8.05,1777Mi,30%,1298,32,32.45,0
Mon 02:26:00,307m,7%,7.675,1774Mi,30%,1298,32,32.45,0
Mon 02:27:00,310m,7%,7.75,1774Mi,30%,1298,32,32.45,0
Mon 02:28:00,118m,2%,2.95,1774Mi,30%,1298,32,32.45,0
Mon 02:29:00,311m,7%,7.775,1775Mi,30%,1161,29,29.025,0
Mon 02:30:00,310m,7%,7.75,1779Mi,30%,1161,29,29.025,0
Mon 02:31:00,305m,7%,7.625,1779Mi,30%,1161,29,29.025,0
Mon 02:32:00,117m,2%,2.925,1779Mi,30%,1161,29,29.025,0
Mon 02:33:00,315m,7%,7.875,1779Mi,30%,1161,29,29.025,0
Mon 02:34:00,308m,7%,7.7,1779Mi,30%,1161,29,29.025,0
Mon 02:35:00,119m,2%,2.975,1779Mi,30%,1161,29,29.025,0
Mon 02:36:00,303m,7%,7.575,1779Mi,30%,1298,32,32.45,0
Mon 02:37:00,325m,8%,8.125,1782Mi,30%,1161,29,29.025,0
Mon 02:38:00,312m,7%,7.8,1779Mi,30%,1161,29,29.025,0
Mon 02:39:00,310m,7%,7.75,1779Mi,30%,1161,29,29.025,0
Mon 02:40:00,120m,3%,3,1779Mi,30%,1298,32,32.45,0
Mon 02:41:00,325m,8%,8.125,1782Mi,30%,1298,32,32.45,0
Mon 02:42:00,310m,7%,7.75,1782Mi,30%,1298,32,32.45,0
Mon 02:43:00,121m,3%,3.025,1782Mi,30%,1298,32,32.45,0
Mon 02:44:00,307m,7%,7.675,1782Mi,30%,1435,35,35.875,0
Mon 02:45:00,328m,8%,8.2,1785Mi,30%,1435,35,35.875,0
Mon 02:46:00,123m,3%,3.075,1785Mi,30%,1435,35,35.875,0
Mon 02:47:00,310m,7%,7.75,1785Mi,30%,1435,35,35.875,0
Mon 02:48:00,311m,7%,7.775,1786Mi,30%,1572,39,39.3,0
Mon 02:49:00,141m,3%,3.525,1788Mi,30%,1435,35,35.875,0
Mon 02:50:00,329m,8%,8.225,1785Mi,30%,1435,35,35.875,0
Mon 02:51:00,310m,7%,7.75,1785Mi,30%,1435,35,35.875,0
Mon 02:52:00,123m,3%,3.075,1785Mi,30%,1572,39,39.3,0
Mon 02:53:00,329m,8%,8.225,1789Mi,30%,1435,35,35.875,0
Mon 02:54:00,320m,8%,8,1785Mi,30%,1435,35,35.875,0
Mon 02:55:00,314m,7%,7.85,1785Mi,30%,1435,35,35.875,0
Mon 02:56:00,121m,3%,3.025,1785Mi,30%,1572,39,39.3,0
Mon 02:57:00,336m,8%,8.4,1789Mi,30%,1572,39,39.3,0
Mon 02:58:00,306m,7%,7.65,1793Mi,30%,1572,39,39.3,0
Mon 02:59:00,124m,3%,3.1,1789Mi,30%,1572,39,39.3,0
Mon 03:00:00,314m,7%,7.85,1788Mi,30%,1709,42,42.725,0
Mon 03:01:01,330m,8%,8.25,1792Mi,30%,1709,42,42.725,0
Mon 03:02:00,127m,3%,3.175,1792Mi,30%,1846,46,46.15,0
Mon 03:03:00,331m,8%,8.275,1796Mi,30%,1846,46,46.15,0
Mon 03:04:00,319m,7%,7.975,1795Mi,30%,1846,46,46.15,0
Mon 03:05:00,126m,3%,3.15,1795Mi,30%,1709,42,42.725,0
Mon 03:06:00,370m,9%,9.25,1792Mi,30%,1709,42,42.725,0
Mon 03:07:00,318m,7%,7.95,1792Mi,30%,1846,46,46.15,0
Mon 03:08:00,147m,3%,3.675,1813Mi,31%,1846,46,46.15,0
Mon 03:09:00,316m,7%,7.9,1795Mi,30%,1709,42,42.725,0
Mon 03:10:00,323m,8%,8.075,1792Mi,30%,1709,42,42.725,0
Mon 03:11:00,329m,8%,8.225,1792Mi,30%,1709,42,42.725,0
Mon 03:12:00,127m,3%,3.175,1792Mi,30%,1709,42,42.725,0
Mon 03:13:00,324m,8%,8.1,1792Mi,30%,1572,39,39.3,0
Mon 03:14:00,331m,8%,8.275,1789Mi,30%,1572,39,39.3,0
Mon 03:15:00,325m,8%,8.125,1789Mi,30%,1709,42,42.725,0
Mon 03:16:00,141m,3%,3.525,1792Mi,30%,1709,42,42.725,0
Mon 03:17:00,324m,8%,8.1,1792Mi,30%,1572,39,39.3,0
Mon 03:18:00,337m,8%,8.425,1789Mi,30%,1572,39,39.3,0
Mon 03:19:00,318m,7%,7.95,1789Mi,30%,1572,39,39.3,0
Mon 03:20:00,127m,3%,3.175,1789Mi,30%,1572,39,39.3,0
Mon 03:21:00,332m,8%,8.3,1789Mi,30%,1435,35,35.875,0
Mon 03:22:00,331m,8%,8.275,1786Mi,30%,1572,39,39.3,0
Mon 03:23:00,343m,8%,8.575,1789Mi,30%,1572,39,39.3,0
Mon 03:24:00,126m,3%,3.15,1789Mi,30%,1572,39,39.3,0
Mon 03:25:00,327m,8%,8.175,1789Mi,30%,1572,39,39.3,0
Mon 03:26:00,351m,8%,8.775,1789Mi,30%,1572,39,39.3,0
Mon 03:27:00,329m,8%,8.225,1789Mi,30%,1572,39,39.3,0
Mon 03:28:00,132m,3%,3.3,1790Mi,30%,1572,39,39.3,0
Mon 03:29:00,329m,8%,8.225,1789Mi,30%,1435,35,35.875,0
Mon 03:30:00,336m,8%,8.4,1786Mi,30%,1435,35,35.875,0
Mon 03:31:01,337m,8%,8.425,1786Mi,30%,1298,32,32.45,0
Mon 03:32:00,338m,8%,8.45,1783Mi,30%,1435,35,35.875,0
Mon 03:33:00,138m,3%,3.45,1787Mi,30%,1435,35,35.875,0
Mon 03:34:00,332m,8%,8.3,1786Mi,30%,1435,35,35.875,0
Mon 03:35:00,329m,8%,8.225,1786Mi,30%,1435,35,35.875,0
Mon 03:36:00,128m,3%,3.2,1786Mi,30%,1298,32,32.45,0
Mon 03:37:00,554m,13%,13.85,1783Mi,30%,1298,32,32.45,0
Mon 03:38:00,128m,3%,3.2,1783Mi,30%,1298,32,32.45,0
Mon 03:39:00,334m,8%,8.35,1783Mi,30%,1298,32,32.45,0
Mon 03:40:00,336m,8%,8.4,1783Mi,30%,1435,35,35.875,0
Mon 03:41:00,142m,3%,3.55,1786Mi,30%,1435,35,35.875,0
Mon 03:42:00,334m,8%,8.35,1786Mi,30%,1435,35,35.875,0
Mon 03:43:00,342m,8%,8.55,1786Mi,30%,1435,35,35.875,0
Mon 03:44:00,123m,3%,3.075,1786Mi,30%,1298,32,32.45,0
Mon 03:45:00,383m,9%,9.575,1783Mi,30%,1435,35,35.875,0
Mon 03:46:00,360m,9%,9,1786Mi,30%,1435,35,35.875,0
Mon 03:47:00,121m,3%,3.025,1786Mi,30%,1572,39,39.3,0
Mon 03:48:00,358m,8%,8.95,1790Mi,30%,1572,39,39.3,0
Mon 03:49:00,345m,8%,8.625,1789Mi,30%,1572,39,39.3,0
Mon 03:50:00,122m,3%,3.05,1789Mi,30%,1709,42,42.725,0
Mon 03:51:00,356m,8%,8.9,1793Mi,30%,1572,39,39.3,0
Mon 03:52:00,388m,9%,9.7,1790Mi,30%,1572,39,39.3,0
Mon 03:53:00,130m,3%,3.25,1790Mi,30%,1572,39,39.3,0
Mon 03:54:00,345m,8%,8.625,1790Mi,30%,1435,35,35.875,0
Mon 03:55:00,352m,8%,8.8,1786Mi,30%,1572,39,39.3,0
Mon 03:56:00,364m,9%,9.1,1789Mi,30%,1572,39,39.3,0
Mon 03:57:00,132m,3%,3.3,1789Mi,30%,1709,42,42.725,0
Mon 03:58:00,358m,8%,8.95,1794Mi,30%,1709,42,42.725,0
Mon 03:59:00,351m,8%,8.775,1793Mi,30%,1709,42,42.725,0
Mon 04:00:00,126m,3%,3.15,1793Mi,30%,1709,42,42.725,0
Mon 04:01:01,361m,9%,9.025,1793Mi,30%,1572,39,39.3,0
Mon 04:02:00,400m,10%,10,1790Mi,30%,1572,39,39.3,0
Mon 04:03:00,126m,3%,3.15,1790Mi,30%,1572,39,39.3,0
Mon 04:04:00,351m,8%,8.775,1790Mi,30%,1709,42,42.725,0
Mon 04:05:00,361m,9%,9.025,1794Mi,30%,1709,42,42.725,0
Mon 04:06:00,127m,3%,3.175,1793Mi,30%,1709,42,42.725,0
Mon 04:07:00,354m,8%,8.85,1793Mi,30%,1709,42,42.725,0
Mon 04:08:00,354m,8%,8.85,1793Mi,30%,1709,42,42.725,0
Mon 04:09:00,127m,3%,3.175,1793Mi,30%,1572,39,39.3,0
Mon 04:10:00,392m,9%,9.8,1790Mi,30%,1572,39,39.3,0
Mon 04:11:00,354m,8%,8.85,1795Mi,30%,1572,39,39.3,0
Mon 04:12:00,121m,3%,3.025,1790Mi,30%,1572,39,39.3,0
Mon 04:13:00,354m,8%,8.85,1790Mi,30%,1709,42,42.725,0
Mon 04:14:00,370m,9%,9.25,1793Mi,30%,1572,39,39.3,0
Mon 04:15:00,359m,8%,8.975,1790Mi,30%,1572,39,39.3,0
Mon 04:16:00,356m,8%,8.9,1790Mi,30%,1435,35,35.875,0
Mon 04:17:00,357m,8%,8.925,1787Mi,30%,1435,35,35.875,0
Mon 04:18:00,124m,3%,3.1,1787Mi,30%,1435,35,35.875,0
Mon 04:19:00,353m,8%,8.825,1787Mi,30%,1298,32,32.45,0
Mon 04:20:00,358m,8%,8.95,1784Mi,30%,1298,32,32.45,0
Mon 04:21:00,355m,8%,8.875,1783Mi,30%,1298,32,32.45,0
Mon 04:22:00,120m,3%,3,1789Mi,30%,1298,32,32.45,0
Mon 04:23:00,359m,8%,8.975,1784Mi,30%,1298,32,32.45,0
Mon 04:24:00,361m,9%,9.025,1783Mi,30%,1161,29,29.025,0
Mon 04:25:00,361m,9%,9.025,1780Mi,30%,1161,29,29.025,0
Mon 04:26:00,354m,8%,8.85,1781Mi,30%,1024,25,25.6,0
Mon 04:27:00,403m,10%,10.075,1777Mi,30%,1024,25,25.6,0
Mon 04:28:00,126m,3%,3.15,1778Mi,30%,1024,25,25.6,0
Mon 04:29:00,352m,8%,8.8,1777Mi,30%,1024,25,25.6,0
Mon 04:30:00,356m,8%,8.9,1777Mi,30%,1024,25,25.6,0
Mon 04:31:00,120m,3%,3,1777Mi,30%,1024,25,25.6,0
Mon 04:32:01,351m,8%,8.775,1777Mi,30%,1161,29,29.025,0
Mon 04:33:00,372m,9%,9.3,1780Mi,30%,1024,25,25.6,0
Mon 04:34:00,364m,9%,9.1,1777Mi,30%,1024,25,25.6,0
Mon 04:35:00,122m,3%,3.05,1777Mi,30%,1024,25,25.6,0
Mon 04:36:00,351m,8%,8.775,1777Mi,30%,1161,29,29.025,0
Mon 04:37:00,356m,8%,8.9,1777Mi,30%,1161,29,29.025,0
Mon 04:38:00,134m,3%,3.35,1780Mi,30%,1161,29,29.025,0
Mon 04:39:00,359m,8%,8.975,1743Mi,29%,1161,29,29.025,0
Mon 04:40:00,359m,8%,8.975,1744Mi,30%,1161,29,29.025,0
Mon 04:41:00,120m,3%,3,1744Mi,30%,1161,29,29.025,0
Mon 04:42:00,364m,9%,9.1,1743Mi,30%,1024,25,25.6,0
Mon 04:43:00,458m,11%,11.45,1745Mi,30%,1024,25,25.6,0
Mon 04:44:00,259m,6%,6.475,1740Mi,29%,1024,25,25.6,0
Mon 04:45:00,353m,8%,8.825,1740Mi,29%,1024,25,25.6,0
Mon 04:46:00,358m,8%,8.95,1740Mi,29%,1024,25,25.6,0
Mon 04:47:00,126m,3%,3.15,1740Mi,29%,1024,25,25.6,0
Mon 04:48:00,360m,9%,9,1740Mi,29%,1024,25,25.6,0
Mon 04:49:00,356m,8%,8.9,1740Mi,29%,1024,25,25.6,0
Mon 04:50:00,123m,3%,3.075,1740Mi,29%,1161,29,29.025,0
Mon 04:51:00,375m,9%,9.375,1744Mi,30%,1161,29,29.025,0
Mon 04:52:00,358m,8%,8.95,1743Mi,29%,1161,29,29.025,0
Mon 04:53:00,123m,3%,3.075,1743Mi,29%,1161,29,29.025,0
Mon 04:54:00,356m,8%,8.9,1743Mi,29%,1161,29,29.025,0
Mon 04:55:00,361m,9%,9.025,1743Mi,29%,1161,29,29.025,0
Mon 04:56:00,130m,3%,3.25,1743Mi,30%,1161,29,29.025,0
Mon 04:57:00,373m,9%,9.325,1744Mi,30%,1161,29,29.025,0
Mon 04:58:00,358m,8%,8.95,1743Mi,30%,1161,29,29.025,0
Mon 04:59:00,126m,3%,3.15,1743Mi,29%,1161,29,29.025,0
Mon 05:00:00,433m,10%,10.825,1776Mi,30%,1161,29,29.025,0
Mon 05:01:00,359m,8%,8.975,1763Mi,30%,1024,25,25.6,0
Mon 05:02:00,375m,9%,9.375,1774Mi,30%,1024,25,25.6,0
Mon 05:03:00,370m,9%,9.25,1759Mi,30%,1161,29,29.025,0
Mon 05:04:00,132m,3%,3.3,1762Mi,30%,1161,29,29.025,0
Mon 05:05:00,375m,9%,9.375,1762Mi,30%,1024,25,25.6,0
Mon 05:06:01,533m,13%,13.325,1761Mi,30%,1024,25,25.6,0
Mon 05:07:00,218m,5%,5.45,1760Mi,30%,1161,29,29.025,0
Mon 05:08:00,386m,9%,9.65,1762Mi,30%,1161,29,29.025,0
Mon 05:09:00,379m,9%,9.475,1762Mi,30%,1298,32,32.45,0
Mon 05:10:00,129m,3%,3.225,1765Mi,30%,1298,32,32.45,0
Mon 05:11:00,382m,9%,9.55,1766Mi,30%,1298,32,32.45,0
Mon 05:12:00,382m,9%,9.55,1766Mi,30%,1298,32,32.45,0
Mon 05:13:00,122m,3%,3.05,1766Mi,30%,1298,32,32.45,0
Mon 05:14:00,386m,9%,9.65,1766Mi,30%,1298,32,32.45,0
Mon 05:15:00,382m,9%,9.55,1766Mi,30%,1435,35,35.875,0
Mon 05:16:00,139m,3%,3.475,1770Mi,30%,1435,35,35.875,0
Mon 05:17:00,378m,9%,9.45,1769Mi,30%,1572,39,39.3,0
Mon 05:18:00,395m,9%,9.875,1774Mi,30%,1572,39,39.3,0
Mon 05:19:00,131m,3%,3.275,1773Mi,30%,1572,39,39.3,0
Mon 05:20:00,666m,16%,16.65,1774Mi,30%,1572,39,39.3,0
Mon 05:21:00,126m,3%,3.15,1773Mi,30%,1709,42,42.725,2
Mon 05:22:00,402m,10%,10.05,1777Mi,30%,1709,42,42.725,0
Mon 05:23:00,389m,9%,9.725,1776Mi,30%,1846,46,46.15,0
Mon 05:24:00,139m,3%,3.475,1781Mi,30%,1846,46,46.15,0
Mon 05:25:00,392m,9%,9.8,1779Mi,30%,1983,49,49.575,2
Mon 05:26:00,407m,10%,10.175,1784Mi,30%,1983,49,49.575,0
Mon 05:27:00,137m,3%,3.425,1783Mi,30%,1983,49,49.575,0
Mon 05:28:00,399m,9%,9.975,1783Mi,30%,1983,49,49.575,0
Mon 05:29:01,400m,10%,10,1783Mi,30%,2120,53,53,0
Mon 05:30:01,149m,3%,3.725,1787Mi,30%,2120,53,53,0
Mon 05:31:00,392m,9%,9.8,1787Mi,30%,2257,56,56.425,0
Mon 05:32:00,412m,10%,10.3,1790Mi,30%,2120,53,53,0
Mon 05:33:00,405m,10%,10.125,1787Mi,30%,2257,56,56.425,0
Mon 05:34:00,147m,3%,3.675,1790Mi,30%,2257,56,56.425,0
Mon 05:35:00,400m,10%,10,1790Mi,30%,2394,59,59.85,0
Mon 05:36:00,417m,10%,10.425,1794Mi,30%,2257,56,56.425,0
Mon 05:37:00,395m,9%,9.875,1790Mi,30%,2394,59,59.85,0
Mon 05:38:00,150m,3%,3.75,1794Mi,30%,2257,56,56.425,0
Mon 05:39:00,677m,16%,16.925,1791Mi,30%,2394,59,59.85,0
Mon 05:40:00,155m,3%,3.875,1794Mi,30%,2394,59,59.85,0
Mon 05:41:00,396m,9%,9.9,1794Mi,30%,2394,59,59.85,0
Mon 05:42:00,408m,10%,10.2,1793Mi,30%,2394,59,59.85,0
Mon 05:43:00,130m,3%,3.25,1794Mi,30%,2394,59,59.85,0
Mon 05:44:00,408m,10%,10.2,1794Mi,30%,2257,56,56.425,0
Mon 05:45:00,499m,12%,12.475,1800Mi,30%,2257,56,56.425,0
Mon 05:46:00,326m,8%,8.15,1791Mi,30%,2120,53,53,0
Mon 05:47:00,508m,12%,12.7,1789Mi,30%,2120,53,53,0
Mon 05:48:00,321m,8%,8.025,1788Mi,30%,1983,49,49.575,0
Mon 05:49:00,508m,12%,12.7,1798Mi,30%,1983,49,49.575,0
Mon 05:50:00,320m,8%,8,1784Mi,30%,1846,46,46.15,0
Mon 05:51:00,529m,13%,13.225,1798Mi,30%,1983,49,49.575,2
Mon 05:52:00,305m,7%,7.625,1781Mi,30%,1846,46,46.15,0
Mon 05:53:00,548m,13%,13.7,1790Mi,30%,1983,49,49.575,0
Mon 05:54:00,299m,7%,7.475,1781Mi,30%,1846,46,46.15,0
Mon 05:55:00,561m,14%,14.025,1792Mi,30%,1983,49,49.575,0
Mon 05:56:00,287m,7%,7.175,1781Mi,30%,1983,49,49.575,0
Mon 05:57:00,438m,10%,10.95,1784Mi,30%,2120,53,53,2
Mon 05:58:00,412m,10%,10.3,1785Mi,30%,1983,49,49.575,0
Mon 05:59:00,286m,7%,7.15,1789Mi,30%,2120,53,53,2
Mon 06:00:00,281m,7%,7.025,1784Mi,30%,1983,49,49.575,0
Mon 06:01:00,582m,14%,14.55,1795Mi,30%,1983,49,49.575,0
Mon 06:02:00,267m,6%,6.675,1785Mi,30%,1846,46,46.15,0
Mon 06:03:00,567m,14%,14.175,1795Mi,30%,1983,49,49.575,0
Mon 06:04:00,255m,6%,6.375,1781Mi,30%,1846,46,46.15,0
Mon 06:05:00,620m,15%,15.5,1790Mi,30%,1846,46,46.15,0
Mon 06:06:00,226m,5%,5.65,1782Mi,30%,1709,42,42.725,0
Mon 06:07:00,584m,14%,14.6,1780Mi,30%,1846,46,46.15,0
Mon 06:08:00,246m,6%,6.15,1778Mi,30%,1709,42,42.725,0
Mon 06:09:00,604m,15%,15.1,1791Mi,30%,1709,42,42.725,0
Mon 06:10:00,238m,5%,5.95,1778Mi,30%,1709,42,42.725,0
Mon 06:11:00,404m,10%,10.1,1778Mi,30%,1846,46,46.15,2
Mon 06:12:00,410m,10%,10.25,1787Mi,30%,1846,46,46.15,0
Mon 06:13:00,139m,3%,3.475,1781Mi,30%,1846,46,46.15,0
Mon 06:14:00,411m,10%,10.275,1781Mi,30%,1846,46,46.15,0
Mon 06:15:00,414m,10%,10.35,1781Mi,30%,1846,46,46.15,0
Mon 06:16:00,135m,3%,3.375,1781Mi,30%,1846,46,46.15,0
Mon 06:17:00,411m,10%,10.275,1781Mi,30%,1846,46,46.15,0
Mon 06:18:00,406m,10%,10.15,1781Mi,30%,1846,46,46.15,0
Mon 06:19:00,133m,3%,3.325,1781Mi,30%,1983,49,49.575,0
Mon 06:20:00,422m,10%,10.55,1784Mi,30%,1846,46,46.15,0
Mon 06:21:00,633m,15%,15.825,1785Mi,30%,1846,46,46.15,0
Mon 06:22:00,206m,5%,5.15,1781Mi,30%,1709,42,42.725,0
Mon 06:23:00,670m,16%,16.75,1794Mi,30%,1846,46,46.15,0
Mon 06:24:00,176m,4%,4.4,1781Mi,30%,1709,42,42.725,0
Mon 06:25:00,672m,16%,16.8,1784Mi,30%,1709,42,42.725,0
Mon 06:26:00,152m,3%,3.8,1778Mi,30%,1572,39,39.3,0
Mon 06:27:00,670m,16%,16.75,1786Mi,30%,1709,42,42.725,0
Mon 06:28:00,183m,4%,4.575,1779Mi,30%,1572,39,39.3,0
Mon 06:29:00,670m,16%,16.75,1791Mi,30%,1572,39,39.3,0
Mon 06:30:00,157m,3%,3.925,1775Mi,30%,1572,39,39.3,0
Mon 06:31:00,415m,10%,10.375,1775Mi,30%,1572,39,39.3,0
Mon 06:32:00,408m,10%,10.2,1775Mi,30%,1435,35,35.875,0
Mon 06:33:00,408m,10%,10.2,1777Mi,30%,1435,35,35.875,0
Mon 06:34:00,132m,3%,3.3,1771Mi,30%,1435,35,35.875,0
Mon 06:35:00,411m,10%,10.275,1771Mi,30%,1572,39,39.3,2
Mon 06:36:00,424m,10%,10.6,1776Mi,30%,1435,35,35.875,0
Mon 06:37:00,415m,10%,10.375,1771Mi,30%,1435,35,35.875,0
Mon 06:38:00,123m,3%,3.075,1771Mi,30%,1435,35,35.875,0
Mon 06:39:00,403m,10%,10.075,1771Mi,30%,1572,39,39.3,0
Mon 06:40:00,427m,10%,10.675,1775Mi,30%,1435,35,35.875,0
Mon 06:41:00,417m,10%,10.425,1771Mi,30%,1435,35,35.875,0
Mon 06:42:00,125m,3%,3.125,1772Mi,30%,1435,35,35.875,0
Mon 06:43:00,409m,10%,10.225,1772Mi,30%,1435,35,35.875,0
Mon 06:44:00,413m,10%,10.325,1772Mi,30%,1435,35,35.875,0
Mon 06:45:00,124m,3%,3.1,1771Mi,30%,1435,35,35.875,0
Mon 06:46:00,412m,10%,10.3,1771Mi,30%,1435,35,35.875,0
Mon 06:47:00,405m,10%,10.125,1771Mi,30%,1572,39,39.3,2
Mon 06:48:00,136m,3%,3.4,1775Mi,30%,1435,35,35.875,0
Mon 06:49:00,711m,17%,17.775,1771Mi,30%,1435,35,35.875,0
Mon 06:50:00,127m,3%,3.175,1777Mi,30%,1435,35,35.875,0
Mon 06:51:00,411m,10%,10.275,1771Mi,30%,1435,35,35.875,0
Mon 06:52:01,420m,10%,10.5,1771Mi,30%,1298,32,32.45,0
Mon 06:53:01,419m,10%,10.475,1768Mi,30%,1298,32,32.45,0
Mon 06:54:01,121m,3%,3.025,1768Mi,30%,1298,32,32.45,0
Mon 06:55:00,418m,10%,10.45,1768Mi,30%,1298,32,32.45,0
Mon 06:56:00,413m,10%,10.325,1768Mi,30%,1161,29,29.025,0
Mon 06:57:00,222m,5%,5.55,1778Mi,30%,1161,29,29.025,0
Mon 06:58:00,335m,8%,8.375,1765Mi,30%,1161,29,29.025,0
Mon 06:59:00,415m,10%,10.375,1765Mi,30%,1298,32,32.45,0
Mon 07:00:00,414m,10%,10.35,1765Mi,30%,1298,32,32.45,0
Mon 07:01:00,134m,3%,3.35,1768Mi,30%,1298,32,32.45,0
Mon 07:02:00,416m,10%,10.4,1768Mi,30%,1298,32,32.45,0
Mon 07:03:00,415m,10%,10.375,1768Mi,30%,1298,32,32.45,0
Mon 07:04:00,121m,3%,3.025,1768Mi,30%,1161,29,29.025,0
Mon 07:05:00,524m,13%,13.1,1773Mi,30%,1161,29,29.025,0
Mon 07:06:00,321m,8%,8.025,1765Mi,30%,1161,29,29.025,0
Mon 07:07:00,419m,10%,10.475,1765Mi,30%,1161,29,29.025,0
Mon 07:08:00,419m,10%,10.475,1765Mi,30%,1024,25,25.6,0
Mon 07:09:00,254m,6%,6.35,1772Mi,30%,1024,25,25.6,0
Mon 07:10:00,289m,7%,7.225,1762Mi,30%,1024,25,25.6,0
Mon 07:11:00,423m,10%,10.575,1762Mi,30%,1024,25,25.6,0
Mon 07:12:00,413m,10%,10.325,1762Mi,30%,1024,25,25.6,0
Mon 07:13:00,121m,3%,3.025,1762Mi,30%,1024,25,25.6,0
Mon 07:14:00,417m,10%,10.425,1762Mi,30%,1161,29,29.025,2
Mon 07:15:00,419m,10%,10.475,1762Mi,30%,1161,29,29.025,0
Mon 07:16:00,137m,3%,3.425,1765Mi,30%,1024,25,25.6,0
Mon 07:17:00,552m,13%,13.8,1770Mi,30%,1024,25,25.6,0
Mon 07:18:00,294m,7%,7.35,1762Mi,30%,1024,25,25.6,0
Mon 07:19:00,421m,10%,10.525,1762Mi,30%,1161,29,29.025,0
Mon 07:20:00,419m,10%,10.475,1762Mi,30%,1161,29,29.025,0
Mon 07:21:00,132m,3%,3.3,1765Mi,30%,1161,29,29.025,0
Mon 07:22:00,421m,10%,10.525,1765Mi,30%,1161,29,29.025,0
Mon 07:23:00,422m,10%,10.55,1765Mi,30%,1161,29,29.025,0
Mon 07:24:00,119m,2%,2.975,1765Mi,30%,1298,32,32.45,0
Mon 07:25:00,422m,10%,10.55,1765Mi,30%,1298,32,32.45,0
Mon 07:26:00,438m,10%,10.95,1768Mi,30%,1298,32,32.45,0
Mon 07:27:00,130m,3%,3.25,1768Mi,30%,1298,32,32.45,0
Mon 07:28:00,422m,10%,10.55,1768Mi,30%,1161,29,29.025,0
Mon 07:29:00,606m,15%,15.15,1773Mi,30%,1298,32,32.45,0
Mon 07:30:00,242m,6%,6.05,1765Mi,30%,1298,32,32.45,0
Mon 07:31:00,435m,10%,10.875,1768Mi,30%,1298,32,32.45,0
Mon 07:32:00,422m,10%,10.55,1768Mi,30%,1298,32,32.45,0
Mon 07:33:00,121m,3%,3.025,1768Mi,30%,1298,32,32.45,0
Mon 07:34:00,423m,10%,10.575,1769Mi,30%,1435,35,35.875,2
Mon 07:35:00,436m,10%,10.9,1770Mi,30%,1435,35,35.875,0
Mon 07:36:00,126m,3%,3.15,1771Mi,30%,1435,35,35.875,0
Mon 07:37:00,417m,10%,10.425,1771Mi,30%,1435,35,35.875,0
Mon 07:38:00,427m,10%,10.675,1772Mi,30%,1435,35,35.875,0
Mon 07:39:00,124m,3%,3.1,1771Mi,30%,1572,39,39.3,0
Mon 07:40:00,435m,10%,10.875,1774Mi,30%,1572,39,39.3,0
Mon 07:41:00,430m,10%,10.75,1774Mi,30%,1572,39,39.3,0
Mon 07:42:00,124m,3%,3.1,1774Mi,30%,1572,39,39.3,0
Mon 07:43:00,426m,10%,10.65,1775Mi,30%,1435,35,35.875,0
Mon 07:44:00,656m,16%,16.4,1783Mi,30%,1572,39,39.3,0
Mon 07:45:00,212m,5%,5.3,1774Mi,30%,1572,39,39.3,0
Mon 07:46:00,430m,10%,10.75,1775Mi,30%,1572,39,39.3,0
Mon 07:47:00,424m,10%,10.6,1775Mi,30%,1572,39,39.3,0
Mon 07:48:00,126m,3%,3.15,1775Mi,30%,1435,35,35.875,0
Mon 07:49:00,705m,17%,17.625,1788Mi,30%,1435,35,35.875,0
Mon 07:50:00,164m,4%,4.1,1772Mi,30%,1435,35,35.875,0
Mon 07:51:00,423m,10%,10.575,1772Mi,30%,1435,35,35.875,0
Mon 07:52:00,420m,10%,10.5,1772Mi,30%,1435,35,35.875,0
Mon 07:53:00,124m,3%,3.1,1772Mi,30%,1298,32,32.45,0
Mon 07:54:00,720m,18%,18,1785Mi,30%,1435,35,35.875,2
Mon 07:55:00,155m,3%,3.875,1772Mi,30%,1435,35,35.875,0
Mon 07:56:00,429m,10%,10.725,1771Mi,30%,1435,35,35.875,0
Mon 07:57:00,437m,10%,10.925,1772Mi,30%,1435,35,35.875,0
Mon 07:58:00,121m,3%,3.025,1772Mi,30%,1298,32,32.45,0
Mon 07:59:00,700m,17%,17.5,1777Mi,30%,1435,35,35.875,0
Mon 08:00:00,164m,4%,4.1,1773Mi,30%,1435,35,35.875,0
Mon 08:01:00,431m,10%,10.775,1772Mi,30%,1435,35,35.875,0
Mon 08:02:00,427m,10%,10.675,1772Mi,30%,1435,35,35.875,0
Mon 08:03:00,122m,3%,3.05,1772Mi,30%,1298,32,32.45,0
Mon 08:04:00,735m,18%,18.375,1776Mi,30%,1298,32,32.45,0
Mon 08:05:00,131m,3%,3.275,1769Mi,30%,1435,35,35.875,0
Mon 08:06:00,442m,11%,11.05,1772Mi,30%,1435,35,35.875,0
Mon 08:07:00,422m,10%,10.55,1772Mi,30%,1435,35,35.875,0
Mon 08:08:00,123m,3%,3.075,1772Mi,30%,1298,32,32.45,0
Mon 08:09:00,738m,18%,18.45,1769Mi,30%,1298,32,32.45,0
Mon 08:10:00,124m,3%,3.1,1773Mi,30%,1435,35,35.875,0
Mon 08:11:00,440m,11%,11,1772Mi,30%,1435,35,35.875,0
Mon 08:12:00,426m,10%,10.65,1772Mi,30%,1435,35,35.875,0
Mon 08:13:00,133m,3%,3.325,1778Mi,30%,1298,32,32.45,0
Mon 08:14:00,715m,17%,17.875,1768Mi,30%,1298,32,32.45,0
Mon 08:15:00,121m,3%,3.025,1769Mi,30%,1298,32,32.45,0
Mon 08:16:00,429m,10%,10.725,1768Mi,30%,1435,35,35.875,0
Mon 08:17:00,444m,11%,11.1,1771Mi,30%,1435,35,35.875,0
Mon 08:18:00,122m,3%,3.05,1771Mi,30%,1435,35,35.875,0
Mon 08:19:00,428m,10%,10.7,1771Mi,30%,1435,35,35.875,0
Mon 08:20:00,431m,10%,10.775,1772Mi,30%,1435,35,35.875,0
Mon 08:21:00,121m,3%,3.025,1772Mi,30%,1435,35,35.875,0
Mon 08:22:00,434m,10%,10.85,1772Mi,30%,1435,35,35.875,0
Mon 08:23:00,422m,10%,10.55,1772Mi,30%,1298,32,32.45,0
Mon 08:24:00,231m,5%,5.775,1783Mi,30%,1298,32,32.45,0
Mon 08:25:00,331m,8%,8.275,1768Mi,30%,1298,32,32.45,0
Mon 08:26:00,432m,10%,10.8,1768Mi,30%,1298,32,32.45,0
Mon 08:27:00,436m,10%,10.9,1768Mi,30%,1435,35,35.875,0
Mon 08:28:01,135m,3%,3.375,1772Mi,30%,1298,32,32.45,0
Mon 08:29:00,546m,13%,13.65,1784Mi,30%,1298,32,32.45,0
Mon 08:30:00,320m,8%,8,1768Mi,30%,1298,32,32.45,0
Mon 08:31:00,422m,10%,10.55,1768Mi,30%,1298,32,32.45,0
Mon 08:32:00,435m,10%,10.875,1768Mi,30%,1435,35,35.875,0
Mon 08:33:00,136m,3%,3.4,1772Mi,30%,1435,35,35.875,0
Mon 08:34:00,431m,10%,10.775,1771Mi,30%,1298,32,32.45,0
Mon 08:35:00,436m,10%,10.9,1768Mi,30%,1298,32,32.45,0
Mon 08:36:00,431m,10%,10.775,1768Mi,30%,1298,32,32.45,0
Mon 08:37:00,123m,3%,3.075,1768Mi,30%,1298,32,32.45,0
Mon 08:38:00,430m,10%,10.75,1768Mi,30%,1298,32,32.45,0
Mon 08:39:00,428m,10%,10.7,1769Mi,30%,1161,29,29.025,0
Mon 08:40:00,437m,10%,10.925,1765Mi,30%,1161,29,29.025,0
Mon 08:41:00,122m,3%,3.05,1765Mi,30%,1161,29,29.025,0
Mon 08:42:00,430m,10%,10.75,1765Mi,30%,1161,29,29.025,0
Mon 08:43:00,430m,10%,10.75,1765Mi,30%,1298,32,32.45,0
Mon 08:44:00,135m,3%,3.375,1769Mi,30%,1298,32,32.45,0
Mon 08:45:00,433m,10%,10.825,1768Mi,30%,1161,29,29.025,0
Mon 08:46:00,434m,10%,10.85,1765Mi,30%,1161,29,29.025,0
Mon 08:47:00,435m,10%,10.875,1765Mi,30%,1161,29,29.025,0
Mon 08:48:00,119m,2%,2.975,1765Mi,30%,1161,29,29.025,0
Mon 08:49:00,431m,10%,10.775,1765Mi,30%,1161,29,29.025,0
Mon 08:50:00,439m,10%,10.975,1765Mi,30%,1161,29,29.025,0
Mon 08:51:00,121m,3%,3.025,1765Mi,30%,1161,29,29.025,0
Mon 08:52:00,431m,10%,10.775,1765Mi,30%,1161,29,29.025,0
Mon 08:53:00,430m,10%,10.75,1765Mi,30%,1161,29,29.025,0
Mon 08:54:00,121m,3%,3.025,1765Mi,30%,1298,32,32.45,0
Mon 08:55:00,439m,10%,10.975,1768Mi,30%,1298,32,32.45,0
Mon 08:56:00,432m,10%,10.8,1768Mi,30%,1161,29,29.025,0
Mon 08:57:01,449m,11%,11.225,1765Mi,30%,1161,29,29.025,0
Mon 08:58:00,439m,10%,10.975,1765Mi,30%,1161,29,29.025,0
Mon 08:59:00,120m,3%,3,1765Mi,30%,1161,29,29.025,0
Mon 09:00:00,618m,15%,15.45,1794Mi,30%,1161,29,29.025,0
Mon 09:01:00,435m,10%,10.875,1794Mi,30%,1024,25,25.6,0
Mon 09:02:00,441m,11%,11.025,1791Mi,30%,1024,25,25.6,0
Mon 09:03:00,117m,2%,2.925,1791Mi,30%,1024,25,25.6,0
Mon 09:04:00,435m,10%,10.875,1791Mi,30%,1024,25,25.6,0
Mon 09:05:00,435m,10%,10.875,1791Mi,30%,1161,29,29.025,0
Mon 09:06:00,134m,3%,3.35,1794Mi,30%,1161,29,29.025,0
Mon 09:07:00,437m,10%,10.925,1794Mi,30%,1161,29,29.025,0
Mon 09:08:00,437m,10%,10.925,1795Mi,30%,1161,29,29.025,0
Mon 09:09:00,119m,2%,2.975,1794Mi,30%,1161,29,29.025,0
Mon 09:10:00,439m,10%,10.975,1794Mi,30%,1161,29,29.025,0
Mon 09:11:00,436m,10%,10.9,1794Mi,30%,1161,29,29.025,0
Mon 09:12:00,126m,3%,3.15,1794Mi,30%,1024,25,25.6,0
Mon 09:13:00,802m,20%,20.05,1791Mi,30%,1024,25,25.6,0
Mon 09:14:00,308m,7%,7.7,1791Mi,30%,1024,25,25.6,0
Mon 09:15:00,301m,7%,7.525,1791Mi,30%,1024,25,25.6,0
Mon 09:16:00,473m,11%,11.825,1791Mi,30%,1161,29,29.025,0
Mon 09:17:00,325m,8%,8.125,1794Mi,30%,1161,29,29.025,0
Mon 09:18:00,305m,7%,7.625,1794Mi,30%,1161,29,29.025,0
Mon 09:19:00,468m,11%,11.7,1794Mi,30%,1161,29,29.025,0
Mon 09:20:00,303m,7%,7.575,1794Mi,30%,1161,29,29.025,0
Mon 09:21:00,301m,7%,7.525,1794Mi,30%,1161,29,29.025,0
Mon 09:22:01,488m,12%,12.2,1794Mi,30%,1161,29,29.025,0
Mon 09:23:00,307m,7%,7.675,1795Mi,30%,1024,25,25.6,0
Mon 09:24:00,649m,16%,16.225,1791Mi,30%,1024,25,25.6,0
Mon 09:25:00,453m,11%,11.325,1791Mi,30%,1024,25,25.6,0
Mon 09:26:00,141m,3%,3.525,1791Mi,30%,1024,25,25.6,0
Mon 09:27:00,461m,11%,11.525,1791Mi,30%,1024,25,25.6,0
Mon 09:28:00,449m,11%,11.225,1791Mi,30%,1024,25,25.6,0
Mon 09:29:00,146m,3%,3.65,1791Mi,30%,1024,25,25.6,0
Mon 09:30:00,458m,11%,11.45,1791Mi,30%,1024,25,25.6,0
Mon 09:31:00,444m,11%,11.1,1796Mi,30%,1024,25,25.6,0
Mon 09:32:00,144m,3%,3.6,1794Mi,30%,1161,29,29.025,0
Mon 09:33:00,474m,11%,11.85,1795Mi,30%,1161,29,29.025,0
Mon 09:34:00,455m,11%,11.375,1799Mi,30%,1024,25,25.6,0
Mon 09:35:00,527m,13%,13.175,1791Mi,30%,1024,25,25.6,0
Mon 09:36:00,464m,11%,11.6,1792Mi,30%,1024,25,25.6,0
Mon 09:37:00,122m,3%,3.05,1791Mi,30%,1024,25,25.6,0
Mon 09:38:01,458m,11%,11.45,1791Mi,30%,1161,29,29.025,0
Mon 09:39:01,496m,12%,12.4,1795Mi,30%,1161,29,29.025,0
Mon 09:40:00,124m,3%,3.1,1795Mi,30%,1161,29,29.025,0
Mon 09:41:00,461m,11%,11.525,1794Mi,30%,1161,29,29.025,0
Mon 09:42:00,451m,11%,11.275,1795Mi,30%,1161,29,29.025,0
Mon 09:43:00,123m,3%,3.075,1795Mi,30%,1161,29,29.025,0
Mon 09:44:00,459m,11%,11.475,1795Mi,30%,1161,29,29.025,0
Mon 09:45:00,448m,11%,11.2,1794Mi,30%,1024,25,25.6,0
Mon 09:46:00,465m,11%,11.625,1791Mi,30%,1024,25,25.6,0
Mon 09:47:00,466m,11%,11.65,1792Mi,30%,1024,25,25.6,0
Mon 09:48:00,134m,3%,3.35,1792Mi,30%,1161,29,29.025,0
Mon 09:49:00,461m,11%,11.525,1792Mi,30%,1161,29,29.025,0
Mon 09:50:00,472m,11%,11.8,1794Mi,30%,1161,29,29.025,0
Mon 09:51:00,122m,3%,3.05,1795Mi,30%,1161,29,29.025,0
Mon 09:52:00,461m,11%,11.525,1795Mi,30%,1161,29,29.025,0
Mon 09:53:00,452m,11%,11.3,1794Mi,30%,1161,29,29.025,0
Mon 09:54:00,117m,2%,2.925,1794Mi,30%,1161,29,29.025,0
Mon 09:55:00,457m,11%,11.425,1795Mi,30%,1161,29,29.025,0
Mon 09:56:00,452m,11%,11.3,1795Mi,30%,1161,29,29.025,0
Mon 09:57:00,130m,3%,3.25,1795Mi,30%,1161,29,29.025,0
Mon 09:58:00,450m,11%,11.25,1795Mi,30%,1161,29,29.025,0
Mon 09:59:00,453m,11%,11.325,1795Mi,30%,1161,29,29.025,0
Mon 10:00:00,126m,3%,3.15,1795Mi,30%,1161,29,29.025,0
Mon 10:01:00,452m,11%,11.3,1795Mi,30%,1024,25,25.6,0
Mon 10:02:00,452m,11%,11.3,1792Mi,30%,1024,25,25.6,0
Mon 10:03:00,212m,5%,5.3,1792Mi,30%,1024,25,25.6,0
Mon 10:04:00,362m,9%,9.05,1792Mi,30%,1024,25,25.6,0
Mon 10:05:00,456m,11%,11.4,1792Mi,30%,1161,29,29.025,0
Mon 10:06:00,224m,5%,5.6,1795Mi,30%,1024,25,25.6,0
Mon 10:07:00,372m,9%,9.3,1796Mi,30%,1024,25,25.6,0
Mon 10:08:00,449m,11%,11.225,1792Mi,30%,1024,25,25.6,0
Mon 10:09:00,461m,11%,11.525,1791Mi,30%,1024,25,25.6,0
Mon 10:10:00,292m,7%,7.3,1791Mi,30%,1024,25,25.6,0
Mon 10:11:00,282m,7%,7.05,1791Mi,30%,1024,25,25.6,0
Mon 10:12:00,453m,11%,11.325,1791Mi,30%,1024,25,25.6,0
Mon 10:13:00,295m,7%,7.375,1791Mi,30%,1024,25,25.6,0
Mon 10:14:00,280m,7%,7,1791Mi,30%,1024,25,25.6,0
Mon 10:15:00,453m,11%,11.325,1791Mi,30%,1024,25,25.6,0
Mon 10:16:01,297m,7%,7.425,1792Mi,30%,1161,29,29.025,0
Mon 10:17:01,297m,7%,7.425,1795Mi,30%,1024,25,25.6,0
Mon 10:18:00,672m,16%,16.8,1794Mi,30%,1024,25,25.6,0
Mon 10:19:01,249m,6%,6.225,1792Mi,30%,1024,25,25.6,0
Mon 10:20:00,450m,11%,11.25,1792Mi,30%,1024,25,25.6,0
Mon 10:21:00,458m,11%,11.45,1792Mi,30%,1161,29,29.025,0
Mon 10:22:00,133m,3%,3.325,1796Mi,30%,1161,29,29.025,0
Mon 10:23:00,457m,11%,11.425,1794Mi,30%,1161,29,29.025,0
Mon 10:24:00,458m,11%,11.45,1794Mi,30%,1161,29,29.025,0
Mon 10:25:00,118m,2%,2.95,1795Mi,30%,1161,29,29.025,0
Mon 10:26:00,459m,11%,11.475,1795Mi,30%,1161,29,29.025,0
Mon 10:27:00,465m,11%,11.625,1795Mi,30%,1161,29,29.025,0
Mon 10:28:00,123m,3%,3.075,1795Mi,30%,1161,29,29.025,0
Mon 10:29:00,462m,11%,11.55,1795Mi,30%,1161,29,29.025,0
Mon 10:30:00,460m,11%,11.5,1795Mi,30%,1161,29,29.025,0
Mon 10:31:00,122m,3%,3.05,1795Mi,30%,1161,29,29.025,0
Mon 10:32:00,462m,11%,11.55,1795Mi,30%,1298,32,32.45,0
Mon 10:33:00,480m,12%,12,1799Mi,30%,1298,32,32.45,0
Mon 10:34:00,125m,3%,3.125,1798Mi,30%,1161,29,29.025,0
Mon 10:35:00,721m,18%,18.025,1795Mi,30%,1161,29,29.025,0
Mon 10:36:00,454m,11%,11.35,1795Mi,30%,1161,29,29.025,0
Mon 10:37:00,121m,3%,3.025,1795Mi,30%,1161,29,29.025,0
Mon 10:38:00,461m,11%,11.525,1795Mi,30%,1161,29,29.025,0
Mon 10:39:00,467m,11%,11.675,1795Mi,30%,1161,29,29.025,0
Mon 10:40:00,122m,3%,3.05,1795Mi,30%,1161,29,29.025,0
Mon 10:41:00,466m,11%,11.65,1795Mi,30%,1161,29,29.025,0
Mon 10:42:00,462m,11%,11.55,1795Mi,30%,1161,29,29.025,0
Mon 10:43:01,122m,3%,3.05,1794Mi,30%,1298,32,32.45,0
Mon 10:44:00,472m,11%,11.8,1798Mi,30%,1298,32,32.45,0
Mon 10:45:00,464m,11%,11.6,1798Mi,30%,1161,29,29.025,0
Mon 10:46:00,472m,11%,11.8,1795Mi,30%,1161,29,29.025,0
Mon 10:47:00,472m,11%,11.8,1795Mi,30%,1161,29,29.025,0
Mon 10:48:00,129m,3%,3.225,1794Mi,30%,1161,29,29.025,0
Mon 10:49:00,503m,12%,12.575,1795Mi,30%,1161,29,29.025,0
Mon 10:50:00,497m,12%,12.425,1800Mi,30%,1024,25,25.6,0
Mon 10:51:00,497m,12%,12.425,1791Mi,30%,1024,25,25.6,0
Mon 10:52:00,129m,3%,3.225,1791Mi,30%,1024,25,25.6,0
Mon 10:53:00,499m,12%,12.475,1791Mi,30%,1024,25,25.6,0
Mon 10:54:00,499m,12%,12.475,1791Mi,30%,1024,25,25.6,0
Mon 10:55:00,135m,3%,3.375,1791Mi,30%,1024,25,25.6,0
Mon 10:56:00,500m,12%,12.5,1791Mi,30%,1024,25,25.6,0
Mon 10:57:00,509m,12%,12.725,1791Mi,30%,1024,25,25.6,0
Mon 10:58:00,136m,3%,3.4,1803Mi,31%,1024,25,25.6,0
Mon 10:59:00,556m,13%,13.9,1791Mi,30%,1024,25,25.6,0
Mon 11:00:00,504m,12%,12.6,1791Mi,30%,1024,25,25.6,0
Mon 11:01:00,132m,3%,3.3,1792Mi,30%,3627,90,90.675,0
Mon 11:02:00,1120m,28%,28,1852Mi,31%,3627,90,90.675,0
Mon 11:03:00,294m,7%,7.35,1851Mi,31%,3627,90,90.675,0
Mon 11:04:00,347m,8%,8.675,1855Mi,31%,3627,90,90.675,0
Mon 11:05:00,481m,12%,12.025,1856Mi,31%,3627,90,90.675,0
Mon 11:06:00,303m,7%,7.575,1856Mi,31%,3627,90,90.675,0
Mon 11:07:00,352m,8%,8.8,1856Mi,31%,3627,90,90.675,0
Mon 11:08:00,453m,11%,11.325,1856Mi,31%,3627,90,90.675,0
Mon 11:09:00,280m,7%,7,1856Mi,31%,3627,90,90.675,0
Mon 11:10:00,326m,8%,8.15,1856Mi,31%,3764,94,94.1,0
Mon 11:11:00,470m,11%,11.75,1859Mi,31%,3764,94,94.1,0
Mon 11:12:00,281m,7%,7.025,1859Mi,31%,3627,90,90.675,0
Mon 11:13:00,621m,15%,15.525,1856Mi,31%,3627,90,90.675,0
Mon 11:14:00,457m,11%,11.425,1857Mi,31%,3627,90,90.675,0
Mon 11:15:00,147m,3%,3.675,1857Mi,31%,3627,90,90.675,0
Mon 11:16:00,452m,11%,11.3,1856Mi,31%,3764,94,94.1,0
Mon 11:17:00,470m,11%,11.75,1859Mi,31%,3764,94,94.1,0
Mon 11:18:00,146m,3%,3.65,1859Mi,31%,3764,94,94.1,0
Mon 11:19:00,455m,11%,11.375,1859Mi,31%,3764,94,94.1,0
Mon 11:20:00,451m,11%,11.275,1860Mi,32%,3764,94,94.1,0
Mon 11:21:00,147m,3%,3.675,1859Mi,31%,3764,94,94.1,0
Mon 11:22:00,461m,11%,11.525,1859Mi,31%,3764,94,94.1,0
Mon 11:23:00,446m,11%,11.15,1860Mi,32%,3764,94,94.1,0
Mon 11:24:00,153m,3%,3.825,1860Mi,32%,3764,94,94.1,0
Mon 11:25:00,457m,11%,11.425,1859Mi,31%,3764,94,94.1,0
Mon 11:26:00,451m,11%,11.275,1860Mi,32%,3764,94,94.1,0
Mon 11:27:00,162m,4%,4.05,1860Mi,32%,3901,97,97.525,0
Mon 11:28:00,216m,5%,5.4,1863Mi,32%,3901,97,97.525,0
Mon 11:29:00,166m,4%,4.15,1863Mi,32%,3764,94,94.1,0
Mon 11:30:00,227m,5%,5.675,1877Mi,32%,3764,94,94.1,0
Mon 11:31:00,1385m,34%,34.625,1858Mi,31%,3764,94,94.1,0
Mon 11:32:00,325m,8%,8.125,1860Mi,32%,3901,97,97.525,0
Mon 11:33:00,266m,6%,6.65,1869Mi,32%,3901,97,97.525,0
Mon 11:34:00,171m,4%,4.275,1869Mi,32%,3901,97,97.525,0
Mon 11:35:00,152m,3%,3.8,1869Mi,32%,3901,97,97.525,0
Mon 11:36:00,159m,3%,3.975,1868Mi,32%,3901,97,97.525,0
Mon 11:37:00,159m,3%,3.975,1867Mi,32%,3901,97,97.525,2
Mon 11:38:00,155m,3%,3.875,1867Mi,32%,3901,97,97.525,2
Mon 11:39:00,165m,4%,4.125,1866Mi,32%,3901,97,97.525,0
Mon 11:40:00,185m,4%,4.625,1867Mi,32%,3901,97,97.525,0
Mon 11:41:00,149m,3%,3.725,1866Mi,32%,3901,97,97.525,0
Mon 11:42:00,159m,3%,3.975,1866Mi,32%,3901,97,97.525,0
Mon 11:43:00,156m,3%,3.9,1866Mi,32%,3901,97,97.525,2
Mon 11:44:00,148m,3%,3.7,1866Mi,32%,3901,97,97.525,2
Mon 11:45:00,165m,4%,4.125,1866Mi,32%,3901,97,97.525,0
Mon 11:46:00,177m,4%,4.425,1866Mi,32%,3901,97,97.525,0
Mon 11:47:00,157m,3%,3.925,1866Mi,32%,3901,97,97.525,0
Mon 11:48:00,155m,3%,3.875,1866Mi,32%,3901,97,97.525,2
Mon 11:49:00,152m,3%,3.8,1866Mi,32%,3901,97,97.525,2
Mon 11:50:01,155m,3%,3.875,1866Mi,32%,3901,97,97.525,2
Mon 11:51:00,159m,3%,3.975,1866Mi,32%,3901,97,97.525,2
Mon 11:52:00,149m,3%,3.725,1866Mi,32%,3901,97,97.525,2
Mon 11:53:00,154m,3%,3.85,1866Mi,32%,3901,97,97.525,2
Mon 11:54:00,159m,3%,3.975,1866Mi,32%,3901,97,97.525,3
Mon 11:55:00,151m,3%,3.775,1866Mi,32%,3901,97,97.525,2
Mon 11:56:00,158m,3%,3.95,1871Mi,32%,3901,97,97.525,2
Mon 11:57:00,184m,4%,4.6,1866Mi,32%,3901,97,97.525,2
Mon 11:58:00,153m,3%,3.825,1866Mi,32%,3764,94,94.1,0
Mon 11:59:00,194m,4%,4.85,1881Mi,32%,3901,97,97.525,0
Mon 12:00:01,1327m,33%,33.175,1873Mi,32%,3901,97,97.525,0
Mon 12:01:00,184m,4%,4.6,1873Mi,32%,3764,94,94.1,0
Mon 12:02:00,439m,10%,10.975,1874Mi,32%,3764,94,94.1,0
Mon 12:03:01,357m,8%,8.925,1873Mi,32%,3764,94,94.1,0
Mon 12:04:01,148m,3%,3.7,1874Mi,32%,3764,94,94.1,0
Mon 12:05:00,364m,9%,9.1,1874Mi,32%,3764,94,94.1,0
Mon 12:06:00,357m,8%,8.925,1873Mi,32%,3764,94,94.1,0
Mon 12:07:00,153m,3%,3.825,1873Mi,32%,3764,94,94.1,0
Mon 12:08:00,346m,8%,8.65,1873Mi,32%,3627,90,90.675,0
Mon 12:09:00,391m,9%,9.775,1869Mi,32%,3627,90,90.675,0
Mon 12:10:01,266m,6%,6.65,1869Mi,32%,3627,90,90.675,0
Mon 12:11:01,245m,6%,6.125,1869Mi,32%,3627,90,90.675,0
Mon 12:12:01,355m,8%,8.875,1869Mi,32%,3627,90,90.675,0
Mon 12:13:01,269m,6%,6.725,1869Mi,32%,3627,90,90.675,0
Mon 12:14:01,408m,10%,10.2,1884Mi,32%,3627,90,90.675,0
Mon 12:15:01,222m,5%,5.55,1868Mi,32%,3627,90,90.675,0
Mon 12:16:01,359m,8%,8.975,1869Mi,32%,3764,94,94.1,0
Mon 12:17:00,370m,9%,9.25,1872Mi,32%,3764,94,94.1,0
Mon 12:18:00,153m,3%,3.825,1872Mi,32%,3764,94,94.1,0
Mon 12:19:00,363m,9%,9.075,1872Mi,32%,3764,94,94.1,0
Mon 12:20:00,362m,9%,9.05,1872Mi,32%,3764,94,94.1,0
Mon 12:21:00,147m,3%,3.675,1872Mi,32%,3901,97,97.525,0
Mon 12:22:00,376m,9%,9.4,1875Mi,32%,3901,97,97.525,0
Mon 12:23:00,171m,4%,4.275,1875Mi,32%,3901,97,97.525,0
Mon 12:24:00,152m,3%,3.8,1876Mi,32%,3764,94,94.1,0
Mon 12:25:00,441m,11%,11.025,1872Mi,32%,3901,97,97.525,0
Mon 12:26:00,166m,4%,4.15,1876Mi,32%,3901,97,97.525,0
Mon 12:27:00,187m,4%,4.675,1876Mi,32%,3627,90,90.675,0
Mon 12:28:00,663m,16%,16.575,1886Mi,32%,3627,90,90.675,0
Mon 12:29:00,1169m,29%,29.225,1866Mi,32%,3764,94,94.1,0
Mon 12:30:00,175m,4%,4.375,1876Mi,32%,3764,94,94.1,0
Mon 12:31:00,309m,7%,7.725,1880Mi,32%,3764,94,94.1,0
Mon 12:32:00,312m,7%,7.8,1874Mi,32%,3764,94,94.1,0
Mon 12:33:00,156m,3%,3.9,1874Mi,32%,3764,94,94.1,0
Mon 12:34:00,302m,7%,7.55,1874Mi,32%,3764,94,94.1,0
Mon 12:35:00,313m,7%,7.825,1874Mi,32%,3764,94,94.1,0
Mon 12:36:00,153m,3%,3.825,1874Mi,32%,3764,94,94.1,0
Mon 12:37:00,307m,7%,7.675,1874Mi,32%,3764,94,94.1,0
Mon 12:38:00,306m,7%,7.65,1874Mi,32%,3764,94,94.1,0
Mon 12:39:00,168m,4%,4.2,1873Mi,32%,3764,94,94.1,0
Mon 12:40:00,305m,7%,7.625,1873Mi,32%,3764,94,94.1,0
Mon 12:41:00,305m,7%,7.625,1873Mi,32%,3764,94,94.1,0
Mon 12:42:00,154m,3%,3.85,1873Mi,32%,3764,94,94.1,0
Mon 12:43:00,502m,12%,12.55,1874Mi,32%,3764,94,94.1,0
Mon 12:44:00,151m,3%,3.775,1873Mi,32%,3764,94,94.1,0
Mon 12:45:00,308m,7%,7.7,1873Mi,32%,3764,94,94.1,0
Mon 12:46:00,491m,12%,12.275,1873Mi,32%,3901,97,97.525,0
Mon 12:47:00,167m,4%,4.175,1876Mi,32%,3901,97,97.525,0
Mon 12:48:01,160m,4%,4,1876Mi,32%,3901,97,97.525,0
Mon 12:49:00,160m,4%,4,1877Mi,32%,3901,97,97.525,0
Mon 12:50:00,148m,3%,3.7,1877Mi,32%,3764,94,94.1,0
Mon 12:51:00,366m,9%,9.15,1874Mi,32%,3901,97,97.525,0
Mon 12:52:00,183m,4%,4.575,1877Mi,32%,3901,97,97.525,0
Mon 12:53:00,149m,3%,3.725,1877Mi,32%,3901,97,97.525,0
Mon 12:54:00,158m,3%,3.95,1877Mi,32%,3764,94,94.1,0
Mon 12:55:00,373m,9%,9.325,1874Mi,32%,3901,97,97.525,0
Mon 12:56:00,184m,4%,4.6,1879Mi,32%,3764,94,94.1,0
Mon 12:57:00,308m,7%,7.7,1874Mi,32%,3901,97,97.525,0
Mon 12:58:00,358m,8%,8.95,1876Mi,32%,3901,97,97.525,0
Mon 12:59:00,177m,4%,4.425,1877Mi,32%,3901,97,97.525,0
Mon 13:00:00,151m,3%,3.775,1880Mi,32%,3901,97,97.525,0
Mon 13:01:00,159m,3%,3.975,1880Mi,32%,3901,97,97.525,0
Mon 13:02:00,154m,3%,3.85,1879Mi,32%,3901,97,97.525,0
Mon 13:03:00,156m,3%,3.9,1878Mi,32%,3901,97,97.525,0
Mon 13:04:00,153m,3%,3.825,1878Mi,32%,3901,97,97.525,0
Mon 13:05:00,152m,3%,3.8,1877Mi,32%,3901,97,97.525,0
Mon 13:06:00,150m,3%,3.75,1877Mi,32%,3901,97,97.525,0
Mon 13:07:00,155m,3%,3.875,1877Mi,32%,3901,97,97.525,0
Mon 13:08:00,148m,3%,3.7,1877Mi,32%,3901,97,97.525,2
Mon 13:09:00,156m,3%,3.9,1877Mi,32%,3901,97,97.525,2
Mon 13:10:00,152m,3%,3.8,1877Mi,32%,3901,97,97.525,2
Mon 13:11:00,153m,3%,3.825,1877Mi,32%,3901,97,97.525,0
Mon 13:12:00,457m,11%,11.425,1900Mi,32%,3901,97,97.525,0
Mon 13:13:00,152m,3%,3.8,1900Mi,32%,3901,97,97.525,0
Mon 13:14:00,152m,3%,3.8,1900Mi,32%,3764,94,94.1,0
Mon 13:15:00,312m,7%,7.8,1897Mi,32%,3627,90,90.675,0
Mon 13:16:00,279m,6%,6.975,1894Mi,32%,3764,94,94.1,0
Mon 13:17:00,165m,4%,4.125,1899Mi,32%,3764,94,94.1,0
Mon 13:18:00,260m,6%,6.5,1897Mi,32%,3764,94,94.1,0
Mon 13:19:01,259m,6%,6.475,1897Mi,32%,3764,94,94.1,0
Mon 13:20:01,149m,3%,3.725,1897Mi,32%,3627,90,90.675,0
Mon 13:21:00,262m,6%,6.55,1894Mi,32%,3764,94,94.1,0
Mon 13:22:00,274m,6%,6.85,1896Mi,32%,3764,94,94.1,0
Mon 13:23:00,175m,4%,4.375,1896Mi,32%,3764,94,94.1,0
Mon 13:24:01,235m,5%,5.875,1896Mi,32%,3627,90,90.675,0
Mon 13:25:00,305m,7%,7.625,1893Mi,32%,3079,76,76.975,0
Mon 13:26:00,680m,17%,17,1883Mi,32%,3079,76,76.975,0
Mon 13:27:00,655m,16%,16.375,1878Mi,32%,3079,76,76.975,0
Mon 13:28:00,252m,6%,6.3,1878Mi,32%,3079,76,76.975,0
Mon 13:29:00,226m,5%,5.65,1880Mi,32%,3216,80,80.4,0
Mon 13:30:00,167m,4%,4.175,1883Mi,32%,3216,80,80.4,0
Mon 13:31:01,224m,5%,5.6,1882Mi,32%,3216,80,80.4,0
Mon 13:32:00,225m,5%,5.625,1882Mi,32%,3216,80,80.4,0
Mon 13:33:00,156m,3%,3.9,1882Mi,32%,3216,80,80.4,0
Mon 13:34:00,224m,5%,5.6,1883Mi,32%,3216,80,80.4,0
Mon 13:35:00,232m,5%,5.8,1883Mi,32%,3216,80,80.4,0
Mon 13:36:00,155m,3%,3.875,1883Mi,32%,3216,80,80.4,0
Mon 13:37:00,225m,5%,5.625,1883Mi,32%,3216,80,80.4,0
Mon 13:38:00,225m,5%,5.625,1883Mi,32%,3353,83,83.825,0
Mon 13:39:00,174m,4%,4.35,1885Mi,32%,3353,83,83.825,0
Mon 13:40:00,224m,5%,5.6,1885Mi,32%,3216,80,80.4,0
Mon 13:41:00,228m,5%,5.7,1882Mi,32%,3216,80,80.4,0
Mon 13:42:00,161m,4%,4.025,1882Mi,32%,3216,80,80.4,0
Mon 13:43:00,229m,5%,5.725,1882Mi,32%,3216,80,80.4,0
Mon 13:44:00,230m,5%,5.75,1882Mi,32%,3216,80,80.4,0
Mon 13:45:00,160m,4%,4,1882Mi,32%,3216,80,80.4,0
Mon 13:46:00,320m,8%,8,1882Mi,32%,3353,83,83.825,0
Mon 13:47:00,174m,4%,4.35,1885Mi,32%,3353,83,83.825,0
Mon 13:48:00,229m,5%,5.725,1884Mi,32%,3353,83,83.825,0
Mon 13:49:00,228m,5%,5.7,1884Mi,32%,3353,83,83.825,0
Mon 13:50:00,158m,3%,3.95,1884Mi,32%,3216,80,80.4,0
Mon 13:51:00,231m,5%,5.775,1882Mi,32%,3353,83,83.825,0
Mon 13:52:00,247m,6%,6.175,1884Mi,32%,3353,83,83.825,0
Mon 13:53:00,205m,5%,5.125,1884Mi,32%,3353,83,83.825,0
Mon 13:54:00,180m,4%,4.5,1885Mi,32%,3216,80,80.4,0
Mon 13:55:00,592m,14%,14.8,1884Mi,32%,3353,83,83.825,0
Mon 13:56:00,392m,9%,9.8,1881Mi,32%,3216,80,80.4,0
Mon 13:57:00,199m,4%,4.975,1880Mi,32%,3216,80,80.4,0
Mon 13:58:00,187m,4%,4.675,1882Mi,32%,3216,80,80.4,0
Mon 13:59:00,204m,5%,5.1,1884Mi,32%,3353,83,83.825,0
Mon 14:00:00,175m,4%,4.375,1887Mi,32%,3353,83,83.825,0
Mon 14:01:00,189m,4%,4.725,1887Mi,32%,3353,83,83.825,0
Mon 14:02:00,183m,4%,4.575,1886Mi,32%,3353,83,83.825,0
Mon 14:03:00,158m,3%,3.95,1886Mi,32%,3353,83,83.825,0
Mon 14:04:00,185m,4%,4.625,1885Mi,32%,3353,83,83.825,0
Mon 14:05:00,184m,4%,4.6,1885Mi,32%,3490,87,87.25,0
Mon 14:06:00,172m,4%,4.3,1888Mi,32%,3490,87,87.25,0
Mon 14:07:00,184m,4%,4.6,1887Mi,32%,3353,83,83.825,0
Mon 14:08:00,186m,4%,4.65,1885Mi,32%,3353,83,83.825,0
Mon 14:09:00,188m,4%,4.7,1885Mi,32%,3353,83,83.825,0
Mon 14:10:00,155m,3%,3.875,1885Mi,32%,3353,83,83.825,0
Mon 14:11:01,192m,4%,4.8,1885Mi,32%,3353,83,83.825,0
Mon 14:12:01,182m,4%,4.55,1884Mi,32%,3353,83,83.825,0
Mon 14:13:01,152m,3%,3.8,1885Mi,32%,3353,83,83.825,0
Mon 14:14:00,176m,4%,4.4,1885Mi,32%,3216,80,80.4,0
Mon 14:15:00,209m,5%,5.225,1881Mi,32%,3079,76,76.975,0
Mon 14:16:00,184m,4%,4.6,1878Mi,32%,3079,76,76.975,0
Mon 14:17:00,163m,4%,4.075,1878Mi,32%,3079,76,76.975,0
Mon 14:18:06,186m,4%,4.65,1878Mi,32%,3079,76,76.975,0
Mon 14:19:00,181m,4%,4.525,1878Mi,32%,3079,76,76.975,0
Mon 14:20:00,151m,3%,3.775,1878Mi,32%,2942,73,73.55,0
Mon 14:21:00,178m,4%,4.45,1875Mi,32%,3079,76,76.975,0
Mon 14:22:00,187m,4%,4.675,1878Mi,32%,3079,76,76.975,0
Mon 14:23:00,173m,4%,4.325,1877Mi,32%,2257,56,56.425,0
Mon 14:24:00,291m,7%,7.275,1859Mi,31%,1709,42,42.725,0
Mon 14:25:00,323m,8%,8.075,1846Mi,31%,1709,42,42.725,0
Mon 14:26:00,151m,3%,3.775,1845Mi,31%,1846,46,46.15,0
Mon 14:27:00,150m,3%,3.75,1849Mi,31%,1709,42,42.725,0
Mon 14:28:00,172m,4%,4.3,1846Mi,31%,1709,42,42.725,0
Mon 14:29:00,192m,4%,4.8,1846Mi,31%,1709,42,42.725,0
Mon 14:30:00,125m,3%,3.125,1845Mi,31%,1709,42,42.725,0
Mon 14:31:00,147m,3%,3.675,1846Mi,31%,1709,42,42.725,0
Mon 14:32:00,146m,3%,3.65,1846Mi,31%,1709,42,42.725,0
Mon 14:33:00,134m,3%,3.35,1845Mi,31%,1709,42,42.725,0
Mon 14:34:00,148m,3%,3.7,1845Mi,31%,1709,42,42.725,0
Mon 14:35:00,164m,4%,4.1,1845Mi,31%,1709,42,42.725,0
Mon 14:36:00,146m,3%,3.65,1845Mi,31%,1709,42,42.725,0
Mon 14:37:00,150m,3%,3.75,1845Mi,31%,1846,46,46.15,0
Mon 14:38:00,143m,3%,3.575,1849Mi,31%,1846,46,46.15,0
Mon 14:39:00,149m,3%,3.725,1848Mi,31%,1846,46,46.15,0
Mon 14:40:00,146m,3%,3.65,1848Mi,31%,1846,46,46.15,0
Mon 14:41:01,128m,3%,3.2,1848Mi,31%,1846,46,46.15,0
Mon 14:42:00,146m,3%,3.65,1848Mi,31%,1846,46,46.15,0
Mon 14:43:00,147m,3%,3.675,1848Mi,31%,1983,49,49.575,0
Mon 14:44:00,143m,3%,3.575,1851Mi,31%,1983,49,49.575,0
Mon 14:45:00,150m,3%,3.75,1850Mi,31%,1983,49,49.575,0
Mon 14:46:00,149m,3%,3.725,1851Mi,31%,1983,49,49.575,0
Mon 14:47:00,127m,3%,3.175,1851Mi,31%,1983,49,49.575,0
Mon 14:48:00,149m,3%,3.725,1851Mi,31%,1983,49,49.575,0
Mon 14:49:00,157m,3%,3.925,1850Mi,31%,1983,49,49.575,0
Mon 14:50:00,126m,3%,3.15,1850Mi,31%,1846,46,46.15,0
Mon 14:51:00,183m,4%,4.575,1847Mi,31%,1846,46,46.15,0
Mon 14:52:00,150m,3%,3.75,1847Mi,31%,1846,46,46.15,0
Mon 14:53:00,129m,3%,3.225,1847Mi,31%,1846,46,46.15,0
Mon 14:54:00,261m,6%,6.525,1849Mi,31%,1983,49,49.575,0
Mon 14:55:00,161m,4%,4.025,1852Mi,31%,1983,49,49.575,0
Mon 14:56:00,161m,4%,4.025,1852Mi,31%,1983,49,49.575,0
Mon 14:57:00,131m,3%,3.275,1850Mi,31%,1983,49,49.575,0
Mon 14:58:00,174m,4%,4.35,1851Mi,31%,1983,49,49.575,0
Mon 14:59:00,138m,3%,3.45,1850Mi,31%,2120,53,53,0
Mon 15:00:00,149m,3%,3.725,1854Mi,31%,2120,53,53,0
Mon 15:01:00,136m,3%,3.4,1853Mi,31%,2120,53,53,0
Mon 15:02:00,142m,3%,3.55,1853Mi,31%,1983,49,49.575,0
Mon 15:03:00,129m,3%,3.225,1852Mi,31%,1983,49,49.575,0
Mon 15:04:00,149m,3%,3.725,1850Mi,31%,1983,49,49.575,0
Mon 15:05:00,137m,3%,3.425,1850Mi,31%,1983,49,49.575,0
Mon 15:06:00,141m,3%,3.525,1850Mi,31%,1846,46,46.15,0
Mon 15:07:00,144m,3%,3.6,1847Mi,31%,1846,46,46.15,0
Mon 15:08:00,128m,3%,3.2,1847Mi,31%,1846,46,46.15,0
Mon 15:09:00,146m,3%,3.65,1847Mi,31%,1846,46,46.15,0
Mon 15:10:00,143m,3%,3.575,1847Mi,31%,1846,46,46.15,0
Mon 15:11:00,126m,3%,3.15,1847Mi,31%,1846,46,46.15,0
Mon 15:12:00,142m,3%,3.55,1846Mi,31%,1846,46,46.15,0
Mon 15:13:00,159m,3%,3.975,1847Mi,31%,1846,46,46.15,0
Mon 15:14:00,143m,3%,3.575,1846Mi,31%,1846,46,46.15,0
Mon 15:15:00,125m,3%,3.125,1847Mi,31%,1846,46,46.15,0
Mon 15:16:00,143m,3%,3.575,1847Mi,31%,1846,46,46.15,0
Mon 15:17:00,146m,3%,3.65,1847Mi,31%,1846,46,46.15,0
Mon 15:18:00,126m,3%,3.15,1847Mi,31%,1846,46,46.15,0
Mon 15:19:00,146m,3%,3.65,1847Mi,31%,1846,46,46.15,0
Mon 15:20:00,144m,3%,3.6,1847Mi,31%,1846,46,46.15,0
Mon 15:21:00,124m,3%,3.1,1847Mi,31%,1983,49,49.575,0
Mon 15:22:00,162m,4%,4.05,1848Mi,31%,1572,39,39.3,0
Mon 15:23:01,188m,4%,4.7,1841Mi,31%,1435,35,35.875,0
Mon 15:24:00,148m,3%,3.7,1838Mi,31%,1298,32,32.45,0
Mon 15:25:00,160m,4%,4,1834Mi,31%,1435,35,35.875,0
Mon 15:26:00,139m,3%,3.475,1837Mi,31%,1298,32,32.45,0
Mon 15:27:00,159m,3%,3.975,1834Mi,31%,1298,32,32.45,0
Mon 15:28:00,137m,3%,3.425,1834Mi,31%,1298,32,32.45,0
Mon 15:29:00,157m,3%,3.925,1834Mi,31%,1435,35,35.875,0
Mon 15:30:00,152m,3%,3.8,1837Mi,31%,1435,35,35.875,0
Mon 15:31:00,123m,3%,3.075,1837Mi,31%,1435,35,35.875,0
Mon 15:32:00,139m,3%,3.475,1837Mi,31%,1435,35,35.875,0
Mon 15:33:00,138m,3%,3.45,1837Mi,31%,1435,35,35.875,0
Mon 15:34:00,129m,3%,3.225,1837Mi,31%,1435,35,35.875,0
Mon 15:35:00,133m,3%,3.325,1837Mi,31%,1435,35,35.875,0
Mon 15:36:00,138m,3%,3.45,1837Mi,31%,1435,35,35.875,0
Mon 15:37:00,123m,3%,3.075,1837Mi,31%,1435,35,35.875,0
Mon 15:38:00,136m,3%,3.4,1837Mi,31%,1435,35,35.875,0
Mon 15:39:00,144m,3%,3.6,1837Mi,31%,1435,35,35.875,0
Mon 15:40:00,126m,3%,3.15,1837Mi,31%,1435,35,35.875,0
Mon 15:41:00,134m,3%,3.35,1837Mi,31%,1435,35,35.875,0
Mon 15:42:00,169m,4%,4.225,1845Mi,31%,1572,39,39.3,0
Mon 15:43:00,158m,3%,3.95,1848Mi,31%,1572,39,39.3,0
Mon 15:44:00,125m,3%,3.125,1848Mi,31%,1572,39,39.3,0
Mon 15:45:00,141m,3%,3.525,1848Mi,31%,1572,39,39.3,0
Mon 15:46:00,141m,3%,3.525,1848Mi,31%,1709,42,42.725,0
Mon 15:47:00,137m,3%,3.425,1851Mi,31%,1709,42,42.725,0
Mon 15:48:00,143m,3%,3.575,1851Mi,31%,1709,42,42.725,0
Mon 15:49:00,144m,3%,3.6,1851Mi,31%,1572,39,39.3,0
Mon 15:50:00,123m,3%,3.075,1851Mi,31%,1572,39,39.3,0
Mon 15:51:00,146m,3%,3.65,1848Mi,31%,1709,42,42.725,0
Mon 15:52:00,158m,3%,3.95,1851Mi,31%,1709,42,42.725,0
Mon 15:53:00,143m,3%,3.575,1851Mi,31%,1709,42,42.725,0
Mon 15:54:00,126m,3%,3.15,1851Mi,31%,1572,39,39.3,0
Mon 15:55:00,165m,4%,4.125,1848Mi,31%,1572,39,39.3,0
Mon 15:56:00,149m,3%,3.725,1848Mi,31%,1572,39,39.3,0
Mon 15:57:00,127m,3%,3.175,1848Mi,31%,1572,39,39.3,0
Mon 15:58:00,175m,4%,4.375,1848Mi,31%,1572,39,39.3,0
Mon 15:59:00,158m,3%,3.95,1848Mi,31%,1709,42,42.725,0
Mon 16:00:00,159m,3%,3.975,1851Mi,31%,1709,42,42.725,0
Mon 16:01:00,124m,3%,3.1,1851Mi,31%,1709,42,42.725,0
Mon 16:02:00,140m,3%,3.5,1851Mi,31%,1709,42,42.725,0
Mon 16:03:01,141m,3%,3.525,1851Mi,31%,1709,42,42.725,0
Mon 16:04:00,132m,3%,3.3,1851Mi,31%,1709,42,42.725,0
Mon 16:05:00,139m,3%,3.475,1851Mi,31%,1709,42,42.725,0
Mon 16:06:00,140m,3%,3.5,1851Mi,31%,1709,42,42.725,0
Mon 16:07:00,127m,3%,3.175,1851Mi,31%,1846,46,46.15,0
Mon 16:08:00,161m,4%,4.025,1854Mi,31%,1846,46,46.15,0
Mon 16:09:00,141m,3%,3.525,1854Mi,31%,1846,46,46.15,0
Mon 16:10:00,130m,3%,3.25,1854Mi,31%,1846,46,46.15,0
Mon 16:11:00,178m,4%,4.45,1854Mi,31%,1709,42,42.725,0
Mon 16:12:00,147m,3%,3.675,1851Mi,31%,1709,42,42.725,0
Mon 16:13:00,144m,3%,3.6,1851Mi,31%,1709,42,42.725,0
Mon 16:14:00,126m,3%,3.15,1851Mi,31%,1846,46,46.15,0
Mon 16:15:00,159m,3%,3.975,1855Mi,31%,1709,42,42.725,0
Mon 16:16:00,146m,3%,3.65,1851Mi,31%,1709,42,42.725,0
Mon 16:17:00,133m,3%,3.325,1851Mi,31%,1709,42,42.725,0
Mon 16:18:00,137m,3%,3.425,1852Mi,31%,1709,42,42.725,0
Mon 16:19:00,149m,3%,3.725,1852Mi,31%,1572,39,39.3,0
Mon 16:20:00,158m,3%,3.95,1848Mi,31%,1572,39,39.3,0
Mon 16:21:00,123m,3%,3.075,1848Mi,31%,1572,39,39.3,0
Mon 16:22:00,144m,3%,3.6,1849Mi,31%,1709,42,42.725,0
Mon 16:23:01,160m,4%,4,1851Mi,31%,1709,42,42.725,0
Mon 16:24:00,136m,3%,3.4,1851Mi,31%,1709,42,42.725,0
Mon 16:25:00,163m,4%,4.075,1851Mi,31%,1709,42,42.725,0
Mon 16:26:00,164m,4%,4.1,1851Mi,31%,1572,39,39.3,0
Mon 16:27:00,167m,4%,4.175,1848Mi,31%,1435,35,35.875,0
Mon 16:28:00,166m,4%,4.15,1845Mi,31%,1435,35,35.875,0
Mon 16:29:00,185m,4%,4.625,1846Mi,31%,1572,39,39.3,0
Mon 16:30:00,180m,4%,4.5,1849Mi,31%,1572,39,39.3,0
Mon 16:31:00,140m,3%,3.5,1848Mi,31%,1572,39,39.3,0
Mon 16:32:00,161m,4%,4.025,1848Mi,31%,1572,39,39.3,0
Mon 16:33:00,158m,3%,3.95,1848Mi,31%,1572,39,39.3,0
Mon 16:34:00,146m,3%,3.65,1848Mi,31%,1572,39,39.3,0
Mon 16:35:00,160m,4%,4,1848Mi,31%,1572,39,39.3,0
Mon 16:36:00,203m,5%,5.075,1849Mi,31%,1572,39,39.3,0
Mon 16:37:00,137m,3%,3.425,1848Mi,31%,1709,42,42.725,0
Mon 16:38:00,171m,4%,4.275,1851Mi,31%,1709,42,42.725,0
Mon 16:39:00,160m,4%,4,1851Mi,31%,1572,39,39.3,0
Mon 16:40:00,164m,4%,4.1,1849Mi,31%,1572,39,39.3,0
Mon 16:41:00,146m,3%,3.65,1848Mi,31%,1572,39,39.3,0
Mon 16:42:00,169m,4%,4.225,1848Mi,31%,1572,39,39.3,0
Mon 16:43:00,165m,4%,4.125,1848Mi,31%,1572,39,39.3,0
Mon 16:44:01,181m,4%,4.525,1848Mi,31%,1709,42,42.725,0
Mon 16:45:00,181m,4%,4.525,1852Mi,31%,1709,42,42.725,0
Mon 16:46:00,145m,3%,3.625,1852Mi,31%,1709,42,42.725,0
Mon 16:47:00,167m,4%,4.175,1851Mi,31%,1709,42,42.725,0
Mon 16:48:00,164m,4%,4.1,1851Mi,31%,1846,46,46.15,0
Mon 16:49:00,161m,4%,4.025,1854Mi,31%,1846,46,46.15,0
Mon 16:50:00,168m,4%,4.2,1854Mi,31%,1709,42,42.725,0
Mon 16:51:00,168m,4%,4.2,1854Mi,31%,1709,42,42.725,0
Mon 16:52:00,171m,4%,4.275,1851Mi,31%,1846,46,46.15,0
Mon 16:53:00,188m,4%,4.7,1855Mi,31%,1846,46,46.15,0
Mon 16:54:00,169m,4%,4.225,1855Mi,31%,1846,46,46.15,0
Mon 16:55:00,145m,3%,3.625,1855Mi,31%,1846,46,46.15,0
Mon 16:56:00,175m,4%,4.375,1855Mi,31%,1846,46,46.15,0
Mon 16:57:00,168m,4%,4.2,1855Mi,31%,1709,42,42.725,0
Mon 16:58:00,178m,4%,4.45,1851Mi,31%,1709,42,42.725,0
Mon 16:59:01,188m,4%,4.7,1852Mi,31%,1709,42,42.725,0
Mon 17:00:00,170m,4%,4.25,1852Mi,31%,1709,42,42.725,0
