Mon 17:00:00,110m,2%,2.75,1432Mi,24%,750,18,18.75,0
Mon 17:01:01,120m,3%,3,1435Mi,24%,824,20,20.6,0
Mon 17:02:01,117m,2%,2.925,1435Mi,24%,898,22,22.45,0
Mon 17:03:00,127m,3%,3.175,1439Mi,24%,972,24,24.3,0
Mon 17:04:00,135m,3%,3.375,1443Mi,24%,1046,26,26.15,0
Mon 17:05:00,127m,3%,3.175,1447Mi,24%,1046,26,26.15,0
Mon 17:06:00,124m,3%,3.1,1449Mi,24%,1046,26,26.15,0
Mon 17:07:00,128m,3%,3.2,1449Mi,24%,1120,28,28,0
Mon 17:08:00,133m,3%,3.325,1454Mi,25%,1120,28,28,0
Mon 17:09:00,131m,3%,3.275,1455Mi,25%,1046,26,26.15,0
Mon 17:10:00,138m,3%,3.45,1453Mi,25%,972,24,24.3,0
Mon 17:11:00,144m,3%,3.6,1451Mi,24%,898,22,22.45,0
Mon 17:12:00,138m,3%,3.45,1448Mi,24%,824,20,20.6,0
Mon 17:13:00,141m,3%,3.525,1447Mi,24%,898,22,22.45,0
Mon 17:14:00,144m,3%,3.6,1461Mi,25%,972,24,24.3,0
Mon 17:15:00,129m,3%,3.225,1456Mi,25%,898,22,22.45,0
Mon 17:16:00,137m,3%,3.425,1457Mi,25%,898,22,22.45,0
Mon 17:17:00,143m,3%,3.575,1455Mi,25%,972,24,24.3,0
Mon 17:18:00,151m,3%,3.775,1460Mi,25%,972,24,24.3,0
Mon 17:19:00,142m,3%,3.55,1460Mi,25%,972,24,24.3,0
Mon 17:20:00,123m,3%,3.075,1460Mi,25%,1046,26,26.15,0
Mon 17:21:00,153m,3%,3.825,1465Mi,25%,1046,26,26.15,0
Mon 17:22:00,161m,4%,4.025,1464Mi,25%,972,24,24.3,2
Mon 17:23:00,149m,3%,3.725,1463Mi,25%,1046,26,26.15,0
Mon 17:24:00,160m,4%,4,1465Mi,25%,1120,28,28,0
Mon 17:25:00,132m,3%,3.3,1469Mi,25%,1120,28,28,0
Mon 17:26:00,190m,4%,4.75,1467Mi,25%,1120,28,28,0
Mon 17:27:00,154m,3%,3.85,1468Mi,25%,1194,29,29.85,0
Mon 17:28:00,140m,3%,3.5,1473Mi,25%,1194,29,29.85,0
Mon 17:29:00,156m,3%,3.9,1473Mi,25%,1120,28,28,0
Mon 17:30:00,163m,4%,4.075,1470Mi,25%,1120,28,28,0
Mon 17:31:00,173m,4%,4.325,1471Mi,25%,1120,28,28,0
Mon 17:32:00,173m,4%,4.325,1473Mi,25%,1046,26,26.15,0
Mon 17:33:00,202m,5%,5.05,1469Mi,25%,972,24,24.3,0
Mon 17:34:00,160m,4%,4,1467Mi,25%,1046,26,26.15,0
Mon 17:35:00,168m,4%,4.2,1471Mi,25%,1046,26,26.15,0
Mon 17:36:01,176m,4%,4.4,1472Mi,25%,1120,28,28,0
Mon 17:37:01,172m,4%,4.3,1476Mi,25%,1194,29,29.85,0
Mon 17:38:00,132m,3%,3.3,1479Mi,25%,1268,31,31.7,0
Mon 17:39:00,177m,4%,4.425,1484Mi,25%,1268,31,31.7,0
Mon 17:40:00,181m,4%,4.525,1484Mi,25%,1194,29,29.85,0
Mon 17:41:00,168m,4%,4.2,1481Mi,25%,1268,31,31.7,0
Mon 17:42:00,180m,4%,4.5,1486Mi,25%,1268,31,31.7,0
Mon 17:43:00,183m,4%,4.575,1486Mi,25%,1194,29,29.85,0
Mon 17:44:00,220m,5%,5.5,1484Mi,25%,1120,28,28,0
Mon 17:45:00,165m,4%,4.125,1481Mi,25%,1046,26,26.15,0
Mon 17:46:00,181m,4%,4.525,1478Mi,25%,972,24,24.3,0
Mon 17:47:00,188m,4%,4.7,1476Mi,25%,972,24,24.3,0
Mon 17:48:00,204m,5%,5.1,1476Mi,25%,1046,26,26.15,0
Mon 17:49:00,211m,5%,5.275,1480Mi,25%,1046,26,26.15,0
Mon 17:50:00,132m,3%,3.3,1481Mi,25%,1046,26,26.15,0
Mon 17:51:00,204m,5%,5.1,1483Mi,25%,972,24,24.3,0
Mon 17:52:00,187m,4%,4.675,1479Mi,25%,1046,26,26.15,0
Mon 17:53:00,198m,4%,4.95,1484Mi,25%,1120,28,28,0
Mon 17:54:00,196m,4%,4.9,1487Mi,25%,1120,28,28,0
Mon 17:55:00,128m,3%,3.2,1486Mi,25%,1046,26,26.15,2
Mon 17:56:00,249m,6%,6.225,1484Mi,25%,1046,26,26.15,0
Mon 17:57:00,209m,5%,5.225,1485Mi,25%,1120,28,28,0
Mon 17:58:00,206m,5%,5.15,1489Mi,25%,1046,26,26.15,0
Mon 17:59:01,214m,5%,5.35,1486Mi,25%,1120,28,28,0
Mon 18:00:00,215m,5%,5.375,1490Mi,25%,1194,29,29.85,0
Mon 18:01:00,148m,3%,3.7,1493Mi,25%,1194,29,29.85,0
Mon 18:02:00,219m,5%,5.475,1495Mi,25%,1194,29,29.85,0
Mon 18:03:00,213m,5%,5.325,1495Mi,25%,1194,29,29.85,0
Mon 18:04:00,201m,5%,5.025,1495Mi,25%,1194,29,29.85,0
Mon 18:05:00,219m,5%,5.475,1496Mi,25%,1194,29,29.85,0
Mon 18:06:00,250m,6%,6.25,1497Mi,25%,1194,29,29.85,0
Mon 18:07:00,206m,5%,5.15,1498Mi,25%,1194,29,29.85,0
Mon 18:08:00,227m,5%,5.675,1498Mi,25%,1120,28,28,0
Mon 18:09:00,213m,5%,5.325,1495Mi,25%,1046,26,26.15,0
Mon 18:10:00,254m,6%,6.35,1492Mi,25%,1120,28,28,0
Mon 18:11:00,141m,3%,3.525,1495Mi,25%,1120,28,28,0
Mon 18:12:00,225m,5%,5.625,1496Mi,25%,1046,26,26.15,0
Mon 18:13:00,213m,5%,5.325,1493Mi,25%,1046,26,26.15,0
Mon 18:14:00,303m,7%,7.575,1494Mi,25%,1120,28,28,0
Mon 18:15:00,222m,5%,5.55,1498Mi,25%,1046,26,26.15,2
Mon 18:16:00,223m,5%,5.575,1497Mi,25%,1120,28,28,0
Mon 18:17:00,135m,3%,3.375,1498Mi,25%,1120,28,28,0
Mon 18:18:00,215m,5%,5.375,1498Mi,25%,1120,28,28,0
Mon 18:19:00,225m,5%,5.625,1499Mi,25%,1120,28,28,0
Mon 18:20:00,312m,7%,7.8,1501Mi,25%,1194,29,29.85,0
Mon 18:21:00,227m,5%,5.675,1505Mi,25%,1120,28,28,0
Mon 18:22:00,220m,5%,5.5,1501Mi,25%,1120,28,28,0
Mon 18:23:00,127m,3%,3.175,1502Mi,25%,1120,28,28,0
Mon 18:24:00,243m,6%,6.075,1503Mi,25%,1046,26,26.15,0
Mon 18:25:00,229m,5%,5.725,1500Mi,25%,1120,28,28,0
Mon 18:26:00,242m,6%,6.05,1504Mi,25%,1120,28,28,0
Mon 18:27:00,250m,6%,6.25,1504Mi,25%,1120,28,28,2
Mon 18:28:00,289m,7%,7.225,1506Mi,25%,1120,28,28,0
Mon 18:29:00,133m,3%,3.325,1505Mi,25%,1046,26,26.15,0
Mon 18:30:00,230m,5%,5.75,1502Mi,25%,1120,28,28,0
Mon 18:31:00,241m,6%,6.025,1506Mi,25%,1120,28,28,0
Mon 18:32:00,241m,6%,6.025,1508Mi,25%,1194,29,29.85,0
Mon 18:33:00,241m,6%,6.025,1511Mi,26%,1120,28,28,0
Mon 18:34:00,234m,5%,5.85,1508Mi,25%,1120,28,28,0
Mon 18:35:00,128m,3%,3.2,1509Mi,25%,1120,28,28,0
Mon 18:36:00,266m,6%,6.65,1509Mi,25%,1120,28,28,0
Mon 18:37:00,245m,6%,6.125,1510Mi,25%,1194,29,29.85,0
Mon 18:38:00,241m,6%,6.025,1513Mi,26%,1120,28,28,0
Mon 18:39:00,235m,5%,5.875,1510Mi,25%,1046,26,26.15,0
Mon 18:40:00,130m,3%,3.25,1516Mi,26%,1120,28,28,0
Mon 18:41:00,279m,6%,6.975,1511Mi,26%,1046,26,26.15,0
Mon 18:42:00,229m,5%,5.725,1508Mi,25%,1046,26,26.15,0
Mon 18:43:00,229m,5%,5.725,1509Mi,25%,1046,26,26.15,0
Mon 18:44:00,243m,6%,6.075,1511Mi,26%,1046,26,26.15,0
Mon 18:45:00,238m,5%,5.95,1511Mi,26%,972,24,24.3,0
Mon 18:46:00,139m,3%,3.475,1527Mi,26%,1046,26,26.15,0
Mon 18:47:00,265m,6%,6.625,1512Mi,26%,1120,28,28,0
Mon 18:48:00,239m,5%,5.975,1515Mi,26%,1120,28,28,0
Mon 18:49:00,245m,6%,6.125,1516Mi,26%,1194,29,29.85,0
Mon 18:50:00,239m,5%,5.975,1520Mi,26%,1268,31,31.7,0
Mon 18:51:00,175m,4%,4.375,1535Mi,26%,1268,31,31.7,2
Mon 18:52:00,193m,4%,4.825,1523Mi,26%,1268,31,31.7,0
Mon 18:53:00,248m,6%,6.2,1525Mi,26%,1268,31,31.7,0
Mon 18:54:00,246m,6%,6.15,1525Mi,26%,1268,31,31.7,0
Mon 18:55:00,240m,6%,6,1526Mi,26%,1268,31,31.7,0
Mon 18:56:00,337m,8%,8.425,1527Mi,26%,1268,31,31.7,0
Mon 18:57:00,242m,6%,6.05,1526Mi,26%,1194,29,29.85,0
Mon 18:58:00,178m,4%,4.45,1532Mi,26%,1268,31,31.7,0
Mon 18:59:00,223m,5%,5.575,1526Mi,26%,1268,31,31.7,0
Mon 19:00:00,244m,6%,6.1,1526Mi,26%,1268,31,31.7,0
Mon 19:01:00,249m,6%,6.225,1526Mi,26%,1194,29,29.85,0
Mon 19:02:00,336m,8%,8.4,1524Mi,26%,1120,28,28,0
Mon 19:03:00,241m,6%,6.025,1521Mi,26%,1046,26,26.15,0
Mon 19:04:00,206m,5%,5.15,1531Mi,26%,1046,26,26.15,0
Mon 19:05:00,207m,5%,5.175,1515Mi,26%,1046,26,26.15,0
Mon 19:06:00,251m,6%,6.275,1514Mi,26%,972,24,24.3,0
Mon 19:07:00,232m,5%,5.8,1511Mi,26%,972,24,24.3,0
Mon 19:08:00,354m,8%,8.85,1511Mi,26%,898,22,22.45,0
Mon 19:09:00,239m,5%,5.975,1508Mi,25%,898,22,22.45,0
Mon 19:10:00,206m,5%,5.15,1525Mi,26%,972,24,24.3,0
Mon 19:11:00,159m,3%,3.975,1512Mi,26%,972,24,24.3,0
Mon 19:12:00,229m,5%,5.725,1513Mi,26%,1046,26,26.15,0
Mon 19:13:00,232m,5%,5.8,1521Mi,26%,1046,26,26.15,0
Mon 19:14:00,261m,6%,6.525,1516Mi,26%,1046,26,26.15,0
Mon 19:15:00,220m,5%,5.5,1522Mi,26%,1046,26,26.15,0
Mon 19:16:00,244m,6%,6.1,1516Mi,26%,1046,26,26.15,0
Mon 19:17:00,222m,5%,5.55,1516Mi,26%,1046,26,26.15,0
Mon 19:18:00,120m,3%,3,1517Mi,26%,1046,26,26.15,0
Mon 19:19:00,358m,8%,8.95,1518Mi,26%,1046,26,26.15,0
Mon 19:20:00,226m,5%,5.65,1518Mi,26%,1046,26,26.15,0
Mon 19:21:00,248m,6%,6.2,1518Mi,26%,1046,26,26.15,0
Mon 19:22:00,225m,5%,5.625,1518Mi,26%,1046,26,26.15,0
Mon 19:23:00,250m,6%,6.25,1518Mi,26%,1046,26,26.15,0
Mon 19:24:00,352m,8%,8.8,1520Mi,26%,1046,26,26.15,0
Mon 19:25:00,228m,5%,5.7,1520Mi,26%,1046,26,26.15,0
Mon 19:26:00,121m,3%,3.025,1520Mi,26%,1046,26,26.15,0
Mon 19:27:00,232m,5%,5.8,1520Mi,26%,1046,26,26.15,0
Mon 19:28:00,254m,6%,6.35,1520Mi,26%,1046,26,26.15,0
Mon 19:29:01,366m,9%,9.15,1523Mi,26%,1046,26,26.15,0
Mon 19:30:01,230m,5%,5.75,1522Mi,26%,1046,26,26.15,0
Mon 19:31:00,247m,6%,6.175,1531Mi,26%,1046,26,26.15,0
Mon 19:32:00,228m,5%,5.7,1530Mi,26%,972,24,24.3,0
Mon 19:33:00,239m,5%,5.975,1527Mi,26%,1046,26,26.15,0
Mon 19:34:00,245m,6%,6.125,1531Mi,26%,1046,26,26.15,0
Mon 19:35:00,231m,5%,5.775,1531Mi,26%,972,24,24.3,0
Mon 19:36:00,243m,6%,6.075,1527Mi,26%,972,24,24.3,0
Mon 19:37:00,234m,5%,5.85,1527Mi,26%,972,24,24.3,0
Mon 19:38:00,264m,6%,6.6,1528Mi,26%,898,22,22.45,0
Mon 19:39:00,391m,9%,9.775,1525Mi,26%,898,22,22.45,0
Mon 19:40:01,252m,6%,6.3,1525Mi,26%,972,24,24.3,0
Mon 19:41:00,148m,3%,3.7,1528Mi,26%,972,24,24.3,0
Mon 19:42:00,282m,7%,7.05,1528Mi,26%,972,24,24.3,0
Mon 19:43:01,558m,13%,13.95,1529Mi,26%,972,24,24.3,0
Mon 19:44:01,447m,11%,11.175,1529Mi,26%,972,24,24.3,0
Mon 19:45:00,372m,9%,9.3,1535Mi,26%,972,24,24.3,0
Mon 19:46:01,549m,13%,13.725,1529Mi,26%,972,24,24.3,0
Mon 19:47:01,412m,10%,10.3,1543Mi,26%,1046,26,26.15,0
Mon 19:48:00,358m,8%,8.95,1533Mi,26%,1046,26,26.15,0
Mon 19:49:02,874m,21%,21.85,1533Mi,26%,1046,26,26.15,0
Mon 19:50:02,457m,11%,11.425,1538Mi,26%,1046,26,26.15,0
Mon 19:51:02,469m,11%,11.725,1549Mi,26%,1046,26,26.15,0
Mon 19:52:02,469m,11%,11.725,1549Mi,26%,1046,26,26.15,0
Mon 19:53:01,317m,7%,7.925,1533Mi,26%,972,24,24.3,0
Mon 19:54:02,835m,20%,20.875,1535Mi,26%,972,24,24.3,0
Mon 19:55:01,356m,8%,8.9,1531Mi,26%,972,24,24.3,0
Mon 19:56:01,952m,23%,23.8,1531Mi,26%,972,24,24.3,0
Mon 19:57:01,218m,5%,5.45,1536Mi,26%,898,22,22.45,0
Mon 19:58:02,909m,22%,22.725,1529Mi,26%,898,22,22.45,0
Mon 19:59:01,588m,14%,14.7,1543Mi,26%,898,22,22.45,0
Mon 20:00:02,561m,14%,14.025,1529Mi,26%,898,22,22.45,0
Mon 20:01:02,562m,14%,14.05,1529Mi,26%,898,22,22.45,0
Mon 20:02:01,244m,6%,6.1,1546Mi,26%,972,24,24.3,0
Mon 20:03:00,531m,13%,13.275,1535Mi,26%,972,24,24.3,0
Mon 20:04:01,574m,14%,14.35,1538Mi,26%,1046,26,26.15,0
Mon 20:05:00,409m,10%,10.225,1547Mi,26%,1120,28,28,0
Mon 20:06:00,439m,10%,10.975,1542Mi,26%,1120,28,28,0
Mon 20:07:01,283m,7%,7.075,1542Mi,26%,1046,26,26.15,0
Mon 20:08:01,656m,16%,16.4,1537Mi,26%,1046,26,26.15,0
Mon 20:09:02,558m,13%,13.95,1537Mi,26%,1120,28,28,0
Mon 20:10:01,318m,7%,7.95,1540Mi,26%,1120,28,28,0
Mon 20:11:01,557m,13%,13.925,1542Mi,26%,1046,26,26.15,0
Mon 20:12:01,629m,15%,15.725,1540Mi,26%,1120,28,28,0
Mon 20:13:01,650m,16%,16.25,1542Mi,26%,1120,28,28,0
Mon 20:14:01,661m,16%,16.525,1542Mi,26%,1046,26,26.15,0
Mon 20:15:01,641m,16%,16.025,1538Mi,26%,1120,28,28,0
Mon 20:16:01,593m,14%,14.825,1542Mi,26%,1194,29,29.85,0
Mon 20:17:01,951m,23%,23.775,1542Mi,26%,1120,28,28,0
Mon 20:18:01,951m,23%,23.775,1542Mi,26%,1120,28,28,0
Mon 20:19:01,682m,17%,17.05,1543Mi,26%,1120,28,28,0
Mon 20:20:01,338m,8%,8.45,1548Mi,26%,1046,26,26.15,0
Mon 20:21:01,893m,22%,22.325,1556Mi,26%,972,24,24.3,0
Mon 20:22:02,569m,14%,14.225,1546Mi,26%,972,24,24.3,0
Mon 20:23:02,465m,11%,11.625,1550Mi,26%,972,24,24.3,0
Mon 20:24:01,618m,15%,15.45,1543Mi,26%,972,24,24.3,0
Mon 20:25:01,610m,15%,15.25,1541Mi,26%,972,24,24.3,0
Mon 20:26:02,655m,16%,16.375,1538Mi,26%,972,24,24.3,0
Mon 20:27:02,669m,16%,16.725,1539Mi,26%,972,24,24.3,0
Mon 20:28:01,685m,17%,17.125,1542Mi,26%,972,24,24.3,0
Mon 20:29:01,647m,16%,16.175,1541Mi,26%,972,24,24.3,0
Mon 20:30:01,405m,10%,10.125,1540Mi,26%,972,24,24.3,0
Mon 20:31:01,420m,10%,10.5,1541Mi,26%,898,22,22.45,0
Mon 20:32:01,752m,18%,18.8,1538Mi,26%,898,22,22.45,0
Mon 20:33:01,562m,14%,14.05,1539Mi,26%,898,22,22.45,2
Mon 20:34:01,391m,9%,9.775,1542Mi,26%,972,24,24.3,0
Mon 20:35:02,941m,23%,23.525,1547Mi,26%,972,24,24.3,0
Mon 20:36:01,941m,23%,23.525,1547Mi,26%,1046,26,26.15,0
Mon 20:37:01,501m,12%,12.525,1546Mi,26%,1120,28,28,0
Mon 20:38:02,713m,17%,17.825,1549Mi,26%,1120,28,28,0
Mon 20:39:01,487m,12%,12.175,1557Mi,26%,1194,29,29.85,0
Mon 20:40:01,491m,12%,12.275,1553Mi,26%,1268,31,31.7,0
Mon 20:41:01,734m,18%,18.35,1553Mi,26%,1194,29,29.85,0
Mon 20:42:01,707m,17%,17.675,1549Mi,26%,1120,28,28,0
Mon 20:43:01,849m,21%,21.225,1546Mi,26%,1046,26,26.15,0
Mon 20:44:01,716m,17%,17.9,1544Mi,26%,972,24,24.3,0
Mon 20:45:02,794m,19%,19.85,1541Mi,26%,972,24,24.3,0
Mon 20:46:02,492m,12%,12.3,1543Mi,26%,1046,26,26.15,2
Mon 20:47:02,492m,12%,12.3,1543Mi,26%,972,24,24.3,0
Mon 20:48:01,923m,23%,23.075,1543Mi,26%,898,22,22.45,0
Mon 20:49:01,544m,13%,13.6,1544Mi,26%,898,22,22.45,0
Mon 20:50:01,775m,19%,19.375,1541Mi,26%,898,22,22.45,0
Mon 20:51:02,745m,18%,18.625,1540Mi,26%,898,22,22.45,0
Mon 20:52:01,255m,6%,6.375,1547Mi,26%,898,22,22.45,0
Mon 20:53:01,725m,18%,18.125,1539Mi,26%,898,22,22.45,0
Mon 20:54:01,762m,19%,19.05,1539Mi,26%,898,22,22.45,0
Mon 20:55:01,697m,17%,17.425,1540Mi,26%,898,22,22.45,0
Mon 20:56:01,654m,16%,16.35,1540Mi,26%,898,22,22.45,0
Mon 20:57:01,317m,7%,7.925,1560Mi,26%,972,24,24.3,0
Mon 20:58:01,584m,14%,14.6,1558Mi,26%,1046,26,26.15,0
Mon 20:59:02,289m,7%,7.225,1566Mi,26%,1120,28,28,2
Mon 21:00:01,289m,7%,7.225,1566Mi,26%,1120,28,28,0
Mon 21:01:01,789m,19%,19.725,1563Mi,26%,1120,28,28,0
Mon 21:02:02,810m,20%,20.25,1564Mi,26%,1120,28,28,0
Mon 21:03:02,343m,8%,8.575,1579Mi,27%,1046,26,26.15,0
Mon 21:04:02,855m,21%,21.375,1564Mi,26%,1046,26,26.15,0
Mon 21:05:02,850m,21%,21.25,1561Mi,26%,1046,26,26.15,0
Mon 21:06:01,777m,19%,19.425,1561Mi,26%,972,24,24.3,0
Mon 21:07:01,844m,21%,21.1,1558Mi,26%,898,22,22.45,0
Mon 21:08:01,784m,19%,19.6,1555Mi,26%,898,22,22.45,0
Mon 21:09:02,928m,23%,23.2,1556Mi,26%,972,24,24.3,0
Mon 21:10:01,350m,8%,8.75,1574Mi,27%,972,24,24.3,0
Mon 21:11:01,987m,24%,24.675,1564Mi,26%,1046,26,26.15,2
Mon 21:12:01,723m,18%,18.075,1559Mi,26%,1046,26,26.15,0
Mon 21:13:01,737m,18%,18.425,1562Mi,26%,1046,26,26.15,0
Mon 21:14:01,454m,11%,11.35,1568Mi,26%,1046,26,26.15,0
Mon 21:15:01,701m,17%,17.525,1563Mi,26%,1120,28,28,0
Mon 21:16:02,761m,19%,19.025,1567Mi,26%,1120,28,28,0
Mon 21:17:02,721m,18%,18.025,1566Mi,26%,1046,26,26.15,2
Mon 21:18:01,721m,18%,18.025,1566Mi,26%,1120,28,28,0
Mon 21:19:01,929m,23%,23.225,1567Mi,26%,1120,28,28,0
Mon 21:20:02,878m,21%,21.95,1567Mi,26%,1120,28,28,0
Mon 21:21:01,851m,21%,21.275,1568Mi,26%,1194,29,29.85,0
Mon 21:22:01,430m,10%,10.75,1575Mi,27%,1194,29,29.85,0
Mon 21:23:02,660m,16%,16.5,1571Mi,27%,1120,28,28,0
Mon 21:24:00,826m,20%,20.65,1571Mi,27%,1120,28,28,0
Mon 21:25:00,781m,19%,19.525,1568Mi,26%,1120,28,28,0
Mon 21:26:00,445m,11%,11.125,1568Mi,26%,1120,28,28,0
Mon 21:27:00,579m,14%,14.475,1568Mi,26%,1120,28,28,0
Mon 21:28:01,471m,11%,11.775,1570Mi,27%,1120,28,28,0
Mon 21:29:01,393m,9%,9.825,1570Mi,27%,1120,28,28,2
Mon 21:30:00,288m,7%,7.2,1587Mi,27%,1120,28,28,0
Mon 21:31:00,324m,8%,8.1,1570Mi,27%,1120,28,28,0
Mon 21:32:00,382m,9%,9.55,1570Mi,27%,1194,29,29.85,0
Mon 21:33:00,369m,9%,9.225,1582Mi,27%,1194,29,29.85,0
Mon 21:34:00,431m,10%,10.775,1574Mi,27%,1194,29,29.85,0
Mon 21:35:00,401m,10%,10.025,1574Mi,27%,1120,28,28,2
Mon 21:36:00,369m,9%,9.225,1580Mi,27%,1194,29,29.85,0
Mon 21:37:00,175m,4%,4.375,1574Mi,27%,1194,29,29.85,0
Mon 21:38:00,404m,10%,10.1,1574Mi,27%,1194,29,29.85,0
Mon 21:39:00,401m,10%,10.025,1574Mi,27%,1268,31,31.7,0
Mon 21:40:00,396m,9%,9.9,1578Mi,27%,1194,29,29.85,0
Mon 21:41:00,388m,9%,9.7,1575Mi,27%,1120,28,28,0
Mon 21:42:00,383m,9%,9.575,1578Mi,27%,1120,28,28,0
Mon 21:43:00,136m,3%,3.4,1572Mi,27%,1046,26,26.15,0
Mon 21:44:00,395m,9%,9.875,1569Mi,27%,972,24,24.3,0
Mon 21:45:00,394m,9%,9.85,1567Mi,26%,898,22,22.45,0
Mon 21:46:00,620m,15%,15.5,1564Mi,26%,824,20,20.6,0
Mon 21:47:00,397m,9%,9.925,1560Mi,26%,824,20,20.6,2
Mon 21:48:00,115m,2%,2.875,1561Mi,26%,824,20,20.6,0
Mon 21:49:00,443m,11%,11.075,1564Mi,26%,824,20,20.6,0
Mon 21:50:00,396m,9%,9.9,1564Mi,26%,824,20,20.6,0
Mon 21:51:00,123m,3%,3.075,1564Mi,26%,898,22,22.45,0
Mon 21:52:00,409m,10%,10.225,1566Mi,26%,898,22,22.45,0
Mon 21:53:00,398m,9%,9.95,1566Mi,26%,972,24,24.3,2
Mon 21:54:00,123m,3%,3.075,1579Mi,27%,972,24,24.3,0
Mon 21:55:00,418m,10%,10.45,1569Mi,26%,972,24,24.3,0
Mon 21:56:00,405m,10%,10.125,1569Mi,26%,898,22,22.45,0
Mon 21:57:00,415m,10%,10.375,1566Mi,26%,972,24,24.3,0
Mon 21:58:00,306m,7%,7.65,1586Mi,27%,1046,26,26.15,0
Mon 21:59:00,262m,6%,6.55,1583Mi,27%,972,24,24.3,0
Mon 22:00:00,407m,10%,10.175,1574Mi,27%,972,24,24.3,0
Mon 22:01:00,409m,10%,10.225,1570Mi,27%,1046,26,26.15,0
Mon 22:02:00,425m,10%,10.625,1573Mi,27%,972,24,24.3,0
Mon 22:03:00,421m,10%,10.525,1570Mi,27%,972,24,24.3,0
Mon 22:04:00,318m,7%,7.95,1571Mi,27%,1046,26,26.15,0
Mon 22:05:00,262m,6%,6.55,1590Mi,27%,1046,26,26.15,0
Mon 22:06:00,427m,10%,10.675,1586Mi,27%,1120,28,28,0
Mon 22:07:00,406m,10%,10.15,1576Mi,27%,1046,26,26.15,0
Mon 22:08:00,418m,10%,10.45,1574Mi,27%,1046,26,26.15,0
Mon 22:09:00,425m,10%,10.625,1574Mi,27%,972,24,24.3,0
Mon 22:10:00,434m,10%,10.85,1571Mi,27%,972,24,24.3,0
Mon 22:11:00,162m,4%,4.05,1575Mi,27%,1046,26,26.15,0
Mon 22:12:00,393m,9%,9.825,1574Mi,27%,1046,26,26.15,0
Mon 22:13:00,504m,12%,12.6,1575Mi,27%,1046,26,26.15,0
Mon 22:14:00,339m,8%,8.475,1591Mi,27%,1046,26,26.15,0
Mon 22:15:00,277m,6%,6.925,1583Mi,27%,1046,26,26.15,0
Mon 22:16:00,532m,13%,13.3,1575Mi,27%,1120,28,28,0
Mon 22:17:00,438m,10%,10.95,1579Mi,27%,1120,28,28,0
Mon 22:18:00,184m,4%,4.6,1583Mi,27%,1120,28,28,0
Mon 22:19:00,363m,9%,9.075,1576Mi,27%,1120,28,28,0
Mon 22:20:00,448m,11%,11.2,1576Mi,27%,1046,26,26.15,0
Mon 22:21:00,495m,12%,12.375,1573Mi,27%,1046,26,26.15,0
Mon 22:22:00,197m,4%,4.925,1590Mi,27%,1046,26,26.15,0
Mon 22:23:00,657m,16%,16.425,1574Mi,27%,1046,26,26.15,0
Mon 22:24:00,636m,15%,15.9,1574Mi,27%,972,24,24.3,0
Mon 22:25:00,213m,5%,5.325,1580Mi,27%,972,24,24.3,0
Mon 22:26:00,352m,8%,8.8,1572Mi,27%,972,24,24.3,0
Mon 22:27:00,443m,11%,11.075,1571Mi,27%,972,24,24.3,0
Mon 22:28:00,457m,11%,11.425,1572Mi,27%,972,24,24.3,0
Mon 22:29:00,211m,5%,5.275,1580Mi,27%,972,24,24.3,0
Mon 22:30:00,349m,8%,8.725,1572Mi,27%,972,24,24.3,0
Mon 22:31:00,494m,12%,12.35,1572Mi,27%,972,24,24.3,0
Mon 22:32:00,407m,10%,10.175,1580Mi,27%,972,24,24.3,0
Mon 22:33:00,272m,6%,6.8,1582Mi,27%,1046,26,26.15,0
Mon 22:34:00,344m,8%,8.6,1575Mi,27%,1120,28,28,0
Mon 22:35:00,410m,10%,10.25,1579Mi,27%,1120,28,28,0
Mon 22:36:00,284m,7%,7.1,1581Mi,27%,1120,28,28,0
Mon 22:37:00,444m,11%,11.1,1581Mi,27%,1194,29,29.85,0
Mon 22:38:00,456m,11%,11.4,1584Mi,27%,1194,29,29.85,0
Mon 22:39:00,461m,11%,11.525,1585Mi,27%,1194,29,29.85,0
Mon 22:40:00,242m,6%,6.05,1597Mi,27%,1120,28,28,0
Mon 22:41:00,628m,15%,15.7,1581Mi,27%,1120,28,28,0
Mon 22:42:00,621m,15%,15.525,1582Mi,27%,1120,28,28,0
Mon 22:43:00,291m,7%,7.275,1590Mi,27%,1120,28,28,0
Mon 22:44:00,312m,7%,7.8,1582Mi,27%,1046,26,26.15,0
Mon 22:45:00,453m,11%,11.325,1579Mi,27%,1046,26,26.15,0
Mon 22:46:00,722m,18%,18.05,1579Mi,27%,1046,26,26.15,0
Mon 22:47:00,268m,6%,6.7,1592Mi,27%,1046,26,26.15,0
Mon 22:48:00,546m,13%,13.65,1578Mi,27%,1046,26,26.15,0
Mon 22:49:00,444m,11%,11.1,1578Mi,27%,1046,26,26.15,0
Mon 22:50:00,470m,11%,11.75,1579Mi,27%,1046,26,26.15,0
Mon 22:51:00,281m,7%,7.025,1595Mi,27%,972,24,24.3,0
Mon 22:52:00,472m,11%,11.8,1576Mi,27%,972,24,24.3,0
Mon 22:53:00,461m,11%,11.525,1575Mi,27%,972,24,24.3,0
Mon 22:54:00,298m,7%,7.45,1577Mi,27%,972,24,24.3,0
Mon 22:55:00,382m,9%,9.55,1575Mi,27%,972,24,24.3,0
Mon 22:56:00,471m,11%,11.775,1577Mi,27%,972,24,24.3,0
Mon 22:57:00,403m,10%,10.075,1585Mi,27%,972,24,24.3,0
Mon 22:58:00,277m,6%,6.925,1576Mi,27%,972,24,24.3,0
Mon 22:59:00,481m,12%,12.025,1576Mi,27%,972,24,24.3,0
Mon 23:00:00,464m,11%,11.6,1576Mi,27%,972,24,24.3,0
Mon 23:01:01,319m,7%,7.975,1591Mi,27%,972,24,24.3,0
Mon 23:02:00,278m,6%,6.95,1576Mi,27%,972,24,24.3,0
Mon 23:03:01,484m,12%,12.1,1579Mi,27%,972,24,24.3,0
Mon 23:04:01,759m,18%,18.975,1579Mi,27%,972,24,24.3,0
Mon 23:05:00,331m,8%,8.275,1595Mi,27%,972,24,24.3,0
Mon 23:06:00,274m,6%,6.85,1578Mi,27%,972,24,24.3,0
Mon 23:07:00,481m,12%,12.025,1578Mi,27%,972,24,24.3,0
Mon 23:08:00,341m,8%,8.525,1586Mi,27%,972,24,24.3,0
Mon 23:09:00,272m,6%,6.8,1577Mi,27%,972,24,24.3,0
Mon 23:10:00,479m,11%,11.975,1577Mi,27%,972,24,24.3,0
Mon 23:11:00,393m,9%,9.825,1583Mi,27%,972,24,24.3,0
Mon 23:12:00,481m,12%,12.025,1594Mi,27%,1046,26,26.15,0
Mon 23:13:00,290m,7%,7.25,1581Mi,27%,1120,28,28,0
Mon 23:14:00,499m,12%,12.475,1584Mi,27%,1120,28,28,0
Mon 23:15:00,357m,8%,8.925,1590Mi,27%,1046,26,26.15,0
Mon 23:16:00,446m,11%,11.15,1581Mi,27%,1046,26,26.15,0
Mon 23:17:00,492m,12%,12.3,1581Mi,27%,1046,26,26.15,0
Mon 23:18:00,368m,9%,9.2,1584Mi,27%,1046,26,26.15,0
Mon 23:19:00,260m,6%,6.5,1582Mi,27%,1046,26,26.15,0
Mon 23:20:00,520m,13%,13,1587Mi,27%,972,24,24.3,0
Mon 23:21:00,511m,12%,12.775,1579Mi,27%,972,24,24.3,0
Mon 23:22:00,519m,12%,12.975,1579Mi,27%,972,24,24.3,0
Mon 23:23:00,518m,12%,12.95,1578Mi,27%,1046,26,26.15,0
Mon 23:24:00,517m,12%,12.925,1581Mi,27%,1046,26,26.15,0
Mon 23:25:00,390m,9%,9.75,1582Mi,27%,1120,28,28,0
Mon 23:26:00,278m,6%,6.95,1585Mi,27%,1194,29,29.85,0
Mon 23:27:00,406m,10%,10.15,1589Mi,27%,1194,29,29.85,0
Mon 23:28:00,648m,16%,16.2,1590Mi,27%,1194,29,29.85,0
Mon 23:29:00,131m,3%,3.275,1590Mi,27%,1120,28,28,0
Mon 23:30:00,918m,22%,22.95,1587Mi,27%,1046,26,26.15,0
Mon 23:31:00,526m,13%,13.15,1584Mi,27%,1046,26,26.15,0
Mon 23:32:00,530m,13%,13.25,1585Mi,27%,1120,28,28,0
Mon 23:33:00,137m,3%,3.425,1598Mi,27%,1046,26,26.15,0
Mon 23:34:00,926m,23%,23.15,1584Mi,27%,972,24,24.3,0
Mon 23:35:00,530m,13%,13.25,1582Mi,27%,898,22,22.45,0
Mon 23:36:00,497m,12%,12.425,1589Mi,27%,898,22,22.45,0
Mon 23:37:00,160m,4%,4,1595Mi,27%,972,24,24.3,0
Mon 23:38:00,529m,13%,13.225,1583Mi,27%,972,24,24.3,0
Mon 23:39:00,510m,12%,12.75,1590Mi,27%,898,22,22.45,0
Mon 23:40:00,329m,8%,8.225,1583Mi,27%,898,22,22.45,0
Mon 23:41:00,486m,12%,12.15,1596Mi,27%,898,22,22.45,0
Mon 23:42:00,444m,11%,11.1,1582Mi,27%,972,24,24.3,0
Mon 23:43:00,518m,12%,12.95,1584Mi,27%,1046,26,26.15,0
Mon 23:44:00,244m,6%,6.1,1590Mi,27%,1120,28,28,0
Mon 23:45:00,461m,11%,11.525,1591Mi,27%,1120,28,28,0
Mon 23:46:00,513m,12%,12.825,1590Mi,27%,1120,28,28,2
Mon 23:47:00,567m,14%,14.175,1590Mi,27%,1194,29,29.85,0
Mon 23:48:00,553m,13%,13.825,1593Mi,27%,1268,31,31.7,0
Mon 23:49:00,189m,4%,4.725,1597Mi,27%,1194,29,29.85,0
Mon 23:50:00,857m,21%,21.425,1593Mi,27%,1268,31,31.7,0
Mon 23:51:00,564m,14%,14.1,1597Mi,27%,1194,29,29.85,0
Mon 23:52:00,556m,13%,13.9,1594Mi,27%,1194,29,29.85,0
Mon 23:53:00,567m,14%,14.175,1594Mi,27%,1120,28,28,0
Mon 23:54:00,553m,13%,13.825,1591Mi,27%,1120,28,28,0
Mon 23:55:00,571m,14%,14.275,1591Mi,27%,1120,28,28,0
Mon 23:56:00,568m,14%,14.2,1591Mi,27%,1120,28,28,0
Mon 23:57:00,578m,14%,14.45,1591Mi,27%,1120,28,28,0
Mon 23:58:00,310m,7%,7.75,1592Mi,27%,1046,26,26.15,0
Mon 23:59:00,815m,20%,20.375,1588Mi,27%,1120,28,28,0
Tue 00:00:00,222m,5%,5.55,1607Mi,27%,1046,26,26.15,0
Tue 00:01:00,922m,23%,23.05,1589Mi,27%,1046,26,26.15,0
Tue 00:02:00,206m,5%,5.15,1603Mi,27%,1046,26,26.15,0
Tue 00:03:00,939m,23%,23.475,1589Mi,27%,1046,26,26.15,0
Tue 00:04:00,577m,14%,14.425,1597Mi,27%,1046,26,26.15,0
Tue 00:05:00,569m,14%,14.225,1597Mi,27%,1046,26,26.15,0
Tue 00:06:00,215m,5%,5.375,1612Mi,27%,1046,26,26.15,0
Tue 00:07:00,474m,11%,11.85,1597Mi,27%,1046,26,26.15,0
Tue 00:08:00,716m,17%,17.9,1614Mi,27%,1120,28,28,0
Tue 00:09:00,478m,11%,11.95,1601Mi,27%,1120,28,28,0
Tue 00:10:00,532m,13%,13.3,1601Mi,27%,1120,28,28,0
Tue 00:11:00,607m,15%,15.175,1612Mi,27%,1120,28,28,0
Tue 00:12:00,251m,6%,6.275,1613Mi,27%,1194,29,29.85,0
Tue 00:13:00,520m,13%,13,1604Mi,27%,1120,28,28,0
Tue 00:14:00,566m,14%,14.15,1601Mi,27%,1194,29,29.85,0
Tue 00:15:00,479m,11%,11.975,1610Mi,27%,1194,29,29.85,0
Tue 00:16:00,361m,9%,9.025,1610Mi,27%,1268,31,31.7,0
Tue 00:17:00,613m,15%,15.325,1607Mi,27%,1194,29,29.85,0
Tue 00:18:00,571m,14%,14.275,1605Mi,27%,1194,29,29.85,0
Tue 00:19:00,710m,17%,17.75,1605Mi,27%,1268,31,31.7,0
Tue 00:20:00,279m,6%,6.975,1625Mi,27%,1194,29,29.85,0
Tue 00:21:00,653m,16%,16.325,1606Mi,27%,1120,28,28,0
Tue 00:22:00,575m,14%,14.375,1603Mi,27%,1120,28,28,0
Tue 00:23:00,629m,15%,15.725,1602Mi,27%,1194,29,29.85,0
Tue 00:24:00,292m,7%,7.3,1611Mi,27%,1120,28,28,0
Tue 00:25:00,714m,17%,17.85,1602Mi,27%,1046,26,26.15,0
Tue 00:26:00,605m,15%,15.125,1599Mi,27%,1046,26,26.15,0
Tue 00:27:00,539m,13%,13.475,1599Mi,27%,1046,26,26.15,0
Tue 00:28:00,359m,8%,8.975,1611Mi,27%,972,24,24.3,0
Tue 00:29:00,627m,15%,15.675,1596Mi,27%,1046,26,26.15,0
Tue 00:30:00,587m,14%,14.675,1599Mi,27%,1046,26,26.15,0
Tue 00:31:00,431m,10%,10.775,1599Mi,27%,1120,28,28,0
Tue 00:32:00,405m,10%,10.125,1603Mi,27%,1046,26,26.15,0
Tue 00:33:00,573m,14%,14.325,1599Mi,27%,1046,26,26.15,0
Tue 00:34:00,578m,14%,14.45,1599Mi,27%,1046,26,26.15,0
Tue 00:35:00,386m,9%,9.65,1607Mi,27%,1046,26,26.15,0
Tue 00:36:00,397m,9%,9.925,1602Mi,27%,1046,26,26.15,0
Tue 00:37:00,528m,13%,13.2,1601Mi,27%,972,24,24.3,0
Tue 00:38:00,641m,16%,16.025,1598Mi,27%,972,24,24.3,0
Tue 00:39:00,344m,8%,8.6,1598Mi,27%,1046,26,26.15,0
Tue 00:40:00,450m,11%,11.25,1601Mi,27%,972,24,24.3,0
Tue 00:41:00,572m,14%,14.3,1597Mi,27%,972,24,24.3,0
Tue 00:42:00,535m,13%,13.375,1602Mi,27%,898,22,22.45,0
Tue 00:43:00,396m,9%,9.9,1604Mi,27%,972,24,24.3,2
Tue 00:44:00,535m,13%,13.375,1598Mi,27%,972,24,24.3,0
Tue 00:45:00,585m,14%,14.625,1597Mi,27%,1046,26,26.15,0
Tue 00:46:00,358m,8%,8.95,1611Mi,27%,1046,26,26.15,0
Tue 00:47:00,401m,10%,10.025,1603Mi,27%,972,24,24.3,2
Tue 00:48:00,586m,14%,14.65,1600Mi,27%,972,24,24.3,0
Tue 00:49:00,595m,14%,14.875,1598Mi,27%,972,24,24.3,0
Tue 00:50:00,399m,9%,9.975,1614Mi,27%,972,24,24.3,0
Tue 00:51:00,363m,9%,9.075,1598Mi,27%,972,24,24.3,0
Tue 00:52:00,551m,13%,13.775,1598Mi,27%,972,24,24.3,0
Tue 00:53:00,654m,16%,16.35,1598Mi,27%,972,24,24.3,0
Tue 00:54:00,607m,15%,15.175,1613Mi,27%,972,24,24.3,0
Tue 00:55:00,354m,8%,8.85,1598Mi,27%,972,24,24.3,0
Tue 00:56:00,382m,9%,9.55,1599Mi,27%,972,24,24.3,0
Tue 00:57:00,750m,18%,18.75,1599Mi,27%,972,24,24.3,0
Tue 00:58:01,551m,13%,13.775,1653Mi,28%,1046,26,26.15,0
Tue 00:59:01,363m,9%,9.075,1641Mi,28%,1046,26,26.15,0
Tue 01:00:00,597m,14%,14.925,1640Mi,28%,1046,26,26.15,0
Tue 01:01:00,695m,17%,17.375,1638Mi,28%,972,24,24.3,0
Tue 01:02:00,144m,3%,3.6,1643Mi,28%,972,24,24.3,0
Tue 01:03:00,601m,15%,15.025,1637Mi,28%,1046,26,26.15,0
Tue 01:04:00,618m,15%,15.45,1640Mi,28%,972,24,24.3,0
Tue 01:05:00,625m,15%,15.625,1638Mi,28%,1046,26,26.15,0
Tue 01:06:00,133m,3%,3.325,1641Mi,28%,1046,26,26.15,0
Tue 01:07:00,609m,15%,15.225,1641Mi,28%,972,24,24.3,0
Tue 01:08:00,609m,15%,15.225,1638Mi,28%,972,24,24.3,0
Tue 01:09:00,387m,9%,9.675,1639Mi,28%,898,22,22.45,0
Tue 01:10:00,828m,20%,20.7,1634Mi,28%,898,22,22.45,0
Tue 01:11:00,165m,4%,4.125,1645Mi,28%,898,22,22.45,0
Tue 01:12:00,1064m,26%,26.6,1635Mi,28%,898,22,22.45,0
Tue 01:13:00,129m,3%,3.225,1639Mi,28%,898,22,22.45,0
Tue 01:14:00,1069m,26%,26.725,1636Mi,28%,898,22,22.45,0
Tue 01:15:00,172m,4%,4.3,1651Mi,28%,972,24,24.3,0
Tue 01:16:00,606m,15%,15.15,1640Mi,28%,972,24,24.3,0
Tue 01:17:00,575m,14%,14.375,1645Mi,28%,972,24,24.3,2
Tue 01:18:00,172m,4%,4.3,1646Mi,28%,1046,26,26.15,0
Tue 01:19:00,609m,15%,15.225,1642Mi,28%,1046,26,26.15,0
Tue 01:20:00,584m,14%,14.6,1658Mi,28%,1046,26,26.15,0
Tue 01:21:00,659m,16%,16.475,1642Mi,28%,1046,26,26.15,0
Tue 01:22:00,596m,14%,14.9,1642Mi,28%,1046,26,26.15,0
Tue 01:23:00,630m,15%,15.75,1642Mi,28%,1046,26,26.15,0
Tue 01:24:00,533m,13%,13.325,1654Mi,28%,972,24,24.3,0
Tue 01:25:00,691m,17%,17.275,1639Mi,28%,972,24,24.3,0
Tue 01:26:00,298m,7%,7.45,1639Mi,28%,898,22,22.45,0
Tue 01:27:00,948m,23%,23.7,1637Mi,28%,898,22,22.45,0
Tue 01:28:00,170m,4%,4.25,1650Mi,28%,898,22,22.45,0
Tue 01:29:00,1086m,27%,27.15,1639Mi,28%,898,22,22.45,0
Tue 01:30:00,176m,4%,4.4,1648Mi,28%,898,22,22.45,0
Tue 01:31:00,978m,24%,24.45,1650Mi,28%,898,22,22.45,0
Tue 01:32:00,284m,7%,7.1,1638Mi,28%,972,24,24.3,0
Tue 01:33:00,544m,13%,13.6,1651Mi,28%,972,24,24.3,0
Tue 01:34:00,524m,13%,13.1,1643Mi,28%,972,24,24.3,0
Tue 01:35:00,287m,7%,7.175,1642Mi,28%,1046,26,26.15,0
Tue 01:36:00,562m,14%,14.05,1641Mi,28%,1046,26,26.15,0
Tue 01:37:00,522m,13%,13.05,1657Mi,28%,1046,26,26.15,0
Tue 01:38:00,732m,18%,18.3,1641Mi,28%,1046,26,26.15,0
Tue 01:39:00,613m,15%,15.325,1641Mi,28%,1046,26,26.15,0
Tue 01:40:00,636m,15%,15.9,1641Mi,28%,1046,26,26.15,0
Tue 01:41:00,453m,11%,11.325,1646Mi,28%,972,24,24.3,0
Tue 01:42:00,786m,19%,19.65,1638Mi,28%,972,24,24.3,0
Tue 01:43:00,247m,6%,6.175,1652Mi,28%,972,24,24.3,0
Tue 01:44:00,1000m,25%,25,1639Mi,28%,972,24,24.3,0
Tue 01:45:01,214m,5%,5.35,1647Mi,28%,898,22,22.45,0
Tue 01:46:01,1036m,25%,25.9,1635Mi,28%,898,22,22.45,0
Tue 01:47:00,213m,5%,5.325,1635Mi,28%,898,22,22.45,0
Tue 01:48:00,858m,21%,21.45,1648Mi,28%,898,22,22.45,0
Tue 01:49:00,417m,10%,10.425,1646Mi,28%,898,22,22.45,0
Tue 01:50:00,512m,12%,12.8,1637Mi,28%,972,24,24.3,0
Tue 01:51:00,449m,11%,11.225,1656Mi,28%,972,24,24.3,0
Tue 01:52:00,414m,10%,10.35,1656Mi,28%,972,24,24.3,0
Tue 01:53:00,741m,18%,18.525,1643Mi,28%,972,24,24.3,0
Tue 01:54:00,618m,15%,15.45,1642Mi,28%,972,24,24.3,0
Tue 01:55:00,246m,6%,6.15,1651Mi,28%,972,24,24.3,0
Tue 01:56:00,498m,12%,12.45,1641Mi,28%,972,24,24.3,0
Tue 01:57:00,656m,16%,16.4,1638Mi,28%,972,24,24.3,0
Tue 01:58:00,411m,10%,10.275,1655Mi,28%,898,22,22.45,0
Tue 01:59:00,848m,21%,21.2,1636Mi,28%,898,22,22.45,0
Tue 02:00:00,251m,6%,6.275,1652Mi,28%,824,20,20.6,0
Tue 02:01:00,1013m,25%,25.325,1633Mi,28%,824,20,20.6,0
Tue 02:02:00,254m,6%,6.35,1644Mi,28%,898,22,22.45,0
Tue 02:03:00,508m,12%,12.7,1636Mi,28%,898,22,22.45,0
Tue 02:04:00,625m,15%,15.625,1636Mi,28%,898,22,22.45,0
Tue 02:05:00,373m,9%,9.325,1637Mi,28%,898,22,22.45,0
Tue 02:06:00,484m,12%,12.1,1636Mi,28%,898,22,22.45,0
Tue 02:07:00,526m,13%,13.15,1636Mi,28%,972,24,24.3,0
Tue 02:08:00,386m,9%,9.65,1644Mi,28%,972,24,24.3,0
Tue 02:09:00,455m,11%,11.375,1639Mi,28%,1046,26,26.15,0
Tue 02:10:00,525m,13%,13.125,1642Mi,28%,1046,26,26.15,0
Tue 02:11:00,372m,9%,9.3,1646Mi,28%,972,24,24.3,0
Tue 02:12:00,859m,21%,21.475,1640Mi,28%,972,24,24.3,0
Tue 02:13:00,586m,14%,14.65,1655Mi,28%,898,22,22.45,0
Tue 02:14:00,645m,16%,16.125,1637Mi,28%,898,22,22.45,0
Tue 02:15:00,342m,8%,8.55,1647Mi,28%,824,20,20.6,0
Tue 02:16:00,883m,22%,22.075,1633Mi,28%,824,20,20.6,0
Tue 02:17:00,292m,7%,7.3,1644Mi,28%,824,20,20.6,0
Tue 02:18:00,960m,24%,24,1634Mi,28%,824,20,20.6,0
Tue 02:19:00,298m,7%,7.45,1637Mi,28%,824,20,20.6,0
Tue 02:20:00,437m,10%,10.925,1633Mi,28%,824,20,20.6,0
Tue 02:21:00,614m,15%,15.35,1633Mi,28%,824,20,20.6,2
Tue 02:22:00,310m,7%,7.75,1647Mi,28%,898,22,22.45,0
Tue 02:23:00,437m,10%,10.925,1638Mi,28%,898,22,22.45,0
Tue 02:24:00,614m,15%,15.35,1638Mi,28%,898,22,22.45,0
Tue 02:25:00,320m,8%,8,1649Mi,28%,898,22,22.45,0
Tue 02:26:00,418m,10%,10.45,1639Mi,28%,824,20,20.6,0
Tue 02:27:00,636m,15%,15.9,1634Mi,28%,824,20,20.6,0
Tue 02:28:00,620m,15%,15.5,1634Mi,28%,898,22,22.45,0
Tue 02:29:00,340m,8%,8.5,1654Mi,28%,898,22,22.45,0
Tue 02:30:00,411m,10%,10.275,1637Mi,28%,898,22,22.45,0
Tue 02:31:00,694m,17%,17.35,1637Mi,28%,898,22,22.45,0
Tue 02:32:00,334m,8%,8.35,1652Mi,28%,972,24,24.3,0
Tue 02:33:00,421m,10%,10.525,1640Mi,28%,972,24,24.3,0
Tue 02:34:00,622m,15%,15.55,1640Mi,28%,972,24,24.3,0
Tue 02:35:00,352m,8%,8.8,1657Mi,28%,972,24,24.3,0
Tue 02:36:00,400m,10%,10,1641Mi,28%,972,24,24.3,0
Tue 02:37:00,981m,24%,24.525,1658Mi,28%,972,24,24.3,0
Tue 02:38:00,404m,10%,10.1,1643Mi,28%,898,22,22.45,0
Tue 02:39:00,649m,16%,16.225,1656Mi,28%,898,22,22.45,0
Tue 02:40:00,494m,12%,12.35,1640Mi,28%,898,22,22.45,0
Tue 02:41:00,627m,15%,15.675,1638Mi,28%,824,20,20.6,0
Tue 02:42:00,642m,16%,16.05,1634Mi,28%,824,20,20.6,0
Tue 02:43:00,629m,15%,15.725,1635Mi,28%,898,22,22.45,0
Tue 02:44:00,380m,9%,9.5,1642Mi,28%,898,22,22.45,0
Tue 02:45:00,378m,9%,9.45,1637Mi,28%,898,22,22.45,0
Tue 02:46:00,650m,16%,16.25,1638Mi,28%,898,22,22.45,0
Tue 02:47:00,196m,4%,4.9,1638Mi,28%,972,24,24.3,0
Tue 02:48:00,577m,14%,14.425,1642Mi,28%,972,24,24.3,0
Tue 02:49:00,634m,15%,15.85,1641Mi,28%,972,24,24.3,0
Tue 02:50:00,194m,4%,4.85,1641Mi,28%,972,24,24.3,0
Tue 02:51:00,563m,14%,14.075,1642Mi,28%,898,22,22.45,0
Tue 02:52:00,858m,21%,21.45,1654Mi,28%,898,22,22.45,0
Tue 02:53:00,425m,10%,10.625,1639Mi,28%,824,20,20.6,2
Tue 02:54:00,649m,16%,16.225,1642Mi,28%,898,22,22.45,0
Tue 02:55:00,657m,16%,16.425,1638Mi,28%,898,22,22.45,0
Tue 02:56:00,637m,15%,15.925,1638Mi,28%,824,20,20.6,0
Tue 02:57:00,677m,16%,16.925,1635Mi,28%,824,20,20.6,0
Tue 02:58:00,628m,15%,15.7,1635Mi,28%,824,20,20.6,0
Tue 02:59:00,122m,3%,3.05,1645Mi,28%,824,20,20.6,0
Tue 03:00:00,639m,15%,15.975,1636Mi,28%,824,20,20.6,0
Tue 03:01:00,638m,15%,15.95,1635Mi,28%,824,20,20.6,0
Tue 03:02:00,122m,3%,3.05,1652Mi,28%,824,20,20.6,0
Tue 03:03:00,1185m,29%,29.625,1637Mi,28%,824,20,20.6,0
Tue 03:04:00,130m,3%,3.25,1647Mi,28%,824,20,20.6,0
Tue 03:05:00,626m,15%,15.65,1636Mi,28%,824,20,20.6,0
Tue 03:06:00,641m,16%,16.025,1637Mi,28%,824,20,20.6,0
Tue 03:07:00,135m,3%,3.375,1652Mi,28%,898,22,22.45,0
Tue 03:08:00,636m,15%,15.9,1639Mi,28%,898,22,22.45,0
Tue 03:09:00,645m,16%,16.125,1638Mi,28%,898,22,22.45,0
Tue 03:10:00,141m,3%,3.525,1640Mi,28%,898,22,22.45,0
Tue 03:11:00,616m,15%,15.4,1638Mi,28%,824,20,20.6,0
Tue 03:12:01,645m,16%,16.125,1635Mi,28%,898,22,22.45,0
Tue 03:13:00,370m,9%,9.25,1642Mi,28%,898,22,22.45,0
Tue 03:14:00,443m,11%,11.075,1654Mi,28%,898,22,22.45,0
Tue 03:15:00,602m,15%,15.05,1639Mi,28%,824,20,20.6,0
Tue 03:16:00,364m,9%,9.1,1636Mi,28%,898,22,22.45,0
Tue 03:17:00,623m,15%,15.575,1639Mi,28%,898,22,22.45,0
Tue 03:18:00,644m,16%,16.1,1638Mi,28%,898,22,22.45,0
Tue 03:19:00,161m,4%,4.025,1649Mi,28%,898,22,22.45,0
Tue 03:20:01,600m,15%,15,1639Mi,28%,824,20,20.6,0
Tue 03:21:00,830m,20%,20.75,1636Mi,28%,898,22,22.45,0
Tue 03:22:01,186m,4%,4.65,1654Mi,28%,898,22,22.45,0
Tue 03:23:01,586m,14%,14.65,1639Mi,28%,898,22,22.45,0
Tue 03:24:00,642m,16%,16.05,1639Mi,28%,898,22,22.45,0
Tue 03:25:01,180m,4%,4.5,1645Mi,28%,824,20,20.6,0
Tue 03:26:00,924m,23%,23.1,1636Mi,28%,824,20,20.6,0
Tue 03:27:00,655m,16%,16.375,1636Mi,28%,824,20,20.6,0
Tue 03:28:00,184m,4%,4.6,1646Mi,28%,824,20,20.6,0
Tue 03:29:00,573m,14%,14.325,1636Mi,28%,750,18,18.75,0
Tue 03:30:00,1056m,26%,26.4,1649Mi,28%,824,20,20.6,0
Tue 03:31:00,312m,7%,7.8,1652Mi,28%,824,20,20.6,0
Tue 03:32:00,562m,14%,14.05,1636Mi,28%,824,20,20.6,0
Tue 03:33:00,543m,13%,13.575,1645Mi,28%,824,20,20.6,0
Tue 03:34:00,296m,7%,7.4,1640Mi,28%,824,20,20.6,0
Tue 03:35:00,556m,13%,13.9,1636Mi,28%,898,22,22.45,0
Tue 03:36:00,568m,14%,14.2,1655Mi,28%,898,22,22.45,0
Tue 03:37:00,303m,7%,7.575,1647Mi,28%,898,22,22.45,0
Tue 03:38:00,548m,13%,13.7,1640Mi,28%,824,20,20.6,0
Tue 03:39:00,589m,14%,14.725,1641Mi,28%,898,22,22.45,0
Tue 03:40:00,564m,14%,14.1,1640Mi,28%,898,22,22.45,0
Tue 03:41:00,621m,15%,15.525,1639Mi,28%,898,22,22.45,0
Tue 03:42:00,246m,6%,6.15,1648Mi,28%,898,22,22.45,0
Tue 03:43:00,542m,13%,13.55,1640Mi,28%,824,20,20.6,0
Tue 03:44:00,801m,20%,20.025,1637Mi,28%,898,22,22.45,0
Tue 03:45:00,245m,6%,6.125,1645Mi,28%,898,22,22.45,0
Tue 03:46:00,524m,13%,13.1,1642Mi,28%,898,22,22.45,0
Tue 03:47:00,644m,16%,16.1,1640Mi,28%,898,22,22.45,0
Tue 03:48:00,236m,5%,5.9,1648Mi,28%,898,22,22.45,0
Tue 03:49:00,897m,22%,22.425,1641Mi,28%,898,22,22.45,0
Tue 03:50:00,649m,16%,16.225,1640Mi,28%,898,22,22.45,0
Tue 03:51:00,243m,6%,6.075,1646Mi,28%,898,22,22.45,0
Tue 03:52:00,517m,12%,12.925,1641Mi,28%,824,20,20.6,0
Tue 03:53:00,1110m,27%,27.75,1653Mi,28%,898,22,22.45,0
Tue 03:54:00,307m,7%,7.675,1648Mi,28%,898,22,22.45,0
Tue 03:55:00,506m,12%,12.65,1642Mi,28%,898,22,22.45,0
Tue 03:56:00,604m,15%,15.1,1646Mi,28%,898,22,22.45,0
Tue 03:57:00,310m,7%,7.75,1656Mi,28%,824,20,20.6,0
Tue 03:58:00,857m,21%,21.425,1638Mi,28%,898,22,22.45,0
Tue 03:59:00,458m,11%,11.45,1657Mi,28%,898,22,22.45,0
Tue 04:00:00,472m,11%,11.8,1651Mi,28%,898,22,22.45,0
Tue 04:01:00,498m,12%,12.45,1641Mi,28%,824,20,20.6,0
Tue 04:02:00,453m,11%,11.325,1642Mi,28%,898,22,22.45,0
Tue 04:03:00,515m,12%,12.875,1641Mi,28%,898,22,22.45,0
Tue 04:04:00,648m,16%,16.2,1641Mi,28%,898,22,22.45,0
Tue 04:05:00,288m,7%,7.2,1646Mi,28%,898,22,22.45,0
Tue 04:06:00,486m,12%,12.15,1641Mi,28%,898,22,22.45,0
Tue 04:07:00,816m,20%,20.4,1642Mi,28%,898,22,22.45,0
Tue 04:08:00,290m,7%,7.25,1642Mi,28%,898,22,22.45,0
Tue 04:09:00,485m,12%,12.125,1641Mi,28%,898,22,22.45,0
Tue 04:10:00,652m,16%,16.3,1641Mi,28%,898,22,22.45,0
Tue 04:11:00,542m,13%,13.55,1643Mi,28%,898,22,22.45,0
Tue 04:12:00,439m,10%,10.975,1657Mi,28%,898,22,22.45,0
Tue 04:13:00,473m,11%,11.825,1641Mi,28%,898,22,22.45,0
Tue 04:14:00,524m,13%,13.1,1656Mi,28%,898,22,22.45,0
Tue 04:15:00,444m,11%,11.1,1658Mi,28%,824,20,20.6,0
Tue 04:16:00,691m,17%,17.275,1638Mi,28%,824,20,20.6,0
Tue 04:17:00,658m,16%,16.45,1638Mi,28%,824,20,20.6,0
Tue 04:18:00,316m,7%,7.9,1651Mi,28%,824,20,20.6,0
Tue 04:19:00,463m,11%,11.575,1638Mi,28%,750,18,18.75,0
Tue 04:20:00,670m,16%,16.75,1635Mi,28%,750,18,18.75,0
Tue 04:21:00,520m,13%,13,1635Mi,28%,750,18,18.75,0
Tue 04:22:00,469m,11%,11.725,1635Mi,28%,750,18,18.75,0
Tue 04:23:00,461m,11%,11.525,1635Mi,28%,824,20,20.6,0
Tue 04:24:00,548m,13%,13.7,1654Mi,28%,824,20,20.6,0
Tue 04:25:00,451m,11%,11.275,1638Mi,28%,898,22,22.45,0
Tue 04:26:00,478m,11%,11.95,1642Mi,28%,898,22,22.45,0
Tue 04:27:00,564m,14%,14.1,1652Mi,28%,972,24,24.3,0
Tue 04:28:00,453m,11%,11.325,1645Mi,28%,972,24,24.3,0
Tue 04:29:00,469m,11%,11.725,1645Mi,28%,972,24,24.3,0
Tue 04:30:00,560m,14%,14,1661Mi,28%,1046,26,26.15,0
Tue 04:31:00,460m,11%,11.5,1650Mi,28%,1046,26,26.15,0
Tue 04:32:00,470m,11%,11.75,1650Mi,28%,972,24,24.3,0
Tue 04:33:00,687m,17%,17.175,1645Mi,28%,972,24,24.3,0
Tue 04:34:00,679m,16%,16.975,1645Mi,28%,972,24,24.3,0
Tue 04:35:00,700m,17%,17.5,1645Mi,28%,972,24,24.3,0
Tue 04:36:00,665m,16%,16.625,1661Mi,28%,898,22,22.45,0
Tue 04:37:00,704m,17%,17.6,1642Mi,28%,898,22,22.45,0
Tue 04:38:00,176m,4%,4.4,1642Mi,28%,824,20,20.6,0
Tue 04:39:00,1204m,30%,30.1,1639Mi,28%,824,20,20.6,0
Tue 04:40:00,109m,2%,2.725,1639Mi,28%,898,22,22.45,0
Tue 04:41:00,701m,17%,17.525,1643Mi,28%,898,22,22.45,0
Tue 04:42:00,685m,17%,17.125,1642Mi,28%,898,22,22.45,0
Tue 04:43:00,345m,8%,8.625,1647Mi,28%,898,22,22.45,0
Tue 04:44:00,472m,11%,11.8,1643Mi,28%,898,22,22.45,2
Tue 04:45:00,684m,17%,17.1,1642Mi,28%,972,24,24.3,0
Tue 04:46:00,361m,9%,9.025,1646Mi,28%,972,24,24.3,0
Tue 04:47:00,455m,11%,11.375,1646Mi,28%,1046,26,26.15,0
Tue 04:48:00,704m,17%,17.6,1649Mi,28%,1046,26,26.15,0
Tue 04:49:00,348m,8%,8.7,1663Mi,28%,1046,26,26.15,0
Tue 04:50:00,1033m,25%,25.825,1649Mi,28%,1046,26,26.15,0
Tue 04:51:00,524m,13%,13.1,1655Mi,28%,1046,26,26.15,0
Tue 04:52:00,879m,21%,21.975,1649Mi,28%,1046,26,26.15,0
Tue 04:53:00,282m,7%,7.05,1665Mi,28%,1046,26,26.15,0
Tue 04:54:00,1124m,28%,28.1,1649Mi,28%,1046,26,26.15,0
Tue 04:55:00,133m,3%,3.325,1665Mi,28%,1046,26,26.15,0
Tue 04:56:00,1271m,31%,31.775,1649Mi,28%,1046,26,26.15,0
Tue 04:57:00,156m,3%,3.9,1666Mi,28%,1046,26,26.15,0
Tue 04:58:00,1051m,26%,26.275,1665Mi,28%,1046,26,26.15,0
Tue 04:59:00,371m,9%,9.275,1671Mi,28%,972,24,24.3,0
Tue 05:00:00,829m,20%,20.725,1664Mi,28%,972,24,24.3,0
Tue 05:01:00,559m,13%,13.975,1655Mi,28%,898,22,22.45,0
Tue 05:02:00,662m,16%,16.55,1654Mi,28%,898,22,22.45,0
Tue 05:03:00,708m,17%,17.7,1652Mi,28%,898,22,22.45,0
Tue 05:04:00,693m,17%,17.325,1651Mi,28%,898,22,22.45,0
Tue 05:05:00,714m,17%,17.85,1652Mi,28%,898,22,22.45,0
Tue 05:06:00,665m,16%,16.625,1668Mi,28%,824,20,20.6,0
Tue 05:07:00,739m,18%,18.475,1649Mi,28%,824,20,20.6,0
Tue 05:08:00,481m,12%,12.025,1664Mi,28%,824,20,20.6,0
Tue 05:09:00,384m,9%,9.6,1659Mi,28%,898,22,22.45,0
Tue 05:10:00,666m,16%,16.65,1654Mi,28%,898,22,22.45,0
Tue 05:11:00,485m,12%,12.125,1654Mi,28%,898,22,22.45,0
Tue 05:12:00,383m,9%,9.575,1670Mi,28%,824,20,20.6,0
Tue 05:13:00,733m,18%,18.325,1665Mi,28%,824,20,20.6,0
Tue 05:14:00,647m,16%,16.175,1648Mi,28%,824,20,20.6,0
Tue 05:15:00,706m,17%,17.65,1648Mi,28%,824,20,20.6,0
Tue 05:16:00,184m,4%,4.6,1653Mi,28%,824,20,20.6,0
Tue 05:17:00,650m,16%,16.25,1648Mi,28%,750,18,18.75,0
Tue 05:18:00,819m,20%,20.475,1659Mi,28%,750,18,18.75,0
Tue 05:19:00,641m,16%,16.025,1645Mi,28%,824,20,20.6,0
Tue 05:20:00,705m,17%,17.625,1648Mi,28%,824,20,20.6,0
Tue 05:21:00,218m,5%,5.45,1665Mi,28%,824,20,20.6,0
Tue 05:22:00,645m,16%,16.125,1649Mi,28%,824,20,20.6,0
Tue 05:23:00,696m,17%,17.4,1649Mi,28%,824,20,20.6,0
Tue 05:24:00,225m,5%,5.625,1655Mi,28%,898,22,22.45,0
Tue 05:25:00,654m,16%,16.35,1653Mi,28%,898,22,22.45,0
Tue 05:26:00,694m,17%,17.35,1652Mi,28%,972,24,24.3,0
Tue 05:27:00,272m,6%,6.8,1671Mi,28%,898,22,22.45,0
Tue 05:28:00,724m,18%,18.1,1664Mi,28%,898,22,22.45,0
Tue 05:29:00,633m,15%,15.825,1653Mi,28%,898,22,22.45,0
Tue 05:30:00,724m,18%,18.1,1652Mi,28%,898,22,22.45,0
Tue 05:31:00,226m,5%,5.65,1666Mi,28%,898,22,22.45,0
Tue 05:32:00,636m,15%,15.9,1653Mi,28%,824,20,20.6,0
Tue 05:33:00,875m,21%,21.875,1660Mi,28%,824,20,20.6,0
Tue 05:34:00,627m,15%,15.675,1649Mi,28%,824,20,20.6,0
Tue 05:35:00,1020m,25%,25.5,1650Mi,28%,824,20,20.6,0
Tue 05:36:00,226m,5%,5.65,1665Mi,28%,824,20,20.6,0
Tue 05:37:00,629m,15%,15.725,1649Mi,28%,898,22,22.45,0
Tue 05:38:00,753m,18%,18.825,1653Mi,28%,898,22,22.45,0
Tue 05:39:00,237m,5%,5.925,1662Mi,28%,972,24,24.3,0
Tue 05:40:00,633m,15%,15.825,1656Mi,28%,972,24,24.3,0
Tue 05:41:00,740m,18%,18.5,1655Mi,28%,1046,26,26.15,0
Tue 05:42:00,261m,6%,6.525,1669Mi,28%,972,24,24.3,0
Tue 05:43:00,776m,19%,19.4,1662Mi,28%,972,24,24.3,0
Tue 05:44:00,613m,15%,15.325,1657Mi,28%,1046,26,26.15,0
Tue 05:45:00,745m,18%,18.625,1660Mi,28%,1046,26,26.15,0
Tue 05:46:00,266m,6%,6.65,1664Mi,28%,972,24,24.3,0
Tue 05:47:00,1182m,29%,29.55,1656Mi,28%,972,24,24.3,0
Tue 05:48:00,595m,14%,14.875,1659Mi,28%,972,24,24.3,0
Tue 05:49:00,599m,14%,14.975,1657Mi,28%,898,22,22.45,0
Tue 05:50:00,1043m,26%,26.075,1654Mi,28%,898,22,22.45,0
Tue 05:51:00,276m,6%,6.9,1670Mi,28%,972,24,24.3,0
Tue 05:52:00,611m,15%,15.275,1659Mi,28%,972,24,24.3,0
Tue 05:53:00,906m,22%,22.65,1662Mi,28%,972,24,24.3,0
Tue 05:54:00,590m,14%,14.75,1659Mi,28%,1046,26,26.15,0
Tue 05:55:00,732m,18%,18.3,1662Mi,28%,1046,26,26.15,0
Tue 05:56:00,319m,7%,7.975,1678Mi,28%,1046,26,26.15,0
Tue 05:57:00,1186m,29%,29.65,1662Mi,28%,1120,28,28,0
Tue 05:58:00,602m,15%,15.05,1677Mi,28%,1120,28,28,0
Tue 05:59:00,481m,12%,12.025,1677Mi,28%,1046,26,26.15,0
Tue 06:00:00,1118m,27%,27.95,1661Mi,28%,1120,28,28,0
Tue 06:01:00,324m,8%,8.1,1665Mi,28%,1046,26,26.15,0
Tue 06:02:00,1134m,28%,28.35,1661Mi,28%,972,24,24.3,0
Tue 06:03:00,648m,16%,16.2,1671Mi,28%,972,24,24.3,0
Tue 06:04:00,562m,14%,14.05,1659Mi,28%,898,22,22.45,0
Tue 06:05:00,1035m,25%,25.875,1656Mi,28%,972,24,24.3,0
Tue 06:06:00,335m,8%,8.375,1664Mi,28%,898,22,22.45,0
Tue 06:07:00,1121m,28%,28.025,1656Mi,28%,972,24,24.3,0
Tue 06:08:00,623m,15%,15.575,1671Mi,28%,898,22,22.45,0
Tue 06:09:00,775m,19%,19.375,1659Mi,28%,898,22,22.45,0
Tue 06:10:00,465m,11%,11.625,1666Mi,28%,972,24,24.3,0
Tue 06:11:00,550m,13%,13.75,1659Mi,28%,972,24,24.3,0
Tue 06:12:00,628m,15%,15.7,1672Mi,28%,1046,26,26.15,0
Tue 06:13:00,483m,12%,12.075,1680Mi,28%,972,24,24.3,0
Tue 06:14:00,1070m,26%,26.75,1675Mi,28%,972,24,24.3,0
Tue 06:15:00,449m,11%,11.225,1670Mi,28%,1046,26,26.15,0
Tue 06:16:00,543m,13%,13.575,1663Mi,28%,972,24,24.3,0
Tue 06:17:00,761m,19%,19.025,1660Mi,28%,1046,26,26.15,0
Tue 06:18:00,644m,16%,16.1,1669Mi,28%,972,24,24.3,0
Tue 06:19:00,809m,20%,20.225,1664Mi,28%,972,24,24.3,0
Tue 06:20:00,450m,11%,11.25,1666Mi,28%,972,24,24.3,0
Tue 06:21:00,522m,13%,13.05,1660Mi,28%,898,22,22.45,0
Tue 06:22:00,761m,19%,19.025,1657Mi,28%,898,22,22.45,0
Tue 06:23:00,669m,16%,16.725,1662Mi,28%,824,20,20.6,0
Tue 06:24:00,779m,19%,19.475,1671Mi,28%,824,20,20.6,0
Tue 06:25:00,455m,11%,11.375,1659Mi,28%,898,22,22.45,0
Tue 06:26:00,595m,14%,14.875,1657Mi,28%,824,20,20.6,0
Tue 06:27:00,781m,19%,19.525,1654Mi,28%,824,20,20.6,0
Tue 06:28:00,433m,10%,10.825,1654Mi,28%,824,20,20.6,0
Tue 06:29:00,448m,11%,11.2,1654Mi,28%,824,20,20.6,0
Tue 06:30:00,763m,19%,19.075,1654Mi,28%,898,22,22.45,0
Tue 06:31:00,444m,11%,11.1,1657Mi,28%,898,22,22.45,0
Tue 06:32:00,448m,11%,11.2,1657Mi,28%,898,22,22.45,0
Tue 06:33:00,775m,19%,19.375,1657Mi,28%,824,20,20.6,0
Tue 06:34:00,749m,18%,18.725,1661Mi,28%,824,20,20.6,0
Tue 06:35:00,459m,11%,11.475,1654Mi,28%,898,22,22.45,0
Tue 06:36:00,783m,19%,19.575,1657Mi,28%,898,22,22.45,0
Tue 06:37:00,424m,10%,10.6,1667Mi,28%,972,24,24.3,0
Tue 06:38:00,470m,11%,11.75,1668Mi,28%,898,22,22.45,0
Tue 06:39:00,1079m,26%,26.975,1673Mi,28%,898,22,22.45,0
Tue 06:40:00,472m,11%,11.8,1673Mi,28%,972,24,24.3,0
Tue 06:41:00,776m,19%,19.4,1670Mi,28%,972,24,24.3,0
Tue 06:42:00,425m,10%,10.625,1681Mi,28%,972,24,24.3,0
Tue 06:43:00,479m,11%,11.975,1679Mi,28%,898,22,22.45,0
Tue 06:44:00,1090m,27%,27.25,1675Mi,28%,898,22,22.45,0
Tue 06:45:00,465m,11%,11.625,1668Mi,28%,972,24,24.3,0
Tue 06:46:00,766m,19%,19.15,1669Mi,28%,898,22,22.45,0
Tue 06:47:00,774m,19%,19.35,1666Mi,28%,972,24,24.3,0
Tue 06:48:00,436m,10%,10.9,1676Mi,28%,898,22,22.45,0
Tue 06:49:00,807m,20%,20.175,1670Mi,28%,898,22,22.45,0
Tue 06:50:00,450m,11%,11.25,1681Mi,28%,898,22,22.45,0
Tue 06:51:00,746m,18%,18.65,1666Mi,28%,898,22,22.45,0
Tue 06:52:00,476m,11%,11.9,1671Mi,28%,972,24,24.3,0
Tue 06:53:00,464m,11%,11.6,1675Mi,28%,898,22,22.45,0
Tue 06:54:00,1070m,26%,26.75,1669Mi,28%,898,22,22.45,0
Tue 06:55:00,496m,12%,12.4,1682Mi,28%,898,22,22.45,0
Tue 06:56:00,732m,18%,18.3,1666Mi,28%,824,20,20.6,0
Tue 06:57:00,797m,19%,19.925,1663Mi,28%,898,22,22.45,0
Tue 06:58:00,471m,11%,11.775,1682Mi,28%,898,22,22.45,0
Tue 06:59:00,489m,12%,12.225,1675Mi,28%,898,22,22.45,0
Tue 07:00:00,721m,18%,18.025,1666Mi,28%,898,22,22.45,0
Tue 07:01:00,457m,11%,11.425,1673Mi,28%,824,20,20.6,0
Tue 07:02:00,1098m,27%,27.45,1663Mi,28%,824,20,20.6,0
Tue 07:03:00,485m,12%,12.125,1679Mi,28%,824,20,20.6,0
Tue 07:04:00,467m,11%,11.675,1672Mi,28%,824,20,20.6,0
Tue 07:05:00,717m,17%,17.925,1663Mi,28%,898,22,22.45,0
Tue 07:06:00,504m,12%,12.6,1682Mi,28%,824,20,20.6,0
Tue 07:07:00,1070m,26%,26.75,1663Mi,28%,824,20,20.6,0
Tue 07:08:00,514m,12%,12.85,1667Mi,28%,824,20,20.6,0
Tue 07:09:00,451m,11%,11.275,1667Mi,28%,898,22,22.45,0
Tue 07:10:00,721m,18%,18.025,1666Mi,28%,898,22,22.45,0
Tue 07:11:00,522m,13%,13.05,1678Mi,28%,898,22,22.45,0
Tue 07:12:00,452m,11%,11.3,1675Mi,28%,972,24,24.3,0
Tue 07:13:00,697m,17%,17.425,1670Mi,28%,898,22,22.45,0
Tue 07:14:00,859m,21%,21.475,1674Mi,28%,898,22,22.45,0
Tue 07:15:00,463m,11%,11.575,1682Mi,28%,898,22,22.45,0
Tue 07:16:00,688m,17%,17.2,1667Mi,28%,898,22,22.45,0
Tue 07:17:00,541m,13%,13.525,1674Mi,28%,824,20,20.6,0
Tue 07:18:00,1030m,25%,25.75,1664Mi,28%,824,20,20.6,0
Tue 07:19:00,211m,5%,5.275,1666Mi,28%,824,20,20.6,0
Tue 07:20:00,681m,17%,17.025,1663Mi,28%,824,20,20.6,0
Tue 07:21:00,784m,19%,19.6,1664Mi,28%,750,18,18.75,0
Tue 07:22:00,782m,19%,19.55,1660Mi,28%,750,18,18.75,0
Tue 07:23:00,548m,13%,13.7,1662Mi,28%,750,18,18.75,0
Tue 07:24:00,449m,11%,11.225,1676Mi,28%,824,20,20.6,0
Tue 07:25:00,696m,17%,17.4,1663Mi,28%,824,20,20.6,0
Tue 07:26:00,546m,13%,13.65,1668Mi,28%,824,20,20.6,0
Tue 07:27:00,477m,11%,11.925,1664Mi,28%,898,22,22.45,0
Tue 07:28:00,676m,16%,16.9,1668Mi,28%,898,22,22.45,0
Tue 07:29:00,565m,14%,14.125,1676Mi,28%,898,22,22.45,0
Tue 07:30:00,460m,11%,11.5,1678Mi,28%,898,22,22.45,0
Tue 07:31:00,657m,16%,16.425,1667Mi,28%,972,24,24.3,0
Tue 07:32:00,593m,14%,14.825,1672Mi,28%,898,22,22.45,0
Tue 07:33:00,998m,24%,24.95,1667Mi,28%,898,22,22.45,0
Tue 07:34:00,247m,6%,6.175,1670Mi,28%,898,22,22.45,0
Tue 07:35:00,655m,16%,16.375,1667Mi,28%,898,22,22.45,0
Tue 07:36:00,792m,19%,19.8,1667Mi,28%,824,20,20.6,0
Tue 07:37:00,775m,19%,19.375,1664Mi,28%,824,20,20.6,0
Tue 07:38:00,567m,14%,14.175,1670Mi,28%,824,20,20.6,0
Tue 07:39:00,482m,12%,12.05,1671Mi,28%,824,20,20.6,0
Tue 07:40:00,717m,17%,17.925,1675Mi,28%,824,20,20.6,0
Tue 07:41:00,734m,18%,18.35,1663Mi,28%,824,20,20.6,0
Tue 07:42:00,784m,19%,19.6,1664Mi,28%,824,20,20.6,0
Tue 07:43:00,279m,6%,6.975,1676Mi,28%,824,20,20.6,0
Tue 07:44:00,631m,15%,15.775,1664Mi,28%,824,20,20.6,0
Tue 07:45:00,784m,19%,19.6,1664Mi,28%,824,20,20.6,0
Tue 07:46:00,283m,7%,7.075,1666Mi,28%,898,22,22.45,0
Tue 07:47:00,640m,16%,16,1669Mi,28%,824,20,20.6,0
Tue 07:48:00,898m,22%,22.45,1666Mi,28%,824,20,20.6,0
Tue 07:49:00,287m,7%,7.175,1676Mi,28%,824,20,20.6,0
Tue 07:50:00,614m,15%,15.35,1664Mi,28%,898,22,22.45,0
Tue 07:51:00,801m,20%,20.025,1667Mi,28%,898,22,22.45,0
Tue 07:52:00,295m,7%,7.375,1668Mi,28%,898,22,22.45,0
Tue 07:53:00,606m,15%,15.15,1668Mi,28%,898,22,22.45,0
Tue 07:54:00,787m,19%,19.675,1668Mi,28%,898,22,22.45,0
Tue 07:55:00,317m,7%,7.925,1676Mi,28%,898,22,22.45,0
Tue 07:56:00,694m,17%,17.35,1668Mi,28%,898,22,22.45,0
Tue 07:57:00,811m,20%,20.275,1668Mi,28%,972,24,24.3,0
Tue 07:58:00,323m,8%,8.075,1679Mi,28%,898,22,22.45,0
Tue 07:59:00,1118m,27%,27.95,1684Mi,28%,898,22,22.45,0
Tue 08:00:00,490m,12%,12.25,1683Mi,28%,898,22,22.45,0
Tue 08:01:00,596m,14%,14.9,1669Mi,28%,898,22,22.45,0
Tue 08:02:00,636m,15%,15.9,1683Mi,28%,898,22,22.45,0
Tue 08:03:00,981m,24%,24.525,1670Mi,28%,972,24,24.3,0
Tue 08:04:00,347m,8%,8.675,1681Mi,28%,972,24,24.3,0
Tue 08:05:00,586m,14%,14.65,1673Mi,28%,1046,26,26.15,0
Tue 08:06:00,817m,20%,20.425,1676Mi,28%,1046,26,26.15,0
Tue 08:07:00,823m,20%,20.575,1676Mi,28%,1120,28,28,2
Tue 08:08:00,742m,18%,18.55,1693Mi,29%,1120,28,28,0
Tue 08:09:00,419m,10%,10.475,1694Mi,29%,1120,28,28,0
Tue 08:10:00,581m,14%,14.525,1678Mi,28%,1046,26,26.15,0
Tue 08:11:00,1043m,26%,26.075,1675Mi,28%,972,24,24.3,0
Tue 08:12:00,364m,9%,9.1,1677Mi,28%,972,24,24.3,0
Tue 08:13:00,702m,17%,17.55,1672Mi,28%,898,22,22.45,0
Tue 08:14:00,897m,22%,22.425,1669Mi,28%,824,20,20.6,0
Tue 08:15:00,424m,10%,10.6,1669Mi,28%,824,20,20.6,0
Tue 08:16:00,572m,14%,14.3,1665Mi,28%,750,18,18.75,0
Tue 08:17:00,821m,20%,20.525,1662Mi,28%,750,18,18.75,0
Tue 08:18:00,501m,12%,12.525,1666Mi,28%,824,20,20.6,0
Tue 08:19:00,506m,12%,12.65,1665Mi,28%,898,22,22.45,0
Tue 08:20:00,833m,20%,20.825,1669Mi,28%,898,22,22.45,0
Tue 08:21:00,242m,6%,6.05,1669Mi,28%,972,24,24.3,0
Tue 08:22:00,714m,17%,17.85,1672Mi,28%,1046,26,26.15,0
Tue 08:23:00,840m,21%,21,1675Mi,28%,1120,28,28,0
Tue 08:24:00,246m,6%,6.15,1675Mi,28%,1120,28,28,0
Tue 08:25:00,715m,17%,17.875,1678Mi,28%,1120,28,28,0
Tue 08:26:00,833m,20%,20.825,1679Mi,28%,1120,28,28,0
Tue 08:27:00,965m,24%,24.125,1687Mi,29%,1046,26,26.15,0
Tue 08:28:00,161m,4%,4.025,1679Mi,28%,1120,28,28,0
Tue 08:29:00,891m,22%,22.275,1679Mi,28%,1120,28,28,0
Tue 08:30:01,837m,20%,20.925,1679Mi,28%,1046,26,26.15,0
Tue 08:31:00,252m,6%,6.3,1676Mi,28%,1046,26,26.15,0
Tue 08:32:01,732m,18%,18.3,1682Mi,28%,1046,26,26.15,0
Tue 08:33:01,962m,24%,24.05,1676Mi,28%,1046,26,26.15,0
Tue 08:34:01,340m,8%,8.5,1677Mi,28%,1120,28,28,0
Tue 08:35:01,650m,16%,16.25,1679Mi,28%,1120,28,28,0
Tue 08:36:00,1056m,26%,26.4,1680Mi,28%,1046,26,26.15,0
Tue 08:37:01,1007m,25%,25.175,1691Mi,29%,1046,26,26.15,0
Tue 08:38:00,360m,9%,9,1684Mi,28%,1046,26,26.15,0
Tue 08:39:01,1145m,28%,28.625,1676Mi,28%,1120,28,28,0
Tue 08:40:00,701m,17%,17.525,1682Mi,28%,1046,26,26.15,0
Tue 08:41:01,287m,7%,7.175,1683Mi,28%,1046,26,26.15,0
Tue 08:42:00,956m,23%,23.9,1676Mi,28%,1046,26,26.15,0
Tue 08:43:00,918m,22%,22.95,1677Mi,28%,972,24,24.3,0
Tue 08:44:00,154m,3%,3.85,1691Mi,29%,1046,26,26.15,0
Tue 08:45:00,873m,21%,21.825,1676Mi,28%,1120,28,28,0
Tue 08:46:00,863m,21%,21.575,1680Mi,28%,1046,26,26.15,0
Tue 08:47:00,376m,9%,9.4,1692Mi,29%,1046,26,26.15,0
Tue 08:48:00,650m,16%,16.25,1680Mi,28%,1046,26,26.15,0
Tue 08:49:00,1027m,25%,25.675,1677Mi,28%,1046,26,26.15,0
Tue 08:50:01,452m,11%,11.3,1691Mi,29%,1046,26,26.15,0
Tue 08:51:00,570m,14%,14.25,1688Mi,29%,1046,26,26.15,0
Tue 08:52:00,1093m,27%,27.325,1677Mi,28%,972,24,24.3,0
Tue 08:53:00,1049m,26%,26.225,1678Mi,28%,972,24,24.3,0
Tue 08:54:00,292m,7%,7.3,1677Mi,28%,972,24,24.3,0
Tue 08:55:00,1007m,25%,25.175,1673Mi,28%,1046,26,26.15,0
Tue 08:56:00,851m,21%,21.275,1690Mi,29%,972,24,24.3,0
Tue 08:57:00,204m,5%,5.1,1679Mi,28%,1046,26,26.15,0
Tue 08:58:00,878m,21%,21.95,1677Mi,28%,1046,26,26.15,0
Tue 08:59:00,990m,24%,24.75,1743Mi,29%,1046,26,26.15,0
Tue 09:00:00,336m,8%,8.4,1748Mi,30%,1046,26,26.15,0
Tue 09:01:00,740m,18%,18.5,1749Mi,30%,1046,26,26.15,0
Tue 09:02:00,752m,18%,18.8,1742Mi,29%,972,24,24.3,0
Tue 09:03:00,663m,16%,16.575,1740Mi,29%,972,24,24.3,0
Tue 09:04:00,530m,13%,13.25,1748Mi,30%,972,24,24.3,0
Tue 09:05:00,1112m,27%,27.8,1740Mi,29%,898,22,22.45,0
Tue 09:06:00,1076m,26%,26.9,1741Mi,29%,972,24,24.3,0
Tue 09:07:00,397m,9%,9.925,1747Mi,30%,972,24,24.3,0
Tue 09:08:00,759m,18%,18.975,1739Mi,29%,898,22,22.45,0
Tue 09:09:00,859m,21%,21.475,1736Mi,29%,898,22,22.45,0
Tue 09:10:00,857m,21%,21.425,1737Mi,29%,898,22,22.45,0
Tue 09:11:00,222m,5%,5.55,1747Mi,30%,898,22,22.45,0
Tue 09:12:00,757m,18%,18.925,1737Mi,29%,824,20,20.6,0
Tue 09:13:00,994m,24%,24.85,1752Mi,30%,824,20,20.6,0
Tue 09:14:00,727m,18%,18.175,1741Mi,29%,898,22,22.45,0
Tue 09:15:00,752m,18%,18.8,1737Mi,29%,824,20,20.6,0
Tue 09:16:00,858m,21%,21.45,1734Mi,29%,898,22,22.45,0
Tue 09:17:00,556m,13%,13.9,1743Mi,29%,898,22,22.45,0
Tue 09:18:00,561m,14%,14.025,1748Mi,30%,898,22,22.45,0
Tue 09:19:00,738m,18%,18.45,1738Mi,29%,898,22,22.45,0
Tue 09:20:00,545m,13%,13.625,1738Mi,29%,898,22,22.45,0
Tue 09:21:00,565m,14%,14.125,1739Mi,29%,898,22,22.45,0
Tue 09:22:00,730m,18%,18.25,1738Mi,29%,824,20,20.6,0
Tue 09:23:00,903m,22%,22.575,1734Mi,29%,898,22,22.45,0
Tue 09:24:00,270m,6%,6.75,1754Mi,30%,824,20,20.6,0
Tue 09:25:00,999m,24%,24.975,1753Mi,30%,824,20,20.6,0
Tue 09:26:00,720m,18%,18,1751Mi,30%,824,20,20.6,0
Tue 09:27:00,724m,18%,18.1,1736Mi,29%,824,20,20.6,0
Tue 09:28:00,432m,10%,10.8,1750Mi,30%,898,22,22.45,0
Tue 09:29:00,731m,18%,18.275,1738Mi,29%,898,22,22.45,0
Tue 09:30:00,717m,17%,17.925,1738Mi,29%,972,24,24.3,0
Tue 09:31:00,435m,10%,10.875,1743Mi,29%,972,24,24.3,0
Tue 09:32:00,717m,17%,17.925,1741Mi,29%,898,22,22.45,0
Tue 09:33:00,875m,21%,21.875,1738Mi,29%,972,24,24.3,0
Tue 09:34:00,885m,22%,22.125,1746Mi,30%,972,24,24.3,0
Tue 09:35:00,282m,7%,7.05,1755Mi,30%,1046,26,26.15,0
Tue 09:36:00,718m,17%,17.95,1744Mi,30%,972,24,24.3,0
Tue 09:37:00,1064m,26%,26.6,1746Mi,30%,972,24,24.3,0
Tue 09:38:00,699m,17%,17.475,1741Mi,29%,972,24,24.3,0
Tue 09:39:00,781m,19%,19.525,1741Mi,29%,898,22,22.45,0
Tue 09:40:00,874m,21%,21.85,1737Mi,29%,898,22,22.45,0
Tue 09:41:00,624m,15%,15.6,1743Mi,29%,824,20,20.6,0
Tue 09:42:00,1035m,25%,25.875,1743Mi,29%,824,20,20.6,0
Tue 09:43:00,408m,10%,10.2,1747Mi,30%,824,20,20.6,0
Tue 09:44:00,685m,17%,17.125,1735Mi,29%,750,18,18.75,0
Tue 09:45:00,879m,21%,21.975,1731Mi,29%,824,20,20.6,0
Tue 09:46:00,872m,21%,21.8,1734Mi,29%,824,20,20.6,0
Tue 09:47:00,311m,7%,7.775,1743Mi,29%,898,22,22.45,0
Tue 09:48:00,696m,17%,17.4,1738Mi,29%,898,22,22.45,0
Tue 09:49:00,873m,21%,21.825,1737Mi,29%,898,22,22.45,0
Tue 09:50:00,324m,8%,8.1,1742Mi,29%,972,24,24.3,0
Tue 09:51:00,687m,17%,17.175,1741Mi,29%,972,24,24.3,0
Tue 09:52:00,875m,21%,21.875,1741Mi,29%,1046,26,26.15,0
Tue 09:53:00,350m,8%,8.75,1761Mi,30%,972,24,24.3,0
Tue 09:54:00,1384m,34%,34.6,1742Mi,29%,972,24,24.3,0
Tue 09:55:00,392m,9%,9.8,1750Mi,30%,972,24,24.3,0
Tue 09:56:00,663m,16%,16.575,1752Mi,30%,898,22,22.45,0
Tue 09:57:00,873m,21%,21.825,1739Mi,29%,972,24,24.3,0
Tue 09:58:00,919m,22%,22.975,1741Mi,29%,898,22,22.45,0
Tue 09:59:00,883m,22%,22.075,1738Mi,29%,972,24,24.3,0
Tue 10:00:00,370m,9%,9.25,1755Mi,30%,898,22,22.45,0
Tue 10:01:00,1033m,25%,25.825,1750Mi,30%,972,24,24.3,0
Tue 10:02:00,654m,16%,16.35,1742Mi,29%,972,24,24.3,0
Tue 10:03:00,740m,18%,18.5,1741Mi,29%,972,24,24.3,0
Tue 10:04:00,508m,12%,12.7,1748Mi,30%,972,24,24.3,0
Tue 10:05:00,638m,15%,15.95,1742Mi,29%,898,22,22.45,0
Tue 10:06:00,1099m,27%,27.475,1743Mi,30%,972,24,24.3,0
Tue 10:07:00,428m,10%,10.7,1742Mi,29%,898,22,22.45,0
Tue 10:08:00,999m,24%,24.975,1693Mi,29%,898,22,22.45,0
Tue 10:09:00,748m,18%,18.7,1689Mi,29%,898,22,22.45,0
Tue 10:10:00,851m,21%,21.275,1688Mi,29%,898,22,22.45,0
Tue 10:11:00,868m,21%,21.7,1689Mi,29%,898,22,22.45,0
Tue 10:12:00,698m,17%,17.45,1689Mi,29%,898,22,22.45,0
Tue 10:13:00,266m,6%,6.65,1689Mi,29%,898,22,22.45,0
Tue 10:14:00,852m,21%,21.3,1689Mi,29%,898,22,22.45,2
Tue 10:15:00,947m,23%,23.675,1694Mi,29%,898,22,22.45,0
Tue 10:16:00,173m,4%,4.325,1688Mi,29%,898,22,22.45,0
Tue 10:17:00,856m,21%,21.4,1689Mi,29%,972,24,24.3,0
Tue 10:18:00,818m,20%,20.45,1699Mi,29%,898,22,22.45,0
Tue 10:19:00,154m,3%,3.85,1691Mi,29%,972,24,24.3,0
Tue 10:20:00,880m,22%,22,1692Mi,29%,972,24,24.3,0
Tue 10:21:00,853m,21%,21.325,1692Mi,29%,972,24,24.3,0
Tue 10:22:00,129m,3%,3.225,1702Mi,29%,972,24,24.3,0
Tue 10:23:00,851m,21%,21.275,1692Mi,29%,898,22,22.45,0
Tue 10:24:00,863m,21%,21.575,1689Mi,29%,898,22,22.45,0
Tue 10:25:00,228m,5%,5.7,1705Mi,29%,824,20,20.6,0
Tue 10:26:00,1355m,33%,33.875,1685Mi,28%,898,22,22.45,0
Tue 10:27:00,290m,7%,7.25,1699Mi,29%,824,20,20.6,0
Tue 10:28:00,1092m,27%,27.3,1701Mi,29%,898,22,22.45,0
Tue 10:29:00,675m,16%,16.875,1695Mi,29%,898,22,22.45,0
Tue 10:30:00,827m,20%,20.675,1688Mi,29%,972,24,24.3,0
Tue 10:31:00,364m,9%,9.1,1704Mi,29%,972,24,24.3,0
Tue 10:32:00,663m,16%,16.575,1701Mi,29%,972,24,24.3,0
Tue 10:33:00,832m,20%,20.8,1692Mi,29%,972,24,24.3,0
Tue 10:34:00,358m,8%,8.95,1692Mi,29%,972,24,24.3,0
Tue 10:35:00,1377m,34%,34.425,1689Mi,29%,972,24,24.3,0
Tue 10:36:00,172m,4%,4.3,1707Mi,29%,898,22,22.45,0
Tue 10:37:00,1315m,32%,32.875,1693Mi,29%,898,22,22.45,0
Tue 10:38:00,428m,10%,10.7,1697Mi,29%,824,20,20.6,0
Tue 10:39:00,924m,23%,23.1,1691Mi,29%,898,22,22.45,0
Tue 10:40:00,824m,20%,20.6,1702Mi,29%,898,22,22.45,0
Tue 10:41:00,806m,20%,20.15,1689Mi,29%,972,24,24.3,0
Tue 10:42:00,245m,6%,6.125,1696Mi,29%,972,24,24.3,0
Tue 10:43:00,811m,20%,20.275,1692Mi,29%,898,22,22.45,0
Tue 10:44:00,875m,21%,21.875,1689Mi,29%,898,22,22.45,0
Tue 10:45:00,371m,9%,9.275,1701Mi,29%,898,22,22.45,0
Tue 10:46:00,680m,17%,17,1696Mi,29%,898,22,22.45,0
Tue 10:47:00,805m,20%,20.125,1689Mi,29%,824,20,20.6,0
Tue 10:48:00,656m,16%,16.4,1702Mi,29%,898,22,22.45,0
Tue 10:49:00,620m,15%,15.5,1699Mi,29%,824,20,20.6,0
Tue 10:50:00,797m,19%,19.925,1700Mi,29%,824,20,20.6,0
Tue 10:51:00,869m,21%,21.725,1686Mi,29%,824,20,20.6,0
Tue 10:52:00,868m,21%,21.7,1686Mi,29%,824,20,20.6,0
Tue 10:53:00,201m,5%,5.025,1696Mi,29%,824,20,20.6,0
Tue 10:54:00,794m,19%,19.85,1686Mi,29%,898,22,22.45,0
Tue 10:55:00,884m,22%,22.1,1691Mi,29%,898,22,22.45,0
Tue 10:56:00,203m,5%,5.075,1699Mi,29%,824,20,20.6,0
Tue 10:57:00,1401m,35%,35.025,1697Mi,29%,824,20,20.6,0
Tue 10:58:00,388m,9%,9.7,1694Mi,29%,898,22,22.45,0
Tue 10:59:00,808m,20%,20.2,1691Mi,29%,898,22,22.45,0
Tue 11:00:00,730m,18%,18.25,1702Mi,29%,2008,50,50.2,0
Tue 11:01:00,381m,9%,9.525,1704Mi,29%,2008,50,50.2,0
Tue 11:02:00,973m,24%,24.325,1741Mi,29%,2082,52,52.05,0
Tue 11:03:00,736m,18%,18.4,1747Mi,30%,2008,50,50.2,0
Tue 11:04:00,1024m,25%,25.6,1746Mi,30%,2008,50,50.2,0
Tue 11:05:00,511m,12%,12.775,1762Mi,30%,2008,50,50.2,0
Tue 11:06:00,642m,16%,16.05,1753Mi,30%,2008,50,50.2,0
Tue 11:07:00,763m,19%,19.075,1748Mi,30%,2008,50,50.2,0
Tue 11:08:00,912m,22%,22.8,1750Mi,30%,2008,50,50.2,0
Tue 11:09:00,648m,16%,16.2,1756Mi,30%,2082,52,52.05,0
Tue 11:10:00,1955m,48%,48.875,1763Mi,30%,2082,52,52.05,0
Tue 11:11:00,1110m,27%,27.75,1767Mi,30%,2082,52,52.05,0
Tue 11:12:00,480m,12%,12,1763Mi,30%,2082,52,52.05,0
Tue 11:13:00,703m,17%,17.575,1755Mi,30%,2082,52,52.05,0
Tue 11:14:00,666m,16%,16.65,1766Mi,30%,2082,52,52.05,0
Tue 11:15:00,487m,12%,12.175,1771Mi,30%,2082,52,52.05,0
Tue 11:16:00,1297m,32%,32.425,1756Mi,30%,2082,52,52.05,0
Tue 11:17:00,322m,8%,8.05,1771Mi,30%,2082,52,52.05,0
Tue 11:18:00,1843m,46%,46.075,1768Mi,30%,2082,52,52.05,0
Tue 11:19:00,1366m,34%,34.15,1757Mi,30%,2082,52,52.05,0
Tue 11:20:00,766m,19%,19.15,1756Mi,30%,2082,52,52.05,0
Tue 11:21:00,806m,20%,20.15,1758Mi,30%,2082,52,52.05,0
Tue 11:22:00,348m,8%,8.7,1763Mi,30%,2082,52,52.05,0
Tue 11:23:00,610m,15%,15.25,1757Mi,30%,2082,52,52.05,0
Tue 11:24:00,1107m,27%,27.675,1771Mi,30%,2082,52,52.05,0
Tue 11:25:00,594m,14%,14.85,1765Mi,30%,2082,52,52.05,0
Tue 11:26:00,1229m,30%,30.725,1777Mi,30%,2082,52,52.05,0
Tue 11:27:00,1939m,48%,48.475,1779Mi,30%,2156,53,53.9,0
Tue 11:28:00,933m,23%,23.325,1766Mi,30%,2230,55,55.75,0
Tue 11:29:00,401m,10%,10.025,1786Mi,30%,2230,55,55.75,0
Tue 11:30:00,612m,15%,15.3,1770Mi,30%,2304,57,57.6,0
Tue 11:31:00,772m,19%,19.3,1772Mi,30%,2304,57,57.6,0
Tue 11:32:00,138m,3%,3.45,1772Mi,30%,2230,55,55.75,0
Tue 11:33:00,1243m,31%,31.075,1769Mi,30%,2230,55,55.75,0
Tue 11:34:00,831m,20%,20.775,1770Mi,30%,2156,53,53.9,0
Tue 11:35:00,1368m,34%,34.2,1779Mi,30%,2156,53,53.9,0
Tue 11:36:00,1864m,46%,46.6,1766Mi,30%,2156,53,53.9,0
Tue 11:37:00,458m,11%,11.45,1764Mi,30%,2156,53,53.9,0
Tue 11:38:00,800m,20%,20,1766Mi,30%,2156,53,53.9,0
Tue 11:39:00,980m,24%,24.5,1778Mi,30%,2230,55,55.75,0
Tue 11:40:00,357m,8%,8.925,1786Mi,30%,2304,57,57.6,0
Tue 11:41:00,734m,18%,18.35,1774Mi,30%,2304,57,57.6,0
Tue 11:42:00,542m,13%,13.55,1783Mi,30%,2156,53,53.9,0
Tue 11:43:00,1278m,31%,31.95,1781Mi,30%,2156,53,53.9,0
Tue 11:44:00,1897m,47%,47.425,1766Mi,30%,2230,55,55.75,0
Tue 11:45:00,740m,18%,18.5,1768Mi,30%,2156,53,53.9,0
Tue 11:46:00,686m,17%,17.15,1768Mi,30%,2230,55,55.75,0
Tue 11:47:00,265m,6%,6.625,1776Mi,30%,2230,55,55.75,0
Tue 11:48:00,1537m,38%,38.425,1771Mi,30%,2230,55,55.75,0
Tue 11:49:00,183m,4%,4.575,1775Mi,30%,2230,55,55.75,0
Tue 11:50:00,1092m,27%,27.3,1771Mi,30%,2230,55,55.75,0
Tue 11:51:00,564m,14%,14.1,1779Mi,30%,2230,55,55.75,0
Tue 11:52:00,1934m,48%,48.35,1780Mi,30%,2230,55,55.75,0
Tue 11:53:00,1594m,39%,39.85,1785Mi,30%,2304,57,57.6,0
Tue 11:54:01,311m,7%,7.775,1790Mi,30%,2304,57,57.6,0
Tue 11:55:00,962m,24%,24.05,1775Mi,30%,2230,55,55.75,0
Tue 11:56:01,502m,12%,12.55,1778Mi,30%,2304,57,57.6,0
Tue 11:57:01,796m,19%,19.9,1776Mi,30%,2230,55,55.75,0
Tue 11:58:00,633m,15%,15.825,1789Mi,30%,2304,57,57.6,0
Tue 11:59:01,630m,15%,15.75,1775Mi,30%,2230,55,55.75,0
Tue 12:00:00,1317m,32%,32.925,1783Mi,30%,2230,55,55.75,0
Tue 12:01:00,1814m,45%,45.35,1769Mi,30%,2452,61,61.3,0
Tue 12:02:00,1124m,28%,28.1,1778Mi,30%,2526,63,63.15,0
Tue 12:03:00,275m,6%,6.875,1784Mi,30%,2452,61,61.3,0
Tue 12:04:00,938m,23%,23.45,1781Mi,30%,2452,61,61.3,0
Tue 12:05:00,914m,22%,22.85,1784Mi,30%,2526,63,63.15,0
Tue 12:06:00,475m,11%,11.875,1787Mi,30%,2526,63,63.15,0
Tue 12:07:00,807m,20%,20.175,1799Mi,30%,2452,61,61.3,0
Tue 12:08:00,710m,17%,17.75,1792Mi,30%,2452,61,61.3,0
Tue 12:09:00,1930m,48%,48.25,1796Mi,30%,2452,61,61.3,0
Tue 12:10:00,1509m,37%,37.725,1796Mi,30%,2452,61,61.3,0
Tue 12:11:00,934m,23%,23.35,1797Mi,30%,2526,63,63.15,0
Tue 12:12:00,392m,9%,9.8,1786Mi,30%,2526,63,63.15,0
Tue 12:13:00,804m,20%,20.1,1786Mi,30%,2452,61,61.3,0
Tue 12:14:00,973m,24%,24.325,1784Mi,30%,2452,61,61.3,0
Tue 12:15:00,564m,14%,14.1,1783Mi,30%,2452,61,61.3,0
Tue 12:16:00,550m,13%,13.75,1785Mi,30%,2452,61,61.3,0
Tue 12:17:00,1404m,35%,35.1,1800Mi,30%,2452,61,61.3,0
Tue 12:18:00,1617m,40%,40.425,1799Mi,30%,2452,61,61.3,0
Tue 12:19:00,1392m,34%,34.8,1792Mi,30%,2452,61,61.3,0
Tue 12:20:00,517m,12%,12.925,1793Mi,30%,2452,61,61.3,0
Tue 12:21:00,516m,12%,12.9,1798Mi,30%,2526,63,63.15,0
Tue 12:22:00,377m,9%,9.425,1810Mi,31%,2452,61,61.3,0
Tue 12:23:00,1007m,25%,25.175,1794Mi,30%,2452,61,61.3,0
Tue 12:24:00,525m,13%,13.125,1794Mi,30%,2452,61,61.3,0
Tue 12:25:01,704m,17%,17.6,1801Mi,30%,2526,63,63.15,0
Tue 12:26:00,1714m,42%,42.85,1809Mi,31%,2526,63,63.15,0
Tue 12:27:00,1434m,35%,35.85,1796Mi,30%,2526,63,63.15,0
Tue 12:28:00,824m,20%,20.6,1797Mi,30%,2526,63,63.15,0
Tue 12:29:00,468m,11%,11.7,1797Mi,30%,2526,63,63.15,0
Tue 12:30:00,466m,11%,11.65,1797Mi,30%,2526,63,63.15,0
Tue 12:31:00,158m,3%,3.95,1801Mi,30%,2526,63,63.15,0
Tue 12:32:00,501m,12%,12.525,1797Mi,30%,2674,66,66.85,2
Tue 12:33:00,489m,12%,12.225,1800Mi,30%,2600,65,65,2
Tue 12:34:00,1639m,40%,40.975,1814Mi,31%,2600,65,65,0
Tue 12:35:00,1518m,37%,37.95,1809Mi,31%,2526,63,63.15,0
Tue 12:36:00,883m,22%,22.075,1797Mi,30%,2600,65,65,0
Tue 12:37:00,690m,17%,17.25,1799Mi,30%,2526,63,63.15,0
Tue 12:38:00,421m,10%,10.525,1800Mi,30%,2600,65,65,0
Tue 12:39:00,431m,10%,10.775,1804Mi,31%,2674,66,66.85,0
Tue 12:40:00,297m,7%,7.425,1823Mi,31%,2600,65,65,0
Tue 12:41:00,619m,15%,15.475,1802Mi,31%,2526,63,63.15,0
Tue 12:42:00,1094m,27%,27.35,1815Mi,31%,2526,63,63.15,0
Tue 12:43:00,1192m,29%,29.8,1800Mi,30%,2600,65,65,0
Tue 12:44:00,933m,23%,23.325,1798Mi,30%,2526,63,63.15,0
Tue 12:45:00,583m,14%,14.575,1797Mi,30%,2526,63,63.15,0
Tue 12:46:00,374m,9%,9.35,1797Mi,30%,2526,63,63.15,0
Tue 12:47:00,557m,13%,13.925,1798Mi,30%,2600,65,65,0
Tue 12:48:00,383m,9%,9.575,1801Mi,30%,2600,65,65,0
Tue 12:49:00,373m,9%,9.325,1800Mi,30%,2600,65,65,0
Tue 12:50:01,501m,12%,12.525,1811Mi,31%,2674,66,66.85,0
Tue 12:51:00,1331m,33%,33.275,1803Mi,31%,2600,65,65,0
Tue 12:52:00,786m,19%,19.65,1799Mi,30%,2600,65,65,0
Tue 12:53:00,403m,10%,10.075,1799Mi,30%,2600,65,65,0
Tue 12:54:00,494m,12%,12.35,1800Mi,30%,2674,66,66.85,0
Tue 12:55:00,296m,7%,7.4,1809Mi,31%,2600,65,65,0
Tue 12:56:00,479m,11%,11.975,1801Mi,30%,2674,66,66.85,0
Tue 12:57:00,494m,12%,12.35,1804Mi,31%,2600,65,65,0
Tue 12:58:00,342m,8%,8.55,1809Mi,31%,2600,65,65,0
Tue 12:59:00,1203m,30%,30.075,1839Mi,31%,2600,65,65,0
Tue 13:00:00,674m,16%,16.85,1808Mi,31%,2674,66,66.85,0
Tue 13:01:00,412m,10%,10.3,1812Mi,31%,2674,66,66.85,0
Tue 13:02:00,267m,6%,6.675,1812Mi,31%,2600,65,65,0
Tue 13:03:00,358m,8%,8.95,1810Mi,31%,2600,65,65,0
Tue 13:04:00,263m,6%,6.575,1810Mi,31%,2526,63,63.15,0
Tue 13:05:00,484m,12%,12.1,1810Mi,31%,2600,65,65,0
Tue 13:06:00,162m,4%,4.05,1811Mi,31%,2008,50,50.2,0
Tue 13:07:00,755m,18%,18.875,1783Mi,30%,1564,39,39.1,0
Tue 13:08:00,665m,16%,16.625,1764Mi,30%,1342,33,33.55,0
Tue 13:09:00,495m,12%,12.375,1753Mi,30%,1268,31,31.7,0
Tue 13:10:00,366m,9%,9.15,1748Mi,30%,1268,31,31.7,0
Tue 13:11:00,253m,6%,6.325,1748Mi,30%,1268,31,31.7,0
Tue 13:12:00,240m,6%,6,1748Mi,30%,1268,31,31.7,0
Tue 13:13:00,241m,6%,6.025,1747Mi,30%,1268,31,31.7,0
Tue 13:14:00,243m,6%,6.075,1747Mi,30%,1342,33,33.55,0
Tue 13:15:00,274m,6%,6.85,1746Mi,30%,1342,33,33.55,0
Tue 13:16:00,244m,6%,6.1,1750Mi,30%,1342,33,33.55,0
Tue 13:17:00,244m,6%,6.1,1750Mi,30%,1342,33,33.55,0
Tue 13:18:00,247m,6%,6.175,1751Mi,30%,1416,35,35.4,0
Tue 13:19:00,136m,3%,3.4,1753Mi,30%,1342,33,33.55,0
Tue 13:20:00,345m,8%,8.625,1750Mi,30%,1342,33,33.55,0
Tue 13:21:00,381m,9%,9.525,1750Mi,30%,1342,33,33.55,0
Tue 13:22:00,245m,6%,6.125,1750Mi,30%,1342,33,33.55,0
Tue 13:23:00,242m,6%,6.05,1752Mi,30%,1342,33,33.55,0
Tue 13:24:00,247m,6%,6.175,1755Mi,30%,1342,33,33.55,0
Tue 13:25:00,247m,6%,6.175,1758Mi,30%,1342,33,33.55,0
Tue 13:26:00,381m,9%,9.525,1755Mi,30%,1342,33,33.55,0
Tue 13:27:00,250m,6%,6.25,1755Mi,30%,1416,35,35.4,0
Tue 13:28:00,152m,3%,3.8,1765Mi,30%,1342,33,33.55,0
Tue 13:29:00,346m,8%,8.65,1754Mi,30%,1342,33,33.55,0
Tue 13:30:00,295m,7%,7.375,1754Mi,30%,1342,33,33.55,0
Tue 13:31:00,386m,9%,9.65,1756Mi,30%,1342,33,33.55,0
Tue 13:32:00,252m,6%,6.3,1756Mi,30%,1342,33,33.55,0
Tue 13:33:00,261m,6%,6.525,1756Mi,30%,1342,33,33.55,0
Tue 13:34:00,160m,4%,4,1760Mi,30%,1342,33,33.55,0
Tue 13:35:00,337m,8%,8.425,1768Mi,30%,1342,33,33.55,0
Tue 13:36:00,392m,9%,9.8,1757Mi,30%,1416,35,35.4,0
Tue 13:37:00,187m,4%,4.675,1774Mi,30%,1416,35,35.4,0
Tue 13:38:00,319m,7%,7.975,1758Mi,30%,1416,35,35.4,0
Tue 13:39:00,256m,6%,6.4,1758Mi,30%,1416,35,35.4,0
Tue 13:40:00,270m,6%,6.75,1760Mi,30%,1416,35,35.4,0
Tue 13:41:00,381m,9%,9.525,1758Mi,30%,1416,35,35.4,0
Tue 13:42:00,200m,5%,5,1767Mi,30%,1416,35,35.4,0
Tue 13:43:00,301m,7%,7.525,1758Mi,30%,1416,35,35.4,0
Tue 13:44:01,258m,6%,6.45,1757Mi,30%,1416,35,35.4,0
Tue 13:45:01,271m,6%,6.775,1759Mi,30%,1416,35,35.4,0
Tue 13:46:00,395m,9%,9.875,1757Mi,30%,1416,35,35.4,0
Tue 13:47:00,268m,6%,6.7,1757Mi,30%,1416,35,35.4,0
Tue 13:48:00,256m,6%,6.4,1756Mi,30%,1416,35,35.4,0
Tue 13:49:00,256m,6%,6.4,1756Mi,30%,1490,37,37.25,0
Tue 13:50:00,279m,6%,6.975,1761Mi,30%,1490,37,37.25,0
Tue 13:51:00,378m,9%,9.45,1754Mi,30%,1490,37,37.25,0
Tue 13:52:00,257m,6%,6.425,1754Mi,30%,1490,37,37.25,0
Tue 13:53:00,252m,6%,6.3,1753Mi,30%,1416,35,35.4,0
Tue 13:54:00,253m,6%,6.325,1751Mi,30%,1416,35,35.4,0
Tue 13:55:00,384m,9%,9.6,1767Mi,30%,1416,35,35.4,0
Tue 13:56:00,292m,7%,7.3,1749Mi,30%,1416,35,35.4,0
Tue 13:57:00,269m,6%,6.725,1749Mi,30%,1490,37,37.25,0
Tue 13:58:00,279m,6%,6.975,1752Mi,30%,1490,37,37.25,0
Tue 13:59:00,266m,6%,6.65,1750Mi,30%,1490,37,37.25,0
Tue 14:00:00,309m,7%,7.725,1765Mi,30%,1490,37,37.25,0
Tue 14:01:00,336m,8%,8.4,1751Mi,30%,1564,39,39.1,0
Tue 14:02:00,250m,6%,6.25,1754Mi,30%,1564,39,39.1,0
Tue 14:03:00,251m,6%,6.275,1754Mi,30%,1564,39,39.1,0
Tue 14:04:00,252m,6%,6.3,1754Mi,30%,1564,39,39.1,0
Tue 14:05:00,253m,6%,6.325,1754Mi,30%,1416,35,35.4,0
Tue 14:06:00,361m,9%,9.025,1747Mi,30%,1342,33,33.55,0
Tue 14:07:00,373m,9%,9.325,1745Mi,30%,1342,33,33.55,0
Tue 14:08:00,247m,6%,6.175,1744Mi,30%,1342,33,33.55,0
Tue 14:09:00,249m,6%,6.225,1743Mi,29%,1342,33,33.55,0
Tue 14:10:00,374m,9%,9.35,1743Mi,29%,1342,33,33.55,0
Tue 14:11:00,253m,6%,6.325,1743Mi,29%,1342,33,33.55,0
Tue 14:12:00,247m,6%,6.175,1743Mi,30%,1342,33,33.55,0
Tue 14:13:00,273m,6%,6.825,1755Mi,30%,1416,35,35.4,0
Tue 14:14:00,196m,4%,4.9,1746Mi,30%,1416,35,35.4,2
Tue 14:15:00,352m,8%,8.8,1747Mi,30%,1342,33,33.55,0
Tue 14:16:01,230m,5%,5.75,1743Mi,30%,1342,33,33.55,0
Tue 14:17:00,245m,6%,6.125,1743Mi,29%,1342,33,33.55,0
Tue 14:18:00,262m,6%,6.55,1743Mi,29%,1416,35,35.4,0
Tue 14:19:00,240m,6%,6,1745Mi,30%,1342,33,33.55,0
Tue 14:20:00,344m,8%,8.6,1743Mi,29%,1342,33,33.55,0
Tue 14:21:00,148m,3%,3.7,1742Mi,29%,1342,33,33.55,0
Tue 14:22:00,252m,6%,6.3,1743Mi,29%,1342,33,33.55,0
Tue 14:23:00,248m,6%,6.2,1743Mi,29%,1342,33,33.55,0
Tue 14:24:00,243m,6%,6.075,1743Mi,29%,1342,33,33.55,0
Tue 14:25:00,349m,8%,8.725,1743Mi,29%,1342,33,33.55,0
Tue 14:26:00,354m,8%,8.85,1745Mi,30%,1416,35,35.4,0
Tue 14:27:00,266m,6%,6.65,1746Mi,30%,1416,35,35.4,0
Tue 14:28:00,138m,3%,3.45,1750Mi,30%,1416,35,35.4,0
Tue 14:29:00,310m,7%,7.75,1747Mi,30%,1490,37,37.25,0
Tue 14:30:00,274m,6%,6.85,1747Mi,30%,1416,35,35.4,0
Tue 14:31:00,236m,5%,5.9,1747Mi,30%,1416,35,35.4,0
Tue 14:32:00,244m,6%,6.1,1746Mi,30%,1416,35,35.4,0
Tue 14:33:00,246m,6%,6.15,1746Mi,30%,1416,35,35.4,0
Tue 14:34:00,245m,6%,6.125,1755Mi,30%,1416,35,35.4,0
Tue 14:35:00,348m,8%,8.7,1754Mi,30%,1416,35,35.4,0
Tue 14:36:00,245m,6%,6.125,1757Mi,30%,1490,37,37.25,0
Tue 14:37:00,233m,5%,5.825,1757Mi,30%,1490,37,37.25,2
Tue 14:38:00,306m,7%,7.65,1754Mi,30%,1416,35,35.4,0
Tue 14:39:00,234m,5%,5.85,1754Mi,30%,1416,35,35.4,0
Tue 14:40:00,217m,5%,5.425,1754Mi,30%,1490,37,37.25,0
Tue 14:41:00,252m,6%,6.3,1757Mi,30%,1416,35,35.4,0
Tue 14:42:00,225m,5%,5.625,1754Mi,30%,1416,35,35.4,0
Tue 14:43:00,395m,9%,9.875,1759Mi,30%,1416,35,35.4,0
Tue 14:44:01,297m,7%,7.425,1754Mi,30%,1490,37,37.25,0
Tue 14:45:00,247m,6%,6.175,1758Mi,30%,1416,35,35.4,0
Tue 14:46:00,209m,5%,5.225,1754Mi,30%,1490,37,37.25,0
Tue 14:47:00,244m,6%,6.1,1757Mi,30%,1564,39,39.1,0
Tue 14:48:00,222m,5%,5.55,1760Mi,30%,1490,37,37.25,0
Tue 14:49:00,320m,8%,8,1758Mi,30%,1564,39,39.1,0
Tue 14:50:00,185m,4%,4.625,1769Mi,30%,1490,37,37.25,0
Tue 14:51:00,257m,6%,6.425,1761Mi,30%,1490,37,37.25,0
Tue 14:52:00,365m,9%,9.125,1762Mi,30%,1564,39,39.1,0
Tue 14:53:00,266m,6%,6.65,1773Mi,30%,1490,37,37.25,0
Tue 14:54:00,214m,5%,5.35,1757Mi,30%,1490,37,37.25,0
Tue 14:55:00,318m,7%,7.95,1757Mi,30%,1490,37,37.25,0
Tue 14:56:00,216m,5%,5.4,1756Mi,30%,1564,39,39.1,0
Tue 14:57:00,210m,5%,5.25,1768Mi,30%,1490,37,37.25,0
Tue 14:58:00,297m,7%,7.425,1758Mi,30%,1564,39,39.1,2
Tue 14:59:00,199m,4%,4.975,1758Mi,30%,1490,37,37.25,0
Tue 15:00:00,305m,7%,7.625,1759Mi,30%,1490,37,37.25,0
Tue 15:01:00,298m,7%,7.45,1758Mi,30%,1416,35,35.4,0
Tue 15:02:00,200m,5%,5,1756Mi,30%,1342,33,33.55,0
Tue 15:03:00,272m,6%,6.8,1752Mi,30%,1194,29,29.85,0
Tue 15:04:00,275m,6%,6.875,1746Mi,30%,1194,29,29.85,0
Tue 15:05:00,208m,5%,5.2,1745Mi,30%,1268,31,31.7,0
Tue 15:06:00,206m,5%,5.15,1750Mi,30%,1268,31,31.7,0
Tue 15:07:00,205m,5%,5.125,1750Mi,30%,1120,28,28,0
Tue 15:08:00,226m,5%,5.65,1748Mi,30%,1120,28,28,0
Tue 15:09:00,344m,8%,8.6,1744Mi,30%,1194,29,29.85,0
Tue 15:10:00,207m,5%,5.175,1746Mi,30%,1268,31,31.7,0
Tue 15:11:00,131m,3%,3.275,1750Mi,30%,1268,31,31.7,0
Tue 15:12:00,188m,4%,4.7,1750Mi,30%,1194,29,29.85,0
Tue 15:13:00,198m,4%,4.95,1747Mi,30%,1194,29,29.85,0
Tue 15:14:01,213m,5%,5.325,1746Mi,30%,1194,29,29.85,0
Tue 15:15:00,168m,4%,4.2,1746Mi,30%,1268,31,31.7,0
Tue 15:16:00,224m,5%,5.6,1749Mi,30%,1194,29,29.85,0
Tue 15:17:00,270m,6%,6.75,1745Mi,30%,1268,31,31.7,0
Tue 15:18:00,310m,7%,7.75,1747Mi,30%,1268,31,31.7,0
Tue 15:19:00,194m,4%,4.85,1747Mi,30%,1342,33,33.55,0
Tue 15:20:00,219m,5%,5.475,1751Mi,30%,1342,33,33.55,0
Tue 15:21:00,187m,4%,4.675,1750Mi,30%,1342,33,33.55,0
Tue 15:22:00,208m,5%,5.2,1750Mi,30%,1342,33,33.55,0
Tue 15:23:00,191m,4%,4.775,1751Mi,30%,1268,31,31.7,0
Tue 15:24:00,206m,5%,5.15,1746Mi,30%,1342,33,33.55,2
Tue 15:25:00,218m,5%,5.45,1748Mi,30%,1268,31,31.7,0
Tue 15:26:00,283m,7%,7.075,1746Mi,30%,1342,33,33.55,0
Tue 15:27:00,220m,5%,5.5,1748Mi,30%,1342,33,33.55,0
Tue 15:28:00,260m,6%,6.5,1749Mi,30%,1342,33,33.55,0
Tue 15:29:00,205m,5%,5.125,1749Mi,30%,1268,31,31.7,0
Tue 15:30:00,250m,6%,6.25,1746Mi,30%,1342,33,33.55,0
Tue 15:31:00,200m,5%,5,1749Mi,30%,1416,35,35.4,0
Tue 15:32:00,134m,3%,3.35,1752Mi,30%,1416,35,35.4,0
Tue 15:33:00,269m,6%,6.725,1753Mi,30%,1268,31,31.7,0
Tue 15:34:00,261m,6%,6.525,1745Mi,30%,1268,31,31.7,0
Tue 15:35:00,281m,7%,7.025,1748Mi,30%,1268,31,31.7,0
Tue 15:36:01,267m,6%,6.675,1747Mi,30%,1342,33,33.55,0
Tue 15:37:00,134m,3%,3.35,1750Mi,30%,1268,31,31.7,0
Tue 15:38:00,185m,4%,4.625,1747Mi,30%,1268,31,31.7,0
Tue 15:39:00,263m,6%,6.575,1747Mi,30%,1268,31,31.7,0
Tue 15:40:00,218m,5%,5.45,1746Mi,30%,1268,31,31.7,0
Tue 15:41:00,126m,3%,3.15,1745Mi,30%,1342,33,33.55,0
Tue 15:42:00,213m,5%,5.325,1748Mi,30%,1268,31,31.7,0
Tue 15:43:00,271m,6%,6.775,1750Mi,30%,1342,33,33.55,0
Tue 15:44:00,210m,5%,5.25,1748Mi,30%,1342,33,33.55,0
Tue 15:45:00,196m,4%,4.9,1749Mi,30%,1342,33,33.55,0
Tue 15:46:00,196m,4%,4.9,1749Mi,30%,1268,31,31.7,0
Tue 15:47:00,179m,4%,4.475,1748Mi,30%,1342,33,33.55,0
Tue 15:48:00,197m,4%,4.925,1748Mi,30%,1342,33,33.55,0
Tue 15:49:00,195m,4%,4.875,1749Mi,30%,1342,33,33.55,0
Tue 15:50:00,256m,6%,6.4,1749Mi,30%,1342,33,33.55,0
Tue 15:51:00,182m,4%,4.55,1745Mi,30%,1342,33,33.55,0
Tue 15:52:00,293m,7%,7.325,1748Mi,30%,1342,33,33.55,0
Tue 15:53:00,192m,4%,4.8,1748Mi,30%,1416,35,35.4,0
Tue 15:54:00,140m,3%,3.5,1765Mi,30%,1342,33,33.55,0
Tue 15:55:00,234m,5%,5.85,1749Mi,30%,1342,33,33.55,0
Tue 15:56:00,244m,6%,6.1,1749Mi,30%,1342,33,33.55,0
Tue 15:57:00,194m,4%,4.85,1748Mi,30%,1342,33,33.55,0
Tue 15:58:01,136m,3%,3.4,1753Mi,30%,1416,35,35.4,0
Tue 15:59:00,245m,6%,6.125,1751Mi,30%,1342,33,33.55,0
Tue 16:00:00,235m,5%,5.875,1749Mi,30%,1342,33,33.55,0
Tue 16:01:00,249m,6%,6.225,1748Mi,30%,1268,31,31.7,0
Tue 16:02:00,148m,3%,3.7,1750Mi,30%,1268,31,31.7,0
Tue 16:03:00,189m,4%,4.725,1746Mi,30%,1194,29,29.85,0
Tue 16:04:00,218m,5%,5.45,1743Mi,29%,1120,28,28,0
Tue 16:05:00,174m,4%,4.35,1739Mi,29%,1120,28,28,0
Tue 16:06:00,151m,3%,3.775,1745Mi,30%,1120,28,28,0
Tue 16:07:00,267m,6%,6.675,1740Mi,29%,1120,28,28,0
Tue 16:08:00,164m,4%,4.1,1750Mi,30%,1194,29,29.85,2
Tue 16:09:00,294m,7%,7.35,1738Mi,29%,1194,29,29.85,0
Tue 16:10:00,170m,4%,4.25,1741Mi,29%,1194,29,29.85,0
Tue 16:11:00,117m,2%,2.925,1741Mi,29%,1268,31,31.7,0
Tue 16:12:00,172m,4%,4.3,1746Mi,30%,1268,31,31.7,0
Tue 16:13:00,157m,3%,3.925,1744Mi,30%,1268,31,31.7,0
Tue 16:14:00,123m,3%,3.075,1745Mi,30%,1268,31,31.7,0
Tue 16:15:00,160m,4%,4,1743Mi,30%,1194,29,29.85,0
Tue 16:16:00,223m,5%,5.575,1741Mi,29%,1120,28,28,0
Tue 16:17:00,257m,6%,6.425,1738Mi,29%,1194,29,29.85,0
Tue 16:18:00,233m,5%,5.825,1740Mi,29%,1194,29,29.85,0
Tue 16:19:00,151m,3%,3.775,1740Mi,29%,1120,28,28,0
Tue 16:20:00,159m,3%,3.975,1737Mi,29%,1120,28,28,0
Tue 16:21:00,153m,3%,3.825,1737Mi,29%,1194,29,29.85,0
Tue 16:22:00,128m,3%,3.2,1740Mi,29%,1194,29,29.85,0
Tue 16:23:00,152m,3%,3.8,1740Mi,29%,1194,29,29.85,0
Tue 16:24:00,169m,4%,4.225,1740Mi,29%,1194,29,29.85,0
Tue 16:25:00,153m,3%,3.825,1739Mi,29%,1120,28,28,0
Tue 16:26:00,303m,7%,7.575,1737Mi,29%,1194,29,29.85,0
Tue 16:27:00,155m,3%,3.875,1738Mi,29%,1194,29,29.85,0
Tue 16:28:00,119m,2%,2.975,1739Mi,29%,1268,31,31.7,0
Tue 16:29:00,157m,3%,3.925,1742Mi,29%,1268,31,31.7,0
Tue 16:30:00,145m,3%,3.625,1742Mi,29%,1268,31,31.7,0
Tue 16:31:00,165m,4%,4.125,1742Mi,29%,1268,31,31.7,0
Tue 16:32:00,146m,3%,3.65,1742Mi,29%,1268,31,31.7,0
Tue 16:33:00,163m,4%,4.075,1743Mi,29%,1194,29,29.85,0
Tue 16:34:00,177m,4%,4.425,1739Mi,29%,1194,29,29.85,0
Tue 16:35:00,241m,6%,6.025,1739Mi,29%,1194,29,29.85,0
Tue 16:36:00,140m,3%,3.5,1739Mi,29%,1120,28,28,0
Tue 16:37:00,146m,3%,3.65,1736Mi,29%,1120,28,28,0
Tue 16:38:00,141m,3%,3.525,1736Mi,29%,1194,29,29.85,0
Tue 16:39:00,170m,4%,4.25,1740Mi,29%,1194,29,29.85,0
Tue 16:40:00,137m,3%,3.425,1739Mi,29%,1194,29,29.85,2
Tue 16:41:00,152m,3%,3.8,1738Mi,29%,1194,29,29.85,0
Tue 16:42:00,139m,3%,3.475,1739Mi,29%,1120,28,28,0
Tue 16:43:00,212m,5%,5.3,1736Mi,29%,1120,28,28,0
Tue 16:44:00,122m,3%,3.05,1735Mi,29%,1120,28,28,0
Tue 16:45:01,134m,3%,3.35,1735Mi,29%,1194,29,29.85,0
Tue 16:46:00,146m,3%,3.65,1738Mi,29%,1194,29,29.85,0
Tue 16:47:00,117m,2%,2.925,1737Mi,29%,1120,28,28,0
Tue 16:48:00,179m,4%,4.475,1734Mi,29%,1120,28,28,0
Tue 16:49:00,136m,3%,3.4,1734Mi,29%,1194,29,29.85,0
Tue 16:50:00,164m,4%,4.1,1738Mi,29%,1194,29,29.85,0
Tue 16:51:00,130m,3%,3.25,1737Mi,29%,1120,28,28,0
Tue 16:52:00,172m,4%,4.3,1734Mi,29%,1120,28,28,0
Tue 16:53:00,134m,3%,3.35,1734Mi,29%,1120,28,28,0
Tue 16:54:00,152m,3%,3.8,1734Mi,29%,1120,28,28,0
Tue 16:55:00,133m,3%,3.325,1734Mi,29%,1120,28,28,0
Tue 16:56:00,144m,3%,3.6,1734Mi,29%,1120,28,28,0
Tue 16:57:00,130m,3%,3.25,1734Mi,29%,1120,28,28,0
Tue 16:58:00,174m,4%,4.35,1734Mi,29%,1120,28,28,0
Tue 16:59:00,122m,3%,3.05,1733Mi,29%,1120,28,28,0
Tue 17:00:00,141m,3%,3.525,1742Mi,29%,1120,28,28,0