Fri 05:00:00,86m,4%,4.3,850,42,42.5,27m,1%,1.35,100,5,5,0
Fri 05:01:00,88m,4%,4.4,850,42,42.5,25m,1%,1.25,100,5,5,0
Fri 05:02:00,91m,4%,4.55,850,42,42.5,43m,2%,2.15,100,5,5,0
Fri 05:03:00,90m,4%,4.5,987,49,49.35,34m,1%,1.7,100,5,5,0
Fri 05:04:00,99m,4%,4.95,987,49,49.35,39m,1%,1.95,100,5,5,0
Fri 05:05:00,91m,4%,4.55,987,49,49.35,27m,1%,1.35,100,5,5,0
Fri 05:06:00,94m,4%,4.7,987,49,49.35,50m,2%,2.5,100,5,5,0
Fri 05:07:00,94m,4%,4.7,1124,56,56.2,42m,2%,2.1,100,5,5,0
Fri 05:08:00,100m,5%,5,1124,56,56.2,38m,1%,1.9,100,5,5,0
Fri 05:09:00,92m,4%,4.6,1261,63,63.05,33m,1%,1.65,100,5,5,0
Fri 05:10:00,104m,5%,5.2,1261,63,63.05,45m,2%,2.25,100,5,5,0
Fri 05:11:00,94m,4%,4.7,1398,69,69.9,34m,1%,1.7,100,5,5,0
Fri 05:12:00,105m,5%,5.25,1398,69,69.9,40m,2%,2,100,5,5,0
Fri 05:13:00,97m,4%,4.85,1398,69,69.9,42m,2%,2.1,100,5,5,0
Fri 05:14:00,98m,4%,4.9,1398,69,69.9,50m,2%,2.5,100,5,5,0
Fri 05:15:00,95m,4%,4.75,1535,76,76.75,42m,2%,2.1,100,5,5,0
Fri 05:16:00,108m,5%,5.4,1535,76,76.75,54m,2%,2.7,100,5,5,2
Fri 05:17:00,96m,4%,4.8,1672,83,83.6,33m,1%,1.65,100,5,5,0
Fri 05:18:00,109m,5%,5.45,1672,83,83.6,47m,2%,2.35,100,5,5,0
Fri 05:19:00,102m,5%,5.1,1809,90,90.45,50m,2%,2.5,100,5,5,0
Fri 05:20:00,108m,5%,5.4,1809,90,90.45,38m,1%,1.9,100,5,5,0
Fri 05:21:00,100m,5%,5,1809,90,90.45,41m,2%,2.05,100,5,5,0
Fri 05:22:00,106m,5%,5.3,1809,90,90.45,64m,3%,3.2,100,5,5,0
Fri 05:23:00,100m,5%,5,1809,90,90.45,44m,2%,2.2,100,5,5,0
Fri 05:24:01,107m,5%,5.35,1809,90,90.45,61m,3%,3.05,100,5,5,0
Fri 05:25:00,101m,5%,5.05,1809,90,90.45,59m,2%,2.95,100,5,5,0
Fri 05:26:00,105m,5%,5.25,1809,90,90.45,65m,3%,3.25,100,5,5,0
Fri 05:27:00,104m,5%,5.2,1809,90,90.45,57m,2%,2.85,100,5,5,0
Fri 05:28:00,109m,5%,5.45,1809,90,90.45,81m,4%,4.05,100,5,5,0
Fri 05:29:01,104m,5%,5.2,1946,97,97.3,62m,3%,3.1,100,5,5,0
Fri 05:30:00,113m,5%,5.65,1946,97,97.3,54m,2%,2.7,100,5,5,0
Fri 05:31:00,104m,5%,5.2,1809,90,90.45,59m,2%,2.95,100,5,5,0
Fri 05:32:00,126m,6%,6.3,1809,90,90.45,136m,6%,6.8,100,5,5,0
Fri 05:33:00,102m,5%,5.1,1809,90,90.45,34m,1%,1.7,100,5,5,0
Fri 05:34:00,113m,5%,5.65,1809,90,90.45,97m,4%,4.85,100,5,5,2
Fri 05:35:00,113m,5%,5.65,1809,90,90.45,98m,4%,4.9,100,5,5,0
Fri 05:36:00,129m,6%,6.45,1809,90,90.45,99m,4%,4.95,100,5,5,0
Fri 05:37:00,97m,4%,4.85,1809,90,90.45,31m,1%,1.55,100,5,5,0
Fri 05:38:00,148m,7%,7.4,1809,90,90.45,172m,8%,8.6,100,5,5,0
Fri 05:39:01,99m,4%,4.95,1809,90,90.45,31m,1%,1.55,100,5,5,0
Fri 05:40:00,143m,7%,7.15,1809,90,90.45,159m,7%,7.95,100,5,5,0
Fri 05:41:00,100m,5%,5,1946,97,97.3,30m,1%,1.5,100,5,5,0
Fri 05:42:00,125m,6%,6.25,1946,97,97.3,82m,4%,4.1,100,5,5,0
Fri 05:43:00,108m,5%,5.4,1809,90,90.45,70m,3%,3.5,100,5,5,0
Fri 05:44:00,126m,6%,6.3,1809,90,90.45,138m,6%,6.9,100,5,5,0
Fri 05:45:00,104m,5%,5.2,1672,83,83.6,43m,2%,2.15,100,5,5,0
Fri 05:46:00,144m,7%,7.2,1672,83,83.6,188m,9%,9.4,100,5,5,0
Fri 05:47:00,100m,5%,5,1535,76,76.75,43m,2%,2.15,100,5,5,0
Fri 05:48:00,144m,7%,7.2,1535,76,76.75,205m,10%,10.25,100,5,5,0
Fri 05:49:00,98m,4%,4.9,1672,83,83.6,32m,1%,1.6,100,5,5,0
Fri 05:50:00,127m,6%,6.35,1672,83,83.6,119m,5%,5.95,100,5,5,0
Fri 05:51:00,123m,6%,6.15,1672,83,83.6,136m,6%,6.8,100,5,5,0
Fri 05:52:00,96m,4%,4.8,1672,83,83.6,26m,1%,1.3,100,5,5,0
Fri 05:53:00,128m,6%,6.4,1809,90,90.45,132m,6%,6.6,100,5,5,0
Fri 05:54:00,123m,6%,6.15,1809,90,90.45,125m,6%,6.25,100,5,5,0
Fri 05:55:00,105m,5%,5.25,1946,97,97.3,31m,1%,1.55,100,5,5,0
Fri 05:56:00,117m,5%,5.85,1946,97,97.3,89m,4%,4.45,100,5,5,0
Fri 05:57:00,115m,5%,5.75,1809,90,90.45,88m,4%,4.4,237,11,11.85,0
Fri 05:58:00,137m,6%,6.85,1809,90,90.45,154m,7%,7.7,237,11,11.85,0
Fri 05:59:00,102m,5%,5.1,1809,90,90.45,43m,2%,2.15,237,11,11.85,0
Fri 06:00:01,124m,6%,6.2,1809,90,90.45,145m,7%,7.25,237,11,11.85,0
Fri 06:01:00,131m,6%,6.55,1809,90,90.45,105m,5%,5.25,237,11,11.85,0
Fri 06:02:00,100m,5%,5,1809,90,90.45,83m,4%,4.15,237,11,11.85,0
Fri 06:03:00,126m,6%,6.3,1672,83,83.6,136m,6%,6.8,237,11,11.85,0
Fri 06:04:00,155m,7%,7.75,1672,83,83.6,110m,5%,5.5,237,11,11.85,2
Fri 06:05:00,108m,5%,5.4,1672,83,83.6,156m,7%,7.8,237,11,11.85,0
Fri 06:06:00,160m,8%,8,1672,83,83.6,149m,7%,7.45,237,11,11.85,0
Fri 06:07:00,99m,4%,4.95,1535,76,76.75,145m,7%,7.25,237,11,11.85,0
Fri 06:08:00,160m,8%,8,1535,76,76.75,143m,7%,7.15,237,11,11.85,0
Fri 06:09:01,109m,5%,5.45,1535,76,76.75,146m,7%,7.3,237,11,11.85,0
Fri 06:10:00,159m,7%,7.95,1535,76,76.75,154m,7%,7.7,237,11,11.85,0
Fri 06:11:00,96m,4%,4.8,1535,76,76.75,137m,6%,6.85,237,11,11.85,0
Fri 06:12:00,126m,6%,6.3,1535,76,76.75,143m,7%,7.15,237,11,11.85,0
Fri 06:13:00,111m,5%,5.55,1535,76,76.75,110m,5%,5.5,237,11,11.85,0
Fri 06:14:00,113m,5%,5.65,1535,76,76.75,76m,3%,3.8,237,11,11.85,0
Fri 06:15:00,127m,6%,6.35,1535,76,76.75,151m,7%,7.55,237,11,11.85,0
Fri 06:16:00,114m,5%,5.7,1535,76,76.75,119m,5%,5.95,237,11,11.85,0
Fri 06:17:00,108m,5%,5.4,1535,76,76.75,59m,2%,2.95,237,11,11.85,0
Fri 06:18:00,140m,7%,7,1535,76,76.75,156m,7%,7.8,237,11,11.85,0
Fri 06:19:00,131m,6%,6.55,1535,76,76.75,154m,7%,7.7,237,11,11.85,0
Fri 06:20:00,126m,6%,6.3,1535,76,76.75,150m,7%,7.5,237,11,11.85,0
Fri 06:21:00,117m,5%,5.85,1535,76,76.75,126m,6%,6.3,237,11,11.85,0
Fri 06:22:00,118m,5%,5.9,1535,76,76.75,72m,3%,3.6,237,11,11.85,0
Fri 06:23:00,129m,6%,6.45,1398,69,69.9,139m,6%,6.95,237,11,11.85,0
Fri 06:24:00,125m,6%,6.25,1398,69,69.9,156m,7%,7.8,237,11,11.85,0
Fri 06:25:00,129m,6%,6.45,1535,76,76.75,149m,7%,7.45,100,5,5,0
Fri 06:26:00,140m,7%,7,1535,76,76.75,190m,9%,9.5,100,5,5,0
Fri 06:27:00,121m,6%,6.05,1535,76,76.75,115m,5%,5.75,100,5,5,0
Fri 06:28:01,128m,6%,6.4,1535,76,76.75,148m,7%,7.4,100,5,5,0
Fri 06:29:00,119m,5%,5.95,1535,76,76.75,136m,6%,6.8,100,5,5,0
Fri 06:30:00,107m,5%,5.35,1535,76,76.75,57m,2%,2.85,100,5,5,0
Fri 06:31:00,128m,6%,6.4,1535,76,76.75,158m,7%,7.9,100,5,5,0
Fri 06:32:00,120m,6%,6,1535,76,76.75,141m,7%,7.05,100,5,5,0
Fri 06:33:00,103m,5%,5.15,1398,69,69.9,44m,2%,2.2,100,5,5,0
Fri 06:34:00,142m,7%,7.1,1398,69,69.9,216m,10%,10.8,100,5,5,0
Fri 06:35:01,120m,6%,6,1398,69,69.9,126m,6%,6.3,100,5,5,0
Fri 06:36:00,128m,6%,6.4,1398,69,69.9,164m,8%,8.2,100,5,5,0
Fri 06:37:00,120m,6%,6,1398,69,69.9,146m,7%,7.3,100,5,5,0
Fri 06:38:00,120m,6%,6,1398,69,69.9,86m,4%,4.3,100,5,5,0
Fri 06:39:00,124m,6%,6.2,1398,69,69.9,128m,6%,6.4,100,5,5,0
Fri 06:40:00,128m,6%,6.4,1398,69,69.9,164m,8%,8.2,100,5,5,0
Fri 06:41:00,119m,5%,5.95,1535,76,76.75,152m,7%,7.6,100,5,5,0
Fri 06:42:00,111m,5%,5.55,1535,76,76.75,42m,2%,2.1,100,5,5,0
Fri 06:43:00,128m,6%,6.4,1535,76,76.75,164m,8%,8.2,100,5,5,0
Fri 06:44:00,121m,6%,6.05,1535,76,76.75,154m,7%,7.7,100,5,5,0
Fri 06:45:00,102m,5%,5.1,1535,76,76.75,39m,1%,1.95,100,5,5,0
Fri 06:46:00,150m,7%,7.5,1535,76,76.75,220m,11%,11,100,5,5,0
Fri 06:47:00,118m,5%,5.9,1535,76,76.75,115m,5%,5.75,100,5,5,0
Fri 06:48:00,127m,6%,6.35,1535,76,76.75,165m,8%,8.25,100,5,5,0
Fri 06:49:00,124m,6%,6.2,1535,76,76.75,164m,8%,8.2,100,5,5,0
Fri 06:50:00,119m,5%,5.95,1535,76,76.75,78m,3%,3.9,100,5,5,0
Fri 06:51:00,119m,5%,5.95,1535,76,76.75,119m,5%,5.95,100,5,5,0
Fri 06:52:00,127m,6%,6.35,1535,76,76.75,162m,8%,8.1,100,5,5,0
Fri 06:53:00,127m,6%,6.35,1398,69,69.9,165m,8%,8.25,100,5,5,0
Fri 06:54:00,111m,5%,5.55,1398,69,69.9,86m,4%,4.3,100,5,5,0
Fri 06:55:00,121m,6%,6.05,1398,69,69.9,135m,6%,6.75,100,5,5,0
Fri 06:56:00,127m,6%,6.35,1398,69,69.9,172m,8%,8.6,100,5,5,0
Fri 06:57:00,127m,6%,6.35,1535,76,76.75,172m,8%,8.6,100,5,5,0
Fri 06:58:00,109m,5%,5.45,1535,76,76.75,31m,1%,1.55,100,5,5,0
Fri 06:59:00,128m,6%,6.4,1535,76,76.75,172m,8%,8.6,100,5,5,0
Fri 07:00:00,123m,6%,6.15,1535,76,76.75,172m,8%,8.6,100,5,5,0
Fri 07:01:00,95m,4%,4.75,1535,76,76.75,26m,1%,1.3,100,5,5,0
Fri 07:02:00,131m,6%,6.55,1535,76,76.75,187m,9%,9.35,100,5,5,0
Fri 07:03:00,129m,6%,6.45,1535,76,76.75,180m,9%,9,100,5,5,0
Fri 07:04:00,97m,4%,4.85,1535,76,76.75,34m,1%,1.7,100,5,5,0
Fri 07:05:00,126m,6%,6.3,1398,69,69.9,171m,8%,8.55,100,5,5,0
Fri 07:06:00,133m,6%,6.65,1535,76,76.75,196m,9%,9.8,100,5,5,0
Fri 07:07:00,132m,6%,6.6,1535,76,76.75,134m,6%,6.7,100,5,5,0
Fri 07:08:00,129m,6%,6.45,1535,76,76.75,180m,9%,9,100,5,5,0
Fri 07:09:00,129m,6%,6.45,1398,69,69.9,179m,8%,8.95,100,5,5,0
Fri 07:10:00,114m,5%,5.7,1398,69,69.9,111m,5%,5.55,100,5,5,0
Fri 07:11:00,112m,5%,5.6,1535,76,76.75,98m,4%,4.9,100,5,5,0
Fri 07:12:00,136m,6%,6.8,1535,76,76.75,183m,9%,9.15,100,5,5,0
Fri 07:13:00,129m,6%,6.45,1398,69,69.9,179m,8%,8.95,100,5,5,0
Fri 07:14:00,115m,5%,5.75,1398,69,69.9,106m,5%,5.3,100,5,5,0
Fri 07:15:00,113m,5%,5.65,1398,69,69.9,103m,5%,5.15,100,5,5,0
Fri 07:16:00,127m,6%,6.35,1398,69,69.9,180m,9%,9,100,5,5,0
Fri 07:17:00,129m,6%,6.45,1261,63,63.05,195m,9%,9.75,100,5,5,0
Fri 07:18:00,114m,5%,5.7,1261,63,63.05,110m,5%,5.5,100,5,5,0
Fri 07:19:01,113m,5%,5.65,1261,63,63.05,111m,5%,5.55,100,5,5,0
Fri 07:20:00,125m,6%,6.25,1261,63,63.05,187m,9%,9.35,100,5,5,0
Fri 07:21:00,125m,6%,6.25,1398,69,69.9,187m,9%,9.35,100,5,5,0
Fri 07:22:00,104m,5%,5.2,1398,69,69.9,31m,1%,1.55,100,5,5,0
Fri 07:23:00,127m,6%,6.35,1398,69,69.9,186m,9%,9.3,100,5,5,0
Fri 07:24:00,129m,6%,6.45,1398,69,69.9,186m,9%,9.3,100,5,5,0
Fri 07:25:00,93m,4%,4.65,1261,63,63.05,27m,1%,1.35,100,5,5,0
Fri 07:26:00,155m,7%,7.75,1398,69,69.9,295m,14%,14.75,100,5,5,0
Fri 07:27:00,120m,6%,6,1398,69,69.9,95m,4%,4.75,100,5,5,0
Fri 07:28:00,134m,6%,6.7,1398,69,69.9,187m,9%,9.35,100,5,5,0
Fri 07:29:00,126m,6%,6.3,1398,69,69.9,186m,9%,9.3,100,5,5,0
Fri 07:30:00,94m,4%,4.7,1398,69,69.9,28m,1%,1.4,100,5,5,0
Fri 07:31:00,128m,6%,6.4,1535,76,76.75,185m,9%,9.25,100,5,5,0
Fri 07:32:00,139m,6%,6.95,1535,76,76.75,190m,9%,9.5,100,5,5,0
Fri 07:33:00,95m,4%,4.75,1535,76,76.75,26m,1%,1.3,100,5,5,0
Fri 07:34:01,129m,6%,6.45,1398,69,69.9,187m,9%,9.35,100,5,5,0
Fri 07:35:00,139m,6%,6.95,1398,69,69.9,229m,11%,11.45,100,5,5,0
Fri 07:36:00,108m,5%,5.4,1535,76,76.75,84m,4%,4.2,100,5,5,0
Fri 07:37:00,138m,6%,6.9,1535,76,76.75,189m,9%,9.45,100,5,5,0
Fri 07:38:00,131m,6%,6.55,1535,76,76.75,187m,9%,9.35,100,5,5,0
Fri 07:39:00,94m,4%,4.7,1398,69,69.9,26m,1%,1.3,100,5,5,0
Fri 07:40:00,158m,7%,7.9,1398,69,69.9,315m,15%,15.75,100,5,5,0
Fri 07:41:00,107m,5%,5.35,1535,76,76.75,68m,3%,3.4,100,5,5,0
Fri 07:42:00,139m,6%,6.95,1535,76,76.75,187m,9%,9.35,100,5,5,0
Fri 07:43:00,132m,6%,6.6,1535,76,76.75,184m,9%,9.2,100,5,5,0
Fri 07:44:00,97m,4%,4.85,1535,76,76.75,27m,1%,1.35,100,5,5,0
Fri 07:45:00,127m,6%,6.35,1535,76,76.75,187m,9%,9.35,100,5,5,0
Fri 07:46:00,140m,7%,7,1672,83,83.6,193m,9%,9.65,100,5,5,0
Fri 07:47:00,100m,5%,5,1672,83,83.6,28m,1%,1.4,100,5,5,0
Fri 07:48:00,134m,6%,6.7,1672,83,83.6,189m,9%,9.45,100,5,5,0
Fri 07:49:00,134m,6%,6.7,1535,76,76.75,188m,9%,9.4,100,5,5,0
Fri 07:50:00,130m,6%,6.5,1535,76,76.75,170m,8%,8.5,100,5,5,0
Fri 07:51:00,107m,5%,5.35,1535,76,76.75,64m,3%,3.2,100,5,5,0
Fri 07:52:00,131m,6%,6.55,1535,76,76.75,189m,9%,9.45,100,5,5,0
Fri 07:53:00,133m,6%,6.65,1535,76,76.75,195m,9%,9.75,100,5,5,0
Fri 07:54:00,96m,4%,4.8,1398,69,69.9,34m,1%,1.7,100,5,5,0
Fri 07:55:00,160m,8%,8,1398,69,69.9,321m,16%,16.05,100,5,5,0
Fri 07:56:00,111m,5%,5.55,1535,76,76.75,66m,3%,3.3,100,5,5,0
Fri 07:57:00,136m,6%,6.8,1535,76,76.75,195m,9%,9.75,100,5,5,0
Fri 07:58:00,134m,6%,6.7,1535,76,76.75,196m,9%,9.8,100,5,5,0
Fri 07:59:00,95m,4%,4.75,1398,69,69.9,26m,1%,1.3,100,5,5,0
Fri 08:00:00,163m,8%,8.15,1398,69,69.9,325m,16%,16.25,100,5,5,0
Fri 08:01:00,112m,5%,5.6,1535,76,76.75,74m,3%,3.7,100,5,5,0
Fri 08:02:00,136m,6%,6.8,1535,76,76.75,194m,9%,9.7,100,5,5,0
Fri 08:03:00,134m,6%,6.7,1535,76,76.75,194m,9%,9.7,100,5,5,0
Fri 08:04:00,96m,4%,4.8,1398,69,69.9,27m,1%,1.35,100,5,5,0
Fri 08:05:00,170m,8%,8.5,1398,69,69.9,352m,17%,17.6,100,5,5,0
Fri 08:06:00,96m,4%,4.8,1535,76,76.75,41m,2%,2.05,100,5,5,0
Fri 08:07:00,143m,7%,7.15,1535,76,76.75,239m,11%,11.95,100,5,5,0
Fri 08:08:00,113m,5%,5.65,1535,76,76.75,95m,4%,4.75,100,5,5,0
Fri 08:09:00,116m,5%,5.8,1398,69,69.9,127m,6%,6.35,100,5,5,0
Fri 08:10:00,132m,6%,6.6,1398,69,69.9,197m,9%,9.85,100,5,5,0
Fri 08:11:00,137m,6%,6.85,1398,69,69.9,199m,9%,9.95,100,5,5,0
Fri 08:12:00,129m,6%,6.45,1398,69,69.9,195m,9%,9.75,100,5,5,0
Fri 08:13:01,116m,5%,5.8,1398,69,69.9,121m,6%,6.05,100,5,5,0
Fri 08:14:00,116m,5%,5.8,1261,63,63.05,125m,6%,6.25,100,5,5,0
Fri 08:15:00,134m,6%,6.7,1261,63,63.05,203m,10%,10.15,100,5,5,0
Fri 08:16:00,134m,6%,6.7,1261,63,63.05,204m,10%,10.2,100,5,5,0
Fri 08:17:00,132m,6%,6.6,1398,69,69.9,203m,10%,10.15,100,5,5,0
Fri 08:18:00,119m,5%,5.95,1398,69,69.9,113m,5%,5.65,100,5,5,0
Fri 08:19:00,115m,5%,5.75,1398,69,69.9,121m,6%,6.05,100,5,5,0
Fri 08:20:00,132m,6%,6.6,1398,69,69.9,199m,9%,9.95,100,5,5,0
Fri 08:21:00,112m,5%,5.6,1398,69,69.9,115m,5%,5.75,100,5,5,0
Fri 08:22:00,113m,5%,5.65,1535,76,76.75,113m,5%,5.65,100,5,5,0
Fri 08:23:00,141m,7%,7.05,1535,76,76.75,206m,10%,10.3,100,5,5,0
Fri 08:24:00,115m,5%,5.75,1398,69,69.9,119m,5%,5.95,100,5,5,0
Fri 08:25:00,118m,5%,5.9,1398,69,69.9,112m,5%,5.6,100,5,5,0
Fri 08:26:00,134m,6%,6.7,1398,69,69.9,204m,10%,10.2,100,5,5,0
Fri 08:27:00,133m,6%,6.65,1398,69,69.9,202m,10%,10.1,100,5,5,0
Fri 08:28:00,116m,5%,5.8,1535,76,76.75,122m,6%,6.1,100,5,5,0
Fri 08:29:00,122m,6%,6.1,1398,69,69.9,111m,5%,5.55,100,5,5,0
Fri 08:30:00,132m,6%,6.6,1398,69,69.9,202m,10%,10.1,100,5,5,0
Fri 08:31:00,136m,6%,6.8,1398,69,69.9,208m,10%,10.4,100,5,5,0
Fri 08:32:00,133m,6%,6.65,1398,69,69.9,203m,10%,10.15,100,5,5,0
Fri 08:33:00,117m,5%,5.85,1398,69,69.9,130m,6%,6.5,100,5,5,0
Fri 08:34:00,112m,5%,5.6,1398,69,69.9,112m,5%,5.6,100,5,5,0
Fri 08:35:00,134m,6%,6.7,1261,63,63.05,211m,10%,10.55,100,5,5,0
Fri 08:36:00,136m,6%,6.8,1261,63,63.05,211m,10%,10.55,100,5,5,0
Fri 08:37:00,117m,5%,5.85,1261,63,63.05,136m,6%,6.8,100,5,5,0
Fri 08:38:00,108m,5%,5.4,1261,63,63.05,100m,5%,5,100,5,5,0
Fri 08:39:00,133m,6%,6.65,1398,69,69.9,210m,10%,10.5,100,5,5,0
Fri 08:40:00,128m,6%,6.4,1398,69,69.9,146m,7%,7.3,100,5,5,0
Fri 08:41:00,108m,5%,5.4,1398,69,69.9,95m,4%,4.75,100,5,5,0
Fri 08:42:00,133m,6%,6.65,1398,69,69.9,211m,10%,10.55,100,5,5,0
Fri 08:43:00,118m,5%,5.9,1398,69,69.9,145m,7%,7.25,100,5,5,0
Fri 08:44:00,107m,5%,5.35,1535,76,76.75,92m,4%,4.6,100,5,5,0
Fri 08:45:00,143m,7%,7.15,1535,76,76.75,214m,10%,10.7,100,5,5,0
Fri 08:46:00,121m,6%,6.05,1398,69,69.9,150m,7%,7.5,100,5,5,0
Fri 08:47:00,152m,7%,7.6,1398,69,69.9,268m,13%,13.4,100,5,5,0
Fri 08:48:00,134m,6%,6.7,1398,69,69.9,210m,10%,10.5,100,5,5,0
Fri 08:49:00,107m,5%,5.35,1398,69,69.9,96m,4%,4.8,100,5,5,0
Fri 08:50:00,119m,5%,5.95,1398,69,69.9,141m,7%,7.05,100,5,5,0
Fri 08:51:00,137m,6%,6.85,1261,63,63.05,226m,11%,11.3,100,5,5,0
Fri 08:52:00,139m,6%,6.95,1261,63,63.05,226m,11%,11.3,100,5,5,0
Fri 08:53:00,110m,5%,5.5,1261,63,63.05,95m,4%,4.75,100,5,5,0
Fri 08:54:00,119m,5%,5.95,1261,63,63.05,149m,7%,7.45,100,5,5,0
Fri 08:55:00,130m,6%,6.5,1261,63,63.05,217m,10%,10.85,100,5,5,0
Fri 08:56:01,111m,5%,5.55,1261,63,63.05,111m,5%,5.55,100,5,5,0
Fri 08:57:00,122m,6%,6.1,1124,56,56.2,156m,7%,7.8,100,5,5,0
Fri 08:58:00,151m,7%,7.55,1124,56,56.2,231m,11%,11.55,100,5,5,0
Fri 08:59:00,135m,6%,6.75,1124,56,56.2,222m,11%,11.1,100,5,5,0
Fri 09:00:00,124m,6%,6.2,1124,56,56.2,170m,8%,8.5,100,5,5,0
Fri 09:01:00,103m,5%,5.15,1124,56,56.2,83m,4%,4.15,100,5,5,0
Fri 09:02:00,136m,6%,6.8,1124,56,56.2,241m,12%,12.05,100,5,5,0
Fri 09:03:00,124m,6%,6.2,1124,56,56.2,180m,9%,9,100,5,5,0
Fri 09:04:00,104m,5%,5.2,1124,56,56.2,87m,4%,4.35,100,5,5,0
Fri 09:05:00,133m,6%,6.65,1124,56,56.2,226m,11%,11.3,100,5,5,0
Fri 09:06:00,126m,6%,6.3,1261,63,63.05,184m,9%,9.2,100,5,5,0
Fri 09:07:00,114m,5%,5.7,1261,63,63.05,86m,4%,4.3,100,5,5,0
Fri 09:08:00,136m,6%,6.8,1124,56,56.2,224m,11%,11.2,100,5,5,0
Fri 09:09:00,138m,6%,6.9,1124,56,56.2,236m,11%,11.8,100,5,5,0
Fri 09:10:00,138m,6%,6.9,1124,56,56.2,232m,11%,11.6,100,5,5,0
Fri 09:11:00,127m,6%,6.35,1124,56,56.2,184m,9%,9.2,100,5,5,0
Fri 09:12:00,105m,5%,5.25,1124,56,56.2,93m,4%,4.65,100,5,5,0
Fri 09:13:00,135m,6%,6.75,987,49,49.35,228m,11%,11.4,100,5,5,0
Fri 09:14:00,141m,7%,7.05,987,49,49.35,247m,12%,12.35,100,5,5,0
Fri 09:15:00,126m,6%,6.3,987,49,49.35,190m,9%,9.5,100,5,5,0
Fri 09:16:00,102m,5%,5.1,987,49,49.35,80m,4%,4,100,5,5,0
Fri 09:17:00,135m,6%,6.75,987,49,49.35,241m,12%,12.05,100,5,5,0
Fri 09:18:00,132m,6%,6.6,987,49,49.35,209m,10%,10.45,100,5,5,0
Fri 09:19:00,104m,5%,5.2,987,49,49.35,86m,4%,4.3,100,5,5,0
Fri 09:20:00,136m,6%,6.8,987,49,49.35,241m,12%,12.05,100,5,5,0
Fri 09:21:00,129m,6%,6.45,987,49,49.35,207m,10%,10.35,100,5,5,0
Fri 09:22:00,100m,5%,5,1124,56,56.2,80m,4%,4,100,5,5,0
Fri 09:23:00,145m,7%,7.25,1124,56,56.2,246m,12%,12.3,100,5,5,0
Fri 09:24:00,131m,6%,6.55,1124,56,56.2,211m,10%,10.55,100,5,5,0
Fri 09:25:00,103m,5%,5.15,1124,56,56.2,73m,3%,3.65,100,5,5,0
Fri 09:26:00,137m,6%,6.85,1124,56,56.2,241m,12%,12.05,100,5,5,0
Fri 09:27:00,136m,6%,6.8,1124,56,56.2,214m,10%,10.7,100,5,5,0
Fri 09:28:00,100m,5%,5,1261,63,63.05,69m,3%,3.45,100,5,5,0
Fri 09:29:00,150m,7%,7.5,1261,63,63.05,245m,12%,12.25,100,5,5,0
Fri 09:30:00,135m,6%,6.75,1261,63,63.05,219m,10%,10.95,100,5,5,0
Fri 09:31:00,103m,5%,5.15,1261,63,63.05,66m,3%,3.3,100,5,5,0
Fri 09:32:00,138m,6%,6.9,1261,63,63.05,240m,12%,12,100,5,5,0
Fri 09:33:00,136m,6%,6.8,1398,69,69.9,223m,11%,11.15,100,5,5,0
Fri 09:34:00,109m,5%,5.45,1398,69,69.9,65m,3%,3.25,100,5,5,0
Fri 09:35:01,139m,6%,6.95,1261,63,63.05,240m,12%,12,100,5,5,0
Fri 09:36:00,146m,7%,7.3,1261,63,63.05,248m,12%,12.4,100,5,5,0
Fri 09:37:00,139m,6%,6.95,1261,63,63.05,218m,10%,10.9,100,5,5,0
Fri 09:38:00,99m,4%,4.95,1261,63,63.05,56m,2%,2.8,100,5,5,0
Fri 09:39:00,141m,7%,7.05,1398,69,69.9,248m,12%,12.4,100,5,5,0
Fri 09:40:00,147m,7%,7.35,1398,69,69.9,228m,11%,11.4,100,5,5,0
Fri 09:41:00,101m,5%,5.05,1398,69,69.9,54m,2%,2.7,100,5,5,0
Fri 09:42:00,142m,7%,7.1,1398,69,69.9,249m,12%,12.45,100,5,5,0
Fri 09:43:00,140m,7%,7,1398,69,69.9,230m,11%,11.5,100,5,5,0
Fri 09:44:00,98m,4%,4.9,1535,76,76.75,48m,2%,2.4,100,5,5,0
Fri 09:45:00,153m,7%,7.65,1535,76,76.75,254m,12%,12.7,100,5,5,0
Fri 09:46:00,143m,7%,7.15,1535,76,76.75,236m,11%,11.8,100,5,5,0
Fri 09:47:01,99m,4%,4.95,1535,76,76.75,43m,2%,2.15,100,5,5,0
Fri 09:48:00,144m,7%,7.2,1535,76,76.75,244m,12%,12.2,100,5,5,0
Fri 09:49:00,143m,7%,7.15,1535,76,76.75,240m,12%,12,100,5,5,0
Fri 09:50:00,102m,5%,5.1,1535,76,76.75,48m,2%,2.4,100,5,5,0
Fri 09:51:00,143m,7%,7.15,1398,69,69.9,255m,12%,12.75,100,5,5,0
Fri 09:52:00,154m,7%,7.7,1398,69,69.9,271m,13%,13.55,100,5,5,0
Fri 09:53:00,139m,6%,6.95,1398,69,69.9,212m,10%,10.6,100,5,5,0
Fri 09:54:01,115m,5%,5.75,1398,69,69.9,75m,3%,3.75,100,5,5,0
Fri 09:55:00,157m,7%,7.85,1535,76,76.75,268m,13%,13.4,100,5,5,0
Fri 09:56:01,152m,7%,7.6,1535,76,76.75,221m,11%,11.05,100,5,5,0
Fri 09:57:00,121m,6%,6.05,1398,69,69.9,80m,4%,4,100,5,5,0
Fri 09:58:00,166m,8%,8.3,1398,69,69.9,277m,13%,13.85,100,5,5,0
Fri 09:59:00,157m,7%,7.85,1398,69,69.9,270m,13%,13.5,100,5,5,0
Fri 10:00:00,157m,7%,7.85,1535,76,76.75,252m,12%,12.6,100,5,5,0
Fri 10:01:00,115m,5%,5.75,1535,76,76.75,50m,2%,2.5,100,5,5,0
Fri 10:02:00,149m,7%,7.45,1398,69,69.9,260m,13%,13,100,5,5,0
Fri 10:03:00,154m,7%,7.7,1398,69,69.9,260m,13%,13,100,5,5,0
Fri 10:04:00,151m,7%,7.55,1398,69,69.9,262m,13%,13.1,100,5,5,0
Fri 10:05:00,99m,4%,4.95,1398,69,69.9,30m,1%,1.5,100,5,5,0
Fri 10:06:00,150m,7%,7.5,1398,69,69.9,254m,12%,12.7,100,5,5,0
Fri 10:07:00,113m,5%,5.65,1398,69,69.9,272m,13%,13.6,100,5,5,0
Fri 10:08:00,133m,6%,6.65,1261,63,63.05,84m,4%,4.2,100,5,5,0
Fri 10:09:00,151m,7%,7.55,1261,63,63.05,214m,10%,10.7,100,5,5,0
Fri 10:10:00,146m,7%,7.3,1261,63,63.05,262m,13%,13.1,100,5,5,0
Fri 10:11:00,108m,5%,5.4,1398,69,69.9,264m,13%,13.2,100,5,5,0
Fri 10:12:00,141m,7%,7.05,1398,69,69.9,30m,1%,1.5,100,5,5,0
Fri 10:13:00,148m,7%,7.4,1261,63,63.05,304m,15%,15.2,100,5,5,0
Fri 10:14:00,150m,7%,7.5,1261,63,63.05,261m,13%,13.05,100,5,5,0
Fri 10:15:00,111m,5%,5.55,1261,63,63.05,98m,4%,4.9,100,5,5,0
Fri 10:16:00,128m,6%,6.4,1261,63,63.05,192m,9%,9.6,100,5,5,0
Fri 10:17:00,145m,7%,7.25,1398,69,69.9,263m,13%,13.15,100,5,5,0
Fri 10:18:00,121m,6%,6.05,1398,69,69.9,108m,5%,5.4,100,5,5,0
Fri 10:19:00,128m,6%,6.4,1398,69,69.9,190m,9%,9.5,100,5,5,0
Fri 10:20:00,147m,7%,7.35,1398,69,69.9,265m,13%,13.25,100,5,5,0
Fri 10:21:00,118m,5%,5.9,1398,69,69.9,105m,5%,5.25,100,5,5,0
Fri 10:22:00,128m,6%,6.4,1535,76,76.75,190m,9%,9.5,100,5,5,0
Fri 10:23:00,156m,7%,7.8,1535,76,76.75,268m,13%,13.4,100,5,5,0
Fri 10:24:00,116m,5%,5.8,1398,69,69.9,111m,5%,5.55,100,5,5,0
Fri 10:25:00,185m,9%,9.25,1398,69,69.9,420m,21%,21,100,5,5,0
Fri 10:26:00,117m,5%,5.85,1398,69,69.9,111m,5%,5.55,100,5,5,0
Fri 10:27:00,130m,6%,6.5,1398,69,69.9,180m,9%,9,100,5,5,0
Fri 10:28:00,148m,7%,7.4,1535,76,76.75,263m,13%,13.15,100,5,5,0
Fri 10:29:00,128m,6%,6.4,1398,69,69.9,122m,6%,6.1,100,5,5,0
Fri 10:30:00,156m,7%,7.8,1398,69,69.9,296m,14%,14.8,100,5,5,0
Fri 10:31:00,136m,6%,6.8,1398,69,69.9,176m,8%,8.8,100,5,5,0
Fri 10:32:00,145m,7%,7.25,1398,69,69.9,246m,12%,12.3,100,5,5,0
Fri 10:33:00,129m,6%,6.45,1398,69,69.9,149m,7%,7.45,100,5,5,0
Fri 10:34:00,139m,6%,6.95,1398,69,69.9,196m,9%,9.8,100,5,5,0
Fri 10:35:00,154m,7%,7.7,1398,69,69.9,265m,13%,13.25,100,5,5,0
Fri 10:36:00,125m,6%,6.25,1398,69,69.9,153m,7%,7.65,100,5,5,0
Fri 10:37:00,129m,6%,6.45,1398,69,69.9,181m,9%,9.05,100,5,5,0
Fri 10:38:00,145m,7%,7.25,1398,69,69.9,252m,12%,12.6,100,5,5,0
Fri 10:39:00,127m,6%,6.35,1398,69,69.9,155m,7%,7.75,100,5,5,0
Fri 10:40:00,127m,6%,6.35,1261,63,63.05,187m,9%,9.35,100,5,5,0
Fri 10:41:00,203m,10%,10.15,1261,63,63.05,493m,24%,24.65,100,5,5,0
Fri 10:42:00,121m,6%,6.05,1261,63,63.05,151m,7%,7.55,100,5,5,0
Fri 10:43:00,120m,6%,6,1261,63,63.05,171m,8%,8.55,100,5,5,0
Fri 10:44:00,150m,7%,7.5,1398,69,69.9,271m,13%,13.55,100,5,5,0
Fri 10:45:00,138m,6%,6.9,1398,69,69.9,160m,8%,8,100,5,5,0
Fri 10:46:00,128m,6%,6.4,1261,63,63.05,172m,8%,8.6,100,5,5,0
Fri 10:47:00,164m,8%,8.2,1261,63,63.05,299m,14%,14.95,100,5,5,0
Fri 10:48:00,154m,7%,7.7,1261,63,63.05,284m,14%,14.2,100,5,5,0
Fri 10:49:01,125m,6%,6.25,1261,63,63.05,145m,7%,7.25,100,5,5,0
Fri 10:50:00,122m,6%,6.1,1261,63,63.05,164m,8%,8.2,100,5,5,0
Fri 10:51:00,154m,7%,7.7,1124,56,56.2,298m,14%,14.9,100,5,5,0
Fri 10:52:00,159m,7%,7.95,1124,56,56.2,292m,14%,14.6,100,5,5,0
Fri 10:53:00,124m,6%,6.2,1124,56,56.2,149m,7%,7.45,100,5,5,0
Fri 10:54:01,122m,6%,6.1,1124,56,56.2,168m,8%,8.4,100,5,5,0
Fri 10:55:00,150m,7%,7.5,1124,56,56.2,290m,14%,14.5,100,5,5,0
Fri 10:56:00,125m,6%,6.25,1124,56,56.2,169m,8%,8.45,100,5,5,0
Fri 10:57:00,122m,6%,6.1,987,49,49.35,173m,8%,8.65,100,5,5,0
Fri 10:58:00,156m,7%,7.8,987,49,49.35,297m,14%,14.85,100,5,5,0
Fri 10:59:00,150m,7%,7.5,987,49,49.35,296m,14%,14.8,100,5,5,0
Fri 11:00:00,123m,6%,6.15,987,49,49.35,159m,7%,7.95,100,5,5,0
Fri 11:01:01,122m,6%,6.1,987,49,49.35,183m,9%,9.15,100,5,5,0
Fri 11:02:00,149m,7%,7.45,987,49,49.35,297m,14%,14.85,100,5,5,0
Fri 11:03:00,124m,6%,6.2,987,49,49.35,171m,8%,8.55,100,5,5,0
Fri 11:04:00,117m,5%,5.85,987,49,49.35,168m,8%,8.4,100,5,5,0
Fri 11:05:00,148m,7%,7.4,987,49,49.35,295m,14%,14.75,100,5,5,0
Fri 11:06:00,129m,6%,6.45,987,49,49.35,172m,8%,8.6,100,5,5,0
Fri 11:07:00,130m,6%,6.5,987,49,49.35,195m,9%,9.75,100,5,5,0
Fri 11:08:01,154m,7%,7.7,987,49,49.35,305m,15%,15.25,100,5,5,0
Fri 11:09:00,128m,6%,6.4,987,49,49.35,180m,9%,9,100,5,5,0
Fri 11:10:00,126m,6%,6.3,987,49,49.35,179m,8%,8.95,100,5,5,0
Fri 11:11:00,159m,7%,7.95,987,49,49.35,313m,15%,15.65,100,5,5,0
Fri 11:12:00,141m,7%,7.05,987,49,49.35,202m,10%,10.1,100,5,5,0
Fri 11:13:00,130m,6%,6.5,850,42,42.5,190m,9%,9.5,100,5,5,0
Fri 11:14:00,190m,9%,9.5,850,42,42.5,436m,21%,21.8,100,5,5,0
Fri 11:15:00,131m,6%,6.55,850,42,42.5,180m,9%,9,100,5,5,0
Fri 11:16:00,124m,6%,6.2,850,42,42.5,176m,8%,8.8,100,5,5,0
Fri 11:17:00,163m,8%,8.15,987,49,49.35,333m,16%,16.65,100,5,5,0
Fri 11:18:00,145m,7%,7.25,987,49,49.35,188m,9%,9.4,100,5,5,0
Fri 11:19:00,123m,6%,6.15,987,49,49.35,170m,8%,8.5,100,5,5,0
Fri 11:20:00,165m,8%,8.25,987,49,49.35,332m,16%,16.6,100,5,5,0
Fri 11:21:00,137m,6%,6.85,987,49,49.35,189m,9%,9.45,100,5,5,0
Fri 11:22:00,123m,6%,6.15,1124,56,56.2,169m,8%,8.45,100,5,5,0
Fri 11:23:00,177m,8%,8.85,1124,56,56.2,338m,16%,16.9,100,5,5,0
Fri 11:24:00,138m,6%,6.9,1124,56,56.2,193m,9%,9.65,100,5,5,0
Fri 11:25:00,122m,6%,6.1,1124,56,56.2,159m,7%,7.95,100,5,5,0
Fri 11:26:00,165m,8%,8.25,1124,56,56.2,326m,16%,16.3,100,5,5,0
Fri 11:27:00,139m,6%,6.95,1124,56,56.2,198m,9%,9.9,100,5,5,0
Fri 11:28:00,129m,6%,6.45,1261,63,63.05,162m,8%,8.1,100,5,5,0
Fri 11:29:00,176m,8%,8.8,1261,63,63.05,338m,16%,16.9,100,5,5,0
Fri 11:30:00,142m,7%,7.1,1261,63,63.05,202m,10%,10.1,100,5,5,0
Fri 11:31:00,127m,6%,6.35,1261,63,63.05,160m,8%,8,100,5,5,0
Fri 11:32:00,169m,8%,8.45,1261,63,63.05,331m,16%,16.55,100,5,5,0
Fri 11:33:00,140m,7%,7,1261,63,63.05,203m,10%,10.15,100,5,5,0
Fri 11:34:00,129m,6%,6.45,1261,63,63.05,178m,8%,8.9,100,5,5,0
Fri 11:35:00,169m,8%,8.45,1261,63,63.05,342m,17%,17.1,100,5,5,0
Fri 11:36:00,140m,7%,7,1261,63,63.05,210m,10%,10.5,100,5,5,0
Fri 11:37:00,123m,6%,6.15,1261,63,63.05,151m,7%,7.55,100,5,5,0
Fri 11:38:00,173m,8%,8.65,1261,63,63.05,345m,17%,17.25,100,5,5,0
Fri 11:39:00,148m,7%,7.4,1398,69,69.9,214m,10%,10.7,100,5,5,0
Fri 11:40:00,142m,7%,7.1,1398,69,69.9,182m,9%,9.1,100,5,5,0
Fri 11:41:00,172m,8%,8.6,1398,69,69.9,340m,17%,17,100,5,5,0
Fri 11:42:00,148m,7%,7.4,1398,69,69.9,217m,10%,10.85,100,5,5,0
Fri 11:43:00,123m,6%,6.15,1398,69,69.9,150m,7%,7.5,100,5,5,0
Fri 11:44:00,166m,8%,8.3,1535,76,76.75,334m,16%,16.7,100,5,5,0
Fri 11:45:00,161m,8%,8.05,1535,76,76.75,230m,11%,11.5,100,5,5,0
Fri 11:46:00,127m,6%,6.35,1398,69,69.9,148m,7%,7.4,100,5,5,0
Fri 11:47:00,167m,8%,8.35,1398,69,69.9,328m,16%,16.4,100,5,5,0
Fri 11:48:00,173m,8%,8.65,1398,69,69.9,335m,16%,16.75,100,5,5,0
Fri 11:49:00,146m,7%,7.3,1535,76,76.75,230m,11%,11.5,100,5,5,0
Fri 11:50:00,131m,6%,6.55,1535,76,76.75,138m,6%,6.9,100,5,5,0
Fri 11:51:01,176m,8%,8.8,1398,69,69.9,342m,17%,17.1,100,5,5,0
Fri 11:52:00,174m,8%,8.7,1398,69,69.9,334m,16%,16.7,100,5,5,0
Fri 11:53:01,150m,7%,7.5,1398,69,69.9,235m,11%,11.75,100,5,5,0
Fri 11:54:00,112m,5%,5.6,1398,69,69.9,120m,6%,6,100,5,5,0
Fri 11:55:00,165m,8%,8.25,1398,69,69.9,330m,16%,16.5,100,5,5,0
Fri 11:56:00,152m,7%,7.6,1398,69,69.9,254m,12%,12.7,100,5,5,0
Fri 11:57:00,133m,6%,6.65,1261,63,63.05,156m,7%,7.8,100,5,5,0
Fri 11:58:00,161m,8%,8.05,1261,63,63.05,308m,15%,15.4,100,5,5,0
Fri 11:59:00,176m,8%,8.8,1261,63,63.05,347m,17%,17.35,100,5,5,0
Fri 12:00:00,148m,7%,7.4,1398,69,69.9,228m,11%,11.4,100,5,5,0
Fri 12:01:00,133m,6%,6.65,1398,69,69.9,148m,7%,7.4,100,5,5,0
Fri 12:02:00,173m,8%,8.65,1398,69,69.9,340m,17%,17,100,5,5,0
Fri 12:03:00,113m,5%,5.65,1398,69,69.9,235m,11%,11.75,100,5,5,0
Fri 12:04:00,159m,7%,7.95,1398,69,69.9,137m,6%,6.85,100,5,5,0
Fri 12:05:00,174m,8%,8.7,1398,69,69.9,345m,17%,17.25,100,5,5,0
Fri 12:06:00,119m,5%,5.95,1398,69,69.9,239m,11%,11.95,100,5,5,0
Fri 12:07:00,162m,8%,8.1,1261,63,63.05,161m,8%,8.05,100,5,5,0
Fri 12:08:00,178m,8%,8.9,1261,63,63.05,493m,24%,24.65,100,5,5,0
Fri 12:09:00,179m,8%,8.95,1398,69,69.9,215m,10%,10.75,100,5,5,0
Fri 12:10:00,189m,9%,9.45,1398,69,69.9,374m,18%,18.7,100,5,5,0
Fri 12:11:00,118m,5%,5.9,1398,69,69.9,248m,12%,12.4,100,5,5,0
Fri 12:12:00,160m,8%,8,1398,69,69.9,137m,6%,6.85,100,5,5,0
Fri 12:13:00,173m,8%,8.65,1261,63,63.05,342m,17%,17.1,100,5,5,0
Fri 12:14:00,177m,8%,8.85,1261,63,63.05,359m,17%,17.95,100,5,5,0
Fri 12:15:00,112m,5%,5.6,1261,63,63.05,264m,13%,13.2,100,5,5,0
Fri 12:16:00,153m,7%,7.65,1261,63,63.05,118m,5%,5.9,100,5,5,0
Fri 12:17:00,168m,8%,8.4,1261,63,63.05,351m,17%,17.55,100,5,5,0
Fri 12:18:00,115m,5%,5.75,1124,56,56.2,104m,5%,5.2,100,5,5,0
Fri 12:19:00,189m,9%,9.45,1124,56,56.2,394m,19%,19.7,100,5,5,0
Fri 12:20:00,157m,7%,7.85,1124,56,56.2,305m,15%,15.25,100,5,5,0
Fri 12:21:00,177m,8%,8.85,1124,56,56.2,362m,18%,18.1,100,5,5,0
Fri 12:22:00,124m,6%,6.2,1261,63,63.05,109m,5%,5.45,100,5,5,0
Fri 12:23:00,168m,8%,8.4,1261,63,63.05,307m,15%,15.35,100,5,5,0
Fri 12:24:00,179m,8%,8.95,1261,63,63.05,363m,18%,18.15,100,5,5,0
Fri 12:25:00,101m,5%,5.05,1261,63,63.05,41m,2%,2.05,100,5,5,0
Fri 12:26:00,176m,8%,8.8,1261,63,63.05,364m,18%,18.2,100,5,5,0
Fri 12:27:00,182m,9%,9.1,1261,63,63.05,377m,18%,18.85,100,5,5,0
Fri 12:28:00,124m,6%,6.2,1261,63,63.05,116m,5%,5.8,100,5,5,0
Fri 12:29:00,173m,8%,8.65,1124,56,56.2,319m,15%,15.95,100,5,5,0
Fri 12:30:00,227m,11%,11.35,1261,63,63.05,558m,27%,27.9,100,5,5,0
Fri 12:31:00,167m,8%,8.35,1261,63,63.05,266m,13%,13.3,100,5,5,0
Fri 12:32:00,164m,8%,8.2,1261,63,63.05,311m,15%,15.55,100,5,5,0
Fri 12:33:00,152m,7%,7.6,1261,63,63.05,224m,11%,11.2,100,5,5,0
Fri 12:34:01,159m,7%,7.95,1261,63,63.05,280m,14%,14,100,5,5,0
Fri 12:35:00,165m,8%,8.25,1261,63,63.05,298m,14%,14.9,100,5,5,0
Fri 12:36:00,160m,8%,8,1261,63,63.05,248m,12%,12.4,100,5,5,0
Fri 12:37:00,164m,8%,8.2,1261,63,63.05,293m,14%,14.65,100,5,5,0
Fri 12:38:01,161m,8%,8.05,1124,56,56.2,296m,14%,14.8,100,5,5,0
Fri 12:39:00,192m,9%,9.6,1261,63,63.05,393m,19%,19.65,100,5,5,0
Fri 12:40:00,144m,7%,7.2,1261,63,63.05,148m,7%,7.4,100,5,5,0
Fri 12:41:00,157m,7%,7.85,1261,63,63.05,296m,14%,14.8,100,5,5,0
Fri 12:42:01,187m,9%,9.35,1261,63,63.05,378m,18%,18.9,100,5,5,0
Fri 12:43:00,132m,6%,6.6,1398,69,69.9,146m,7%,7.3,100,5,5,0
Fri 12:44:00,171m,8%,8.55,1398,69,69.9,297m,14%,14.85,100,5,5,0
Fri 12:45:00,184m,9%,9.2,1398,69,69.9,377m,18%,18.85,100,5,5,0
Fri 12:46:00,136m,6%,6.8,1398,69,69.9,153m,7%,7.65,100,5,5,0
Fri 12:47:00,159m,7%,7.95,1535,76,76.75,291m,14%,14.55,100,5,5,0
Fri 12:48:01,186m,9%,9.3,1535,76,76.75,367m,18%,18.35,100,5,5,0
Fri 12:49:00,144m,7%,7.2,1535,76,76.75,161m,8%,8.05,100,5,5,0
Fri 12:50:00,160m,8%,8,1535,76,76.75,286m,14%,14.3,100,5,5,0
Fri 12:51:00,190m,9%,9.5,1398,69,69.9,380m,19%,19,100,5,5,0
Fri 12:52:00,196m,9%,9.8,1535,76,76.75,397m,19%,19.85,100,5,5,0
Fri 12:53:00,201m,10%,10.05,1535,76,76.75,373m,18%,18.65,100,5,5,0
Fri 12:54:00,140m,7%,7,1535,76,76.75,171m,8%,8.55,100,5,5,0
Fri 12:55:00,160m,8%,8,1535,76,76.75,280m,14%,14,100,5,5,0
Fri 12:56:00,194m,9%,9.7,1535,76,76.75,367m,18%,18.35,100,5,5,0
Fri 12:57:00,147m,7%,7.35,1535,76,76.75,185m,9%,9.25,100,5,5,0
Fri 12:58:00,207m,10%,10.35,1535,76,76.75,302m,15%,15.1,100,5,5,0
Fri 12:59:00,195m,9%,9.75,1398,69,69.9,387m,19%,19.35,100,5,5,0
Fri 13:00:00,186m,9%,9.3,1398,69,69.9,329m,16%,16.45,100,5,5,0
Fri 13:01:00,165m,8%,8.25,1398,69,69.9,272m,13%,13.6,100,5,5,0
Fri 13:02:00,163m,8%,8.15,1398,69,69.9,284m,14%,14.2,100,5,5,0
Fri 13:03:00,173m,8%,8.65,1398,69,69.9,304m,15%,15.2,100,5,5,0
Fri 13:04:00,163m,8%,8.15,1398,69,69.9,269m,13%,13.45,100,5,5,0
Fri 13:05:00,157m,7%,7.85,1398,69,69.9,276m,13%,13.8,100,5,5,0
Fri 13:06:00,171m,8%,8.55,1398,69,69.9,315m,15%,15.75,100,5,5,0
Fri 13:07:00,146m,7%,7.3,1398,69,69.9,261m,13%,13.05,100,5,5,0
Fri 13:08:00,159m,7%,7.95,1261,63,63.05,268m,13%,13.4,100,5,5,0
Fri 13:09:00,198m,9%,9.9,1261,63,63.05,413m,20%,20.65,100,5,5,0
Fri 13:10:00,166m,8%,8.3,1261,63,63.05,265m,13%,13.25,100,5,5,0
Fri 13:11:00,155m,7%,7.75,1261,63,63.05,283m,14%,14.15,100,5,5,0
Fri 13:12:00,171m,8%,8.55,1124,56,56.2,326m,16%,16.3,100,5,5,0
Fri 13:13:00,207m,10%,10.35,1261,63,63.05,488m,24%,24.4,100,5,5,0
Fri 13:14:00,147m,7%,7.35,1261,63,63.05,179m,8%,8.95,100,5,5,0
Fri 13:15:00,149m,7%,7.45,1261,63,63.05,268m,13%,13.4,100,5,5,0
Fri 13:16:00,195m,9%,9.75,1124,56,56.2,420m,21%,21,100,5,5,0
Fri 13:17:00,148m,7%,7.4,1261,63,63.05,186m,9%,9.3,100,5,5,0
Fri 13:18:00,165m,8%,8.25,1261,63,63.05,275m,13%,13.75,100,5,5,0
Fri 13:19:00,202m,10%,10.1,1261,63,63.05,433m,21%,21.65,100,5,5,0
Fri 13:20:00,148m,7%,7.4,1261,63,63.05,183m,9%,9.15,100,5,5,0
Fri 13:21:00,157m,7%,7.85,1124,56,56.2,280m,14%,14,100,5,5,0
Fri 13:22:00,200m,10%,10,1124,56,56.2,423m,21%,21.15,100,5,5,0
Fri 13:23:00,200m,10%,10,1124,56,56.2,437m,21%,21.85,100,5,5,0
Fri 13:24:00,146m,7%,7.3,1124,56,56.2,196m,9%,9.8,100,5,5,0
Fri 13:25:00,148m,7%,7.4,1124,56,56.2,265m,13%,13.25,100,5,5,0
Fri 13:26:00,201m,10%,10.05,1124,56,56.2,431m,21%,21.55,100,5,5,0
Fri 13:27:00,155m,7%,7.75,1124,56,56.2,217m,10%,10.85,100,5,5,0
Fri 13:28:00,143m,7%,7.15,1124,56,56.2,261m,13%,13.05,100,5,5,0
Fri 13:29:00,181m,9%,9.05,1124,56,56.2,403m,20%,20.15,100,5,5,0
Fri 13:30:00,146m,7%,7.3,1261,63,63.05,210m,10%,10.5,100,5,5,0
Fri 13:31:00,161m,8%,8.05,1261,63,63.05,277m,13%,13.85,100,5,5,0
Fri 13:32:00,193m,9%,9.65,1261,63,63.05,419m,20%,20.95,100,5,5,0
Fri 13:33:00,154m,7%,7.7,1261,63,63.05,213m,10%,10.65,100,5,5,0
Fri 13:34:00,157m,7%,7.85,1261,63,63.05,282m,14%,14.1,100,5,5,0
Fri 13:35:00,191m,9%,9.55,1398,69,69.9,412m,20%,20.6,100,5,5,0
Fri 13:36:00,166m,8%,8.3,1398,69,69.9,227m,11%,11.35,100,5,5,0
Fri 13:37:00,153m,7%,7.65,1398,69,69.9,267m,13%,13.35,100,5,5,0
Fri 13:38:00,199m,9%,9.95,1398,69,69.9,425m,21%,21.25,100,5,5,0
Fri 13:39:00,155m,7%,7.75,1535,76,76.75,226m,11%,11.3,100,5,5,0
Fri 13:40:00,169m,8%,8.45,1535,76,76.75,282m,14%,14.1,100,5,5,0
Fri 13:41:00,201m,10%,10.05,1535,76,76.75,429m,21%,21.45,100,5,5,0
Fri 13:42:00,162m,8%,8.1,1398,69,69.9,228m,11%,11.4,100,5,5,0
Fri 13:43:00,252m,12%,12.6,1535,76,76.75,651m,32%,32.55,100,5,5,0
Fri 13:44:00,165m,8%,8.25,1535,76,76.75,219m,10%,10.95,100,5,5,0
Fri 13:45:00,150m,7%,7.5,1535,76,76.75,243m,12%,12.15,100,5,5,0
Fri 13:46:00,208m,10%,10.4,1398,69,69.9,447m,22%,22.35,100,5,5,0
Fri 13:47:00,172m,8%,8.6,1398,69,69.9,268m,13%,13.4,100,5,5,0
Fri 13:48:00,154m,7%,7.7,1398,69,69.9,264m,13%,13.2,100,5,5,0
Fri 13:49:00,194m,9%,9.7,1398,69,69.9,402m,20%,20.1,100,5,5,0
Fri 13:50:00,173m,8%,8.65,1398,69,69.9,273m,13%,13.65,100,5,5,0
Fri 13:51:00,152m,7%,7.6,1398,69,69.9,264m,13%,13.2,100,5,5,0
Fri 13:52:00,191m,9%,9.55,1535,76,76.75,403m,20%,20.15,100,5,5,0
Fri 13:53:00,182m,9%,9.1,1535,76,76.75,283m,14%,14.15,100,5,5,0
Fri 13:54:00,146m,7%,7.3,1535,76,76.75,253m,12%,12.65,100,5,5,0
Fri 13:55:00,182m,9%,9.1,1535,76,76.75,382m,19%,19.1,100,5,5,0
Fri 13:56:00,164m,8%,8.2,1672,83,83.6,280m,14%,14,100,5,5,0
Fri 13:57:01,151m,7%,7.55,1672,83,83.6,226m,11%,11.3,100,5,5,0
Fri 13:58:00,186m,9%,9.3,1672,83,83.6,383m,19%,19.15,100,5,5,0
Fri 13:59:00,127m,6%,6.35,1535,76,76.75,256m,12%,12.8,100,5,5,0
Fri 14:00:00,243m,12%,12.15,1672,83,83.6,620m,31%,31,100,5,5,0
Fri 14:01:00,164m,8%,8.2,1672,83,83.6,224m,11%,11.2,100,5,5,0
Fri 14:02:00,193m,9%,9.65,1672,83,83.6,268m,13%,13.4,100,5,5,0
Fri 14:03:00,164m,8%,8.2,1535,76,76.75,403m,20%,20.15,100,5,5,0
Fri 14:04:00,161m,8%,8.05,1535,76,76.75,269m,13%,13.45,100,5,5,0
Fri 14:05:00,221m,11%,11.05,1535,76,76.75,345m,17%,17.25,100,5,5,0
Fri 14:06:00,203m,10%,10.15,1672,83,83.6,439m,21%,21.95,100,5,5,0
Fri 14:07:00,131m,6%,6.55,1672,83,83.6,231m,11%,11.55,100,5,5,0
Fri 14:08:00,187m,9%,9.35,1535,76,76.75,243m,12%,12.15,100,5,5,0
Fri 14:09:00,214m,10%,10.7,1535,76,76.75,444m,22%,22.2,100,5,5,0
Fri 14:10:01,153m,7%,7.65,1535,76,76.75,374m,18%,18.7,100,5,5,0
Fri 14:11:00,178m,8%,8.9,1535,76,76.75,231m,11%,11.55,100,5,5,0
Fri 14:12:00,194m,9%,9.7,1398,69,69.9,352m,17%,17.6,100,5,5,0
Fri 14:13:00,243m,12%,12.15,1398,69,69.9,583m,29%,29.15,100,5,5,0
Fri 14:14:01,127m,6%,6.35,1398,69,69.9,258m,12%,12.9,100,5,5,0
Fri 14:15:00,190m,9%,9.5,1398,69,69.9,235m,11%,11.75,100,5,5,0
Fri 14:16:00,207m,10%,10.35,1398,69,69.9,457m,22%,22.85,100,5,5,0
Fri 14:17:00,128m,6%,6.4,1398,69,69.9,264m,13%,13.2,100,5,5,0
Fri 14:18:01,191m,9%,9.55,1398,69,69.9,244m,12%,12.2,100,5,5,0
Fri 14:19:00,214m,10%,10.7,1398,69,69.9,471m,23%,23.55,100,5,5,0
Fri 14:20:00,127m,6%,6.35,1398,69,69.9,268m,13%,13.4,100,5,5,0
Fri 14:21:00,191m,9%,9.55,1261,63,63.05,275m,13%,13.75,100,5,5,0
Fri 14:22:00,207m,10%,10.35,1261,63,63.05,461m,23%,23.05,100,5,5,0
Fri 14:23:00,199m,9%,9.95,1261,63,63.05,394m,19%,19.7,100,5,5,0
Fri 14:24:00,143m,7%,7.15,1261,63,63.05,184m,9%,9.2,100,5,5,0
Fri 14:25:00,191m,9%,9.55,1124,56,56.2,412m,20%,20.6,100,5,5,0
Fri 14:26:00,223m,11%,11.15,1124,56,56.2,501m,25%,25.05,100,5,5,0
Fri 14:27:00,134m,6%,6.7,1124,56,56.2,102m,5%,5.1,100,5,5,0
Fri 14:28:00,181m,9%,9.05,1124,56,56.2,396m,19%,19.8,100,5,5,0
Fri 14:29:00,209m,10%,10.45,987,49,49.35,478m,23%,23.9,100,5,5,0
Fri 14:30:00,173m,8%,8.65,987,49,49.35,280m,14%,14,100,5,5,0
Fri 14:31:01,176m,8%,8.8,987,49,49.35,329m,16%,16.45,100,5,5,0
Fri 14:32:00,185m,9%,9.25,987,49,49.35,408m,20%,20.4,100,5,5,0
Fri 14:33:00,169m,8%,8.45,987,49,49.35,273m,13%,13.65,100,5,5,0
Fri 14:34:00,180m,9%,9,987,49,49.35,339m,16%,16.95,100,5,5,0
Fri 14:35:00,191m,9%,9.55,850,42,42.5,421m,21%,21.05,100,5,5,0
Fri 14:36:00,214m,10%,10.7,850,42,42.5,492m,24%,24.6,100,5,5,0
Fri 14:37:00,187m,9%,9.35,850,42,42.5,350m,17%,17.5,100,5,5,0
Fri 14:38:00,155m,7%,7.75,987,49,49.35,257m,12%,12.85,100,5,5,0
Fri 14:39:00,194m,9%,9.7,987,49,49.35,413m,20%,20.65,100,5,5,0
Fri 14:40:00,191m,9%,9.55,987,49,49.35,364m,18%,18.2,100,5,5,0
Fri 14:41:00,155m,7%,7.75,987,49,49.35,255m,12%,12.75,100,5,5,0
Fri 14:42:00,186m,9%,9.3,987,49,49.35,401m,20%,20.05,100,5,5,0
Fri 14:43:00,191m,9%,9.55,987,49,49.35,359m,17%,17.95,100,5,5,0
Fri 14:44:00,160m,8%,8,987,49,49.35,262m,13%,13.1,100,5,5,0
Fri 14:45:00,189m,9%,9.45,987,49,49.35,416m,20%,20.8,100,5,5,0
Fri 14:46:00,187m,9%,9.35,987,49,49.35,362m,18%,18.1,100,5,5,0
Fri 14:47:00,159m,7%,7.95,987,49,49.35,268m,13%,13.4,100,5,5,0
Fri 14:48:00,184m,9%,9.2,987,49,49.35,408m,20%,20.4,100,5,5,0
Fri 14:49:00,184m,9%,9.2,1124,56,56.2,361m,18%,18.05,100,5,5,0
Fri 14:50:00,159m,7%,7.95,1124,56,56.2,267m,13%,13.35,100,5,5,0
Fri 14:51:00,172m,8%,8.6,1124,56,56.2,377m,18%,18.85,100,5,5,0
Fri 14:52:00,182m,9%,9.1,1124,56,56.2,362m,18%,18.1,100,5,5,0
Fri 14:53:00,147m,7%,7.35,1124,56,56.2,254m,12%,12.7,100,5,5,0
Fri 14:54:00,171m,8%,8.55,1124,56,56.2,367m,18%,18.35,100,5,5,0
Fri 14:55:00,183m,9%,9.15,1124,56,56.2,365m,18%,18.25,100,5,5,0
Fri 14:56:00,151m,7%,7.55,1124,56,56.2,269m,13%,13.45,100,5,5,0
Fri 14:57:00,181m,9%,9.05,1124,56,56.2,380m,19%,19,100,5,5,0
Fri 14:58:00,192m,9%,9.6,1124,56,56.2,375m,18%,18.75,100,5,5,0
Fri 14:59:00,159m,7%,7.95,1124,56,56.2,269m,13%,13.45,100,5,5,0
Fri 15:00:00,177m,8%,8.85,1261,63,63.05,378m,18%,18.9,100,5,5,0
Fri 15:01:00,199m,9%,9.95,1261,63,63.05,383m,19%,19.15,100,5,5,0
Fri 15:02:00,159m,7%,7.95,1261,63,63.05,270m,13%,13.5,100,5,5,0
Fri 15:03:00,174m,8%,8.7,1261,63,63.05,374m,18%,18.7,100,5,5,0
Fri 15:04:00,193m,9%,9.65,1261,63,63.05,384m,19%,19.2,100,5,5,0
Fri 15:05:00,158m,7%,7.9,1261,63,63.05,268m,13%,13.4,100,5,5,0
Fri 15:06:00,177m,8%,8.85,1261,63,63.05,388m,19%,19.4,100,5,5,0
Fri 15:07:00,189m,9%,9.45,1124,56,56.2,390m,19%,19.5,100,5,5,0
Fri 15:08:00,170m,8%,8.5,1124,56,56.2,322m,16%,16.1,100,5,5,0
Fri 15:09:00,166m,8%,8.3,1124,56,56.2,359m,17%,17.95,100,5,5,0
Fri 15:10:01,199m,9%,9.95,1124,56,56.2,454m,22%,22.7,100,5,5,0
Fri 15:11:00,148m,7%,7.4,1124,56,56.2,222m,11%,11.1,100,5,5,0
Fri 15:12:00,168m,8%,8.4,1124,56,56.2,358m,17%,17.9,100,5,5,0
Fri 15:13:00,194m,9%,9.7,1261,63,63.05,436m,21%,21.8,100,5,5,0
Fri 15:14:00,160m,8%,8,1261,63,63.05,231m,11%,11.55,100,5,5,0
Fri 15:15:00,166m,8%,8.3,1261,63,63.05,361m,18%,18.05,100,5,5,0
Fri 15:16:00,194m,9%,9.7,1261,63,63.05,436m,21%,21.8,100,5,5,0
Fri 15:17:00,152m,7%,7.6,1398,69,69.9,231m,11%,11.55,100,5,5,0
Fri 15:18:00,182m,9%,9.1,1261,63,63.05,379m,18%,18.95,100,5,5,0
Fri 15:19:00,272m,13%,13.6,1261,63,63.05,699m,34%,34.95,100,5,5,0
Fri 15:20:00,176m,8%,8.8,1261,63,63.05,355m,17%,17.75,100,5,5,0
Fri 15:21:01,175m,8%,8.75,1261,63,63.05,354m,17%,17.7,100,5,5,0
Fri 15:22:00,187m,9%,9.35,1261,63,63.05,328m,16%,16.4,100,5,5,0
Fri 15:23:00,188m,9%,9.4,1261,63,63.05,395m,19%,19.75,100,5,5,0
Fri 15:24:00,194m,9%,9.7,1261,63,63.05,386m,19%,19.3,100,5,5,0
Fri 15:25:00,183m,9%,9.15,1261,63,63.05,326m,16%,16.3,100,5,5,0
Fri 15:26:00,181m,9%,9.05,1398,69,69.9,383m,19%,19.15,100,5,5,0
Fri 15:27:00,210m,10%,10.5,1398,69,69.9,398m,19%,19.9,100,5,5,0
Fri 15:28:00,188m,9%,9.4,1398,69,69.9,339m,16%,16.95,100,5,5,0
Fri 15:29:00,182m,9%,9.1,1261,63,63.05,377m,18%,18.85,100,5,5,0
Fri 15:30:00,284m,14%,14.2,1261,63,63.05,712m,35%,35.6,100,5,5,0
Fri 15:31:00,175m,8%,8.75,1261,63,63.05,301m,15%,15.05,100,5,5,0
Fri 15:32:00,183m,9%,9.15,1261,63,63.05,381m,19%,19.05,100,5,5,0
Fri 15:33:00,219m,10%,10.95,1261,63,63.05,447m,22%,22.35,100,5,5,0
Fri 15:34:00,173m,8%,8.65,1261,63,63.05,300m,15%,15,100,5,5,0
Fri 15:35:00,189m,9%,9.45,1261,63,63.05,407m,20%,20.35,100,5,5,0
Fri 15:36:00,218m,10%,10.9,1261,63,63.05,449m,22%,22.45,100,5,5,0
Fri 15:37:00,175m,8%,8.75,1261,63,63.05,309m,15%,15.45,100,5,5,0
Fri 15:38:00,187m,9%,9.35,1261,63,63.05,392m,19%,19.6,100,5,5,0
Fri 15:39:00,218m,10%,10.9,1398,69,69.9,454m,22%,22.7,100,5,5,0
Fri 15:40:00,182m,9%,9.1,1398,69,69.9,306m,15%,15.3,100,5,5,0
Fri 15:41:00,182m,9%,9.1,1398,69,69.9,378m,18%,18.9,100,5,5,0
Fri 15:42:00,220m,11%,11,1261,63,63.05,460m,23%,23,100,5,5,0
Fri 15:43:00,255m,12%,12.75,1398,69,69.9,648m,32%,32.4,100,5,5,0
Fri 15:44:00,170m,8%,8.5,1398,69,69.9,214m,10%,10.7,100,5,5,0
Fri 15:45:00,185m,9%,9.25,1398,69,69.9,380m,19%,19,100,5,5,0
Fri 15:46:00,233m,11%,11.65,1261,63,63.05,543m,27%,27.15,100,5,5,0
Fri 15:47:00,183m,9%,9.15,1261,63,63.05,324m,16%,16.2,100,5,5,0
Fri 15:48:00,185m,9%,9.25,1261,63,63.05,384m,19%,19.2,100,5,5,0
Fri 15:49:00,206m,10%,10.3,1261,63,63.05,428m,21%,21.4,100,5,5,0
Fri 15:50:00,192m,9%,9.6,1261,63,63.05,344m,17%,17.2,100,5,5,0
Fri 15:51:00,165m,8%,8.25,1261,63,63.05,345m,17%,17.25,100,5,5,0
Fri 15:52:00,190m,9%,9.5,1398,69,69.9,413m,20%,20.65,100,5,5,0
Fri 15:53:00,193m,9%,9.65,1398,69,69.9,340m,17%,17,100,5,5,0
Fri 15:54:00,166m,8%,8.3,1398,69,69.9,340m,17%,17,100,5,5,0
Fri 15:55:00,193m,9%,9.65,1261,63,63.05,417m,20%,20.85,100,5,5,0
Fri 15:56:00,241m,12%,12.05,1261,63,63.05,560m,28%,28,100,5,5,0
Fri 15:57:00,183m,9%,9.15,1261,63,63.05,285m,14%,14.25,100,5,5,0
Fri 15:58:00,188m,9%,9.4,1261,63,63.05,384m,19%,19.2,100,5,5,0
Fri 15:59:00,245m,12%,12.25,1261,63,63.05,514m,25%,25.7,100,5,5,0
Fri 16:00:00,133m,6%,6.65,1261,63,63.05,280m,14%,14,100,5,5,0
Fri 16:01:00,234m,11%,11.7,1261,63,63.05,388m,19%,19.4,100,5,5,0
Fri 16:02:00,235m,11%,11.75,1261,63,63.05,525m,26%,26.25,100,5,5,0
Fri 16:03:00,132m,6%,6.6,1261,63,63.05,282m,14%,14.1,100,5,5,0
Fri 16:04:00,225m,11%,11.25,1398,69,69.9,370m,18%,18.5,100,5,5,0
Fri 16:05:00,247m,12%,12.35,1398,69,69.9,548m,27%,27.4,100,5,5,0
Fri 16:06:00,138m,6%,6.9,1398,69,69.9,287m,14%,14.35,100,5,5,0
Fri 16:07:00,237m,11%,11.85,1398,69,69.9,387m,19%,19.35,100,5,5,0
Fri 16:08:00,232m,11%,11.6,1398,69,69.9,527m,26%,26.35,100,5,5,0
Fri 16:09:00,267m,13%,13.35,1398,69,69.9,598m,29%,29.9,100,5,5,0
Fri 16:10:00,173m,8%,8.65,1398,69,69.9,417m,20%,20.85,100,5,5,0
Fri 16:11:00,191m,9%,9.55,1535,76,76.75,343m,17%,17.15,100,5,5,0
Fri 16:12:00,223m,11%,11.15,1398,69,69.9,408m,20%,20.4,100,5,5,0
Fri 16:13:00,278m,13%,13.9,1398,69,69.9,664m,33%,33.2,100,5,5,0
Fri 16:14:00,138m,6%,6.9,1398,69,69.9,245m,12%,12.25,100,5,5,0
Fri 16:15:00,225m,11%,11.25,1535,76,76.75,350m,17%,17.5,100,5,5,0
Fri 16:16:00,251m,12%,12.55,1535,76,76.75,588m,29%,29.4,100,5,5,0
Fri 16:17:00,138m,6%,6.9,1535,76,76.75,251m,12%,12.55,100,5,5,0
Fri 16:18:00,223m,11%,11.15,1535,76,76.75,346m,17%,17.3,100,5,5,0
Fri 16:19:00,243m,12%,12.15,1672,83,83.6,578m,28%,28.9,100,5,5,0
Fri 16:20:00,149m,7%,7.45,1535,76,76.75,261m,13%,13.05,100,5,5,0
Fri 16:21:00,229m,11%,11.45,1535,76,76.75,428m,21%,21.4,100,5,5,0
Fri 16:22:00,257m,12%,12.85,1535,76,76.75,504m,25%,25.2,100,5,5,0
Fri 16:23:00,226m,11%,11.3,1672,83,83.6,579m,28%,28.95,100,5,5,0
Fri 16:24:00,170m,8%,8.5,1672,83,83.6,269m,13%,13.45,100,5,5,0
Fri 16:25:00,230m,11%,11.5,1672,83,83.6,346m,17%,17.3,100,5,5,0
Fri 16:26:00,241m,12%,12.05,1809,90,90.45,543m,27%,27.15,100,5,5,0
Fri 16:27:00,167m,8%,8.35,1809,90,90.45,227m,11%,11.35,100,5,5,0
Fri 16:28:00,233m,11%,11.65,1809,90,90.45,520m,26%,26,100,5,5,0
Fri 16:29:00,229m,11%,11.45,1809,90,90.45,449m,22%,22.45,100,5,5,0
Fri 16:30:00,161m,8%,8.05,1809,90,90.45,219m,10%,10.95,100,5,5,0
Fri 16:31:00,229m,11%,11.45,1809,90,90.45,520m,26%,26,100,5,5,0
Fri 16:32:00,235m,11%,11.75,1809,90,90.45,465m,23%,23.25,100,5,5,0
Fri 16:33:01,160m,8%,8,1672,83,83.6,227m,11%,11.35,100,5,5,0
Fri 16:34:00,321m,16%,16.05,1809,90,90.45,860m,43%,43,100,5,5,0
Fri 16:35:00,152m,7%,7.6,1809,90,90.45,133m,6%,6.65,100,5,5,0
Fri 16:36:00,213m,10%,10.65,1809,90,90.45,483m,24%,24.15,100,5,5,0
Fri 16:37:00,235m,11%,11.75,1672,83,83.6,531m,26%,26.55,100,5,5,0
Fri 16:38:00,244m,12%,12.2,1809,90,90.45,545m,27%,27.25,100,5,5,0
Fri 16:39:00,223m,11%,11.15,1809,90,90.45,402m,20%,20.1,100,5,5,0
Fri 16:40:00,165m,8%,8.25,1672,83,83.6,270m,13%,13.5,100,5,5,0
Fri 16:41:00,253m,12%,12.65,1672,83,83.6,585m,29%,29.25,100,5,5,0
Fri 16:42:00,218m,10%,10.9,1672,83,83.6,481m,24%,24.05,100,5,5,0
Fri 16:43:00,235m,11%,11.75,1672,83,83.6,545m,27%,27.25,100,5,5,0
Fri 16:44:00,148m,7%,7.4,1535,76,76.75,149m,7%,7.45,100,5,5,0
Fri 16:45:00,331m,16%,16.55,1535,76,76.75,855m,42%,42.75,100,5,5,0
Fri 16:46:00,188m,9%,9.4,1535,76,76.75,324m,16%,16.2,100,5,5,0
Fri 16:47:01,221m,11%,11.05,1535,76,76.75,510m,25%,25.5,100,5,5,0
Fri 16:48:00,220m,11%,11,1398,69,69.9,410m,20%,20.5,100,5,5,0
Fri 16:49:00,301m,15%,15.05,1535,76,76.75,786m,39%,39.3,100,5,5,0
Fri 16:50:00,159m,7%,7.95,1535,76,76.75,148m,7%,7.4,100,5,5,0
Fri 16:51:00,222m,11%,11.1,1535,76,76.75,496m,24%,24.8,100,5,5,0
Fri 16:52:00,254m,12%,12.7,1398,69,69.9,581m,29%,29.05,100,5,5,0
Fri 16:53:00,263m,13%,13.15,1398,69,69.9,598m,29%,29.9,100,5,5,0
Fri 16:54:00,223m,11%,11.15,1398,69,69.9,432m,21%,21.6,100,5,5,0
Fri 16:55:00,182m,9%,9.1,1261,63,63.05,327m,16%,16.35,100,5,5,0
Fri 16:56:01,267m,13%,13.35,1261,63,63.05,643m,32%,32.15,100,5,5,0
Fri 16:57:00,223m,11%,11.15,1261,63,63.05,498m,24%,24.9,100,5,5,0
Fri 16:58:00,334m,16%,16.7,1261,63,63.05,607m,30%,30.35,100,5,5,0
Fri 16:59:00,152m,7%,7.6,1261,63,63.05,185m,9%,9.25,100,5,5,0
Fri 17:00:01,209m,10%,10.45,1261,63,63.05,488m,24%,24.4,100,5,5,0
Fri 17:01:00,241m,12%,12.05,1261,63,63.05,563m,28%,28.15,100,5,5,0
Fri 17:02:00,154m,7%,7.7,1261,63,63.05,189m,9%,9.45,100,5,5,0
Fri 17:03:00,211m,10%,10.55,1124,56,56.2,485m,24%,24.25,100,5,5,0
Fri 17:04:00,251m,12%,12.55,1124,56,56.2,598m,29%,29.9,100,5,5,0
Fri 17:05:00,146m,7%,7.3,1261,63,63.05,169m,8%,8.45,100,5,5,0
Fri 17:06:00,211m,10%,10.55,1261,63,63.05,493m,24%,24.65,100,5,5,0
Fri 17:07:00,241m,12%,12.05,1124,56,56.2,571m,28%,28.55,100,5,5,0
Fri 17:08:00,252m,12%,12.6,1124,56,56.2,598m,29%,29.9,100,5,5,0
Fri 17:09:00,214m,10%,10.7,1124,56,56.2,430m,21%,21.5,100,5,5,0
Fri 17:10:00,172m,8%,8.6,1261,63,63.05,313m,15%,15.65,100,5,5,0
Fri 17:11:01,204m,10%,10.2,1261,63,63.05,464m,23%,23.2,100,5,5,0
Fri 17:12:00,213m,10%,10.65,1261,63,63.05,429m,21%,21.45,100,5,5,0
Fri 17:13:01,169m,8%,8.45,1261,63,63.05,313m,15%,15.65,100,5,5,0
Fri 17:14:00,194m,9%,9.7,1261,63,63.05,459m,22%,22.95,100,5,5,0
Fri 17:15:00,216m,10%,10.8,1261,63,63.05,435m,21%,21.75,100,5,5,0
Fri 17:16:00,176m,8%,8.8,1261,63,63.05,324m,16%,16.2,100,5,5,0
Fri 17:17:00,211m,10%,10.55,1261,63,63.05,488m,24%,24.4,100,5,5,0
Fri 17:18:00,222m,11%,11.1,1124,56,56.2,454m,22%,22.7,100,5,5,0
Fri 17:19:00,293m,14%,14.65,1124,56,56.2,795m,39%,39.75,100,5,5,0
Fri 17:20:00,154m,7%,7.7,1261,63,63.05,192m,9%,9.6,100,5,5,0
Fri 17:21:00,220m,11%,11,1261,63,63.05,500m,25%,25,100,5,5,0
Fri 17:22:00,249m,12%,12.45,1261,63,63.05,598m,29%,29.9,100,5,5,0
Fri 17:23:00,162m,8%,8.1,1261,63,63.05,195m,9%,9.75,100,5,5,0
Fri 17:24:00,206m,10%,10.3,1261,63,63.05,491m,24%,24.55,100,5,5,0
Fri 17:25:00,240m,12%,12,1261,63,63.05,583m,29%,29.15,100,5,5,0
Fri 17:26:00,160m,8%,8,1261,63,63.05,216m,10%,10.8,100,5,5,0
Fri 17:27:00,211m,10%,10.55,1261,63,63.05,489m,24%,24.45,100,5,5,0
Fri 17:28:00,256m,12%,12.8,1261,63,63.05,607m,30%,30.35,100,5,5,0
Fri 17:29:00,157m,7%,7.85,1261,63,63.05,207m,10%,10.35,100,5,5,0
Fri 17:30:00,194m,9%,9.7,1261,63,63.05,464m,23%,23.2,100,5,5,0
Fri 17:31:00,250m,12%,12.5,1261,63,63.05,594m,29%,29.7,100,5,5,0
Fri 17:32:00,169m,8%,8.45,1261,63,63.05,219m,10%,10.95,100,5,5,0
Fri 17:33:00,214m,10%,10.7,1261,63,63.05,503m,25%,25.15,100,5,5,0
Fri 17:34:00,251m,12%,12.55,1124,56,56.2,599m,29%,29.95,100,5,5,0
Fri 17:35:00,248m,12%,12.4,1124,56,56.2,531m,26%,26.55,100,5,5,0
Fri 17:36:00,179m,8%,8.95,1124,56,56.2,336m,16%,16.8,100,5,5,0
Fri 17:37:00,203m,10%,10.15,1124,56,56.2,482m,24%,24.1,100,5,5,0
Fri 17:38:00,234m,11%,11.7,1124,56,56.2,500m,25%,25,100,5,5,0
Fri 17:39:00,180m,9%,9,987,49,49.35,329m,16%,16.45,100,5,5,0
Fri 17:40:00,312m,15%,15.6,1124,56,56.2,847m,42%,42.35,100,5,5,0
Fri 17:41:00,189m,9%,9.45,1124,56,56.2,323m,16%,16.15,100,5,5,0
Fri 17:42:00,204m,10%,10.2,1124,56,56.2,479m,23%,23.95,100,5,5,0
Fri 17:43:00,242m,12%,12.1,1124,56,56.2,513m,25%,25.65,100,5,5,0
Fri 17:44:00,183m,9%,9.15,1124,56,56.2,340m,17%,17,100,5,5,0
Fri 17:45:00,215m,10%,10.75,1261,63,63.05,487m,24%,24.35,100,5,5,0
Fri 17:46:00,260m,13%,13,1261,63,63.05,515m,25%,25.75,100,5,5,0
Fri 17:47:00,195m,9%,9.75,1261,63,63.05,365m,18%,18.25,100,5,5,0
Fri 17:48:00,205m,10%,10.25,1261,63,63.05,471m,23%,23.55,100,5,5,0
Fri 17:49:00,235m,11%,11.75,1124,56,56.2,504m,25%,25.2,100,5,5,0
Fri 17:50:00,267m,13%,13.35,1124,56,56.2,653m,32%,32.65,100,5,5,0
Fri 17:51:00,185m,9%,9.25,1124,56,56.2,351m,17%,17.55,100,5,5,0
Fri 17:52:00,200m,10%,10,1124,56,56.2,464m,23%,23.2,100,5,5,0
Fri 17:53:00,210m,10%,10.5,1124,56,56.2,514m,25%,25.7,100,5,5,0
Fri 17:54:00,179m,8%,8.95,1124,56,56.2,340m,17%,17,100,5,5,0
Fri 17:55:00,244m,12%,12.2,1261,63,63.05,464m,23%,23.2,100,5,5,0
Fri 17:56:00,208m,10%,10.4,1261,63,63.05,531m,26%,26.55,100,5,5,0
Fri 17:57:00,180m,9%,9,1261,63,63.05,339m,16%,16.95,100,5,5,0
Fri 17:58:00,254m,12%,12.7,1261,63,63.05,466m,23%,23.3,100,5,5,0
Fri 17:59:00,197m,9%,9.85,1261,63,63.05,525m,26%,26.25,100,5,5,0
Fri 18:00:00,180m,9%,9,1398,69,69.9,337m,16%,16.85,100,5,5,0
Fri 18:01:00,250m,12%,12.5,1398,69,69.9,451m,22%,22.55,100,5,5,0
Fri 18:02:00,201m,10%,10.05,1398,69,69.9,533m,26%,26.65,100,5,5,0
Fri 18:03:00,185m,9%,9.25,1398,69,69.9,341m,17%,17.05,100,5,5,0
Fri 18:04:00,251m,12%,12.55,1398,69,69.9,461m,23%,23.05,100,5,5,0
Fri 18:05:00,206m,10%,10.3,1535,76,76.75,530m,26%,26.5,100,5,5,0
Fri 18:06:00,190m,9%,9.5,1535,76,76.75,343m,17%,17.15,100,5,5,0
Fri 18:07:00,247m,12%,12.35,1535,76,76.75,447m,22%,22.35,100,5,5,0
Fri 18:08:00,209m,10%,10.45,1535,76,76.75,548m,27%,27.4,100,5,5,0
Fri 18:09:00,188m,9%,9.4,1398,69,69.9,345m,17%,17.25,100,5,5,0
Fri 18:10:00,327m,16%,16.35,1398,69,69.9,861m,43%,43.05,100,5,5,0
Fri 18:11:00,193m,9%,9.65,1398,69,69.9,357m,17%,17.85,100,5,5,0
Fri 18:12:00,247m,12%,12.35,1398,69,69.9,452m,22%,22.6,100,5,5,0
Fri 18:13:00,208m,10%,10.4,1398,69,69.9,552m,27%,27.6,100,5,5,0
Fri 18:14:00,189m,9%,9.45,1261,63,63.05,352m,17%,17.6,100,5,5,0
Fri 18:15:00,315m,15%,15.75,1261,63,63.05,851m,42%,42.55,100,5,5,0
Fri 18:16:00,179m,8%,8.95,1261,63,63.05,338m,16%,16.9,100,5,5,0
Fri 18:17:00,228m,11%,11.4,1261,63,63.05,420m,21%,21,100,5,5,0
Fri 18:18:00,199m,9%,9.95,1261,63,63.05,543m,27%,27.15,100,5,5,0
Fri 18:19:00,176m,8%,8.8,1398,69,69.9,333m,16%,16.65,100,5,5,0
Fri 18:20:00,244m,12%,12.2,1398,69,69.9,436m,21%,21.8,100,5,5,0
Fri 18:21:00,203m,10%,10.15,1398,69,69.9,555m,27%,27.75,100,5,5,0
Fri 18:22:00,177m,8%,8.85,1398,69,69.9,337m,16%,16.85,100,5,5,0
Fri 18:23:01,229m,11%,11.45,1398,69,69.9,416m,20%,20.8,100,5,5,0
Fri 18:24:00,210m,10%,10.5,1261,63,63.05,578m,28%,28.9,100,5,5,0
Fri 18:25:00,262m,13%,13.1,1261,63,63.05,649m,32%,32.45,100,5,5,0
Fri 18:26:00,176m,8%,8.8,1261,63,63.05,338m,16%,16.9,100,5,5,0
Fri 18:27:00,229m,11%,11.45,1261,63,63.05,418m,20%,20.9,100,5,5,0
Fri 18:28:00,204m,10%,10.2,1398,69,69.9,569m,28%,28.45,100,5,5,0
Fri 18:29:00,188m,9%,9.4,1261,63,63.05,348m,17%,17.4,100,5,5,0
Fri 18:30:00,315m,15%,15.75,1261,63,63.05,797m,39%,39.85,100,5,5,0
Fri 18:31:00,182m,9%,9.1,1261,63,63.05,343m,17%,17.15,100,5,5,0
Fri 18:32:00,227m,11%,11.35,1398,69,69.9,585m,29%,29.25,100,5,5,0
Fri 18:33:00,215m,10%,10.75,1398,69,69.9,403m,20%,20.15,100,5,5,0
Fri 18:34:00,186m,9%,9.3,1261,63,63.05,368m,18%,18.4,100,5,5,0
Fri 18:35:00,312m,15%,15.6,1261,63,63.05,884m,44%,44.2,100,5,5,0
Fri 18:36:00,179m,8%,8.95,1261,63,63.05,290m,14%,14.5,100,5,5,0
Fri 18:37:00,209m,10%,10.45,1261,63,63.05,458m,22%,22.9,100,5,5,0
Fri 18:38:00,230m,11%,11.5,1261,63,63.05,591m,29%,29.55,100,5,5,0
Fri 18:39:00,179m,8%,8.95,1261,63,63.05,294m,14%,14.7,100,5,5,0
Fri 18:40:00,209m,10%,10.45,1261,63,63.05,467m,23%,23.35,100,5,5,0
Fri 18:41:00,221m,11%,11.05,1261,63,63.05,575m,28%,28.75,100,5,5,0
Fri 18:42:00,179m,8%,8.95,1261,63,63.05,293m,14%,14.65,100,5,5,0
Fri 18:43:00,216m,10%,10.8,1261,63,63.05,484m,24%,24.2,100,5,5,0
Fri 18:44:00,226m,11%,11.3,1261,63,63.05,582m,29%,29.1,100,5,5,0
Fri 18:45:00,181m,9%,9.05,1261,63,63.05,302m,15%,15.1,100,5,5,0
Fri 18:46:00,213m,10%,10.65,1398,69,69.9,478m,23%,23.9,100,5,5,0
Fri 18:47:00,242m,12%,12.1,1261,63,63.05,600m,30%,30,100,5,5,0
Fri 18:48:00,187m,9%,9.35,1261,63,63.05,308m,15%,15.4,100,5,5,0
Fri 18:49:00,263m,13%,13.15,1261,63,63.05,706m,35%,35.3,100,5,5,0
Fri 18:50:00,232m,11%,11.6,1261,63,63.05,501m,25%,25.05,100,5,5,0
Fri 18:51:00,161m,8%,8.05,1398,69,69.9,281m,14%,14.05,100,5,5,0
Fri 18:52:00,236m,11%,11.8,1398,69,69.9,577m,28%,28.85,100,5,5,0
Fri 18:53:00,237m,11%,11.85,1398,69,69.9,505m,25%,25.25,100,5,5,0
Fri 18:54:00,163m,8%,8.15,1398,69,69.9,283m,14%,14.15,100,5,5,0
Fri 18:55:00,223m,11%,11.15,1535,76,76.75,569m,28%,28.45,100,5,5,0
Fri 18:56:00,245m,12%,12.25,1535,76,76.75,499m,24%,24.95,100,5,5,0
Fri 18:57:01,172m,8%,8.6,1398,69,69.9,303m,15%,15.15,100,5,5,0
Fri 18:58:00,322m,16%,16.1,1398,69,69.9,891m,44%,44.55,100,5,5,0
Fri 18:59:00,187m,9%,9.35,1398,69,69.9,314m,15%,15.7,100,5,5,0
Fri 19:00:00,217m,10%,10.85,1535,76,76.75,482m,24%,24.1,100,5,5,0
Fri 19:01:00,241m,12%,12.05,1398,69,69.9,580m,28%,29,100,5,5,0
Fri 19:02:00,213m,10%,10.65,1398,69,69.9,399m,19%,19.95,100,5,5,0
Fri 19:03:00,225m,11%,11.25,1398,69,69.9,554m,27%,27.7,100,5,5,0
Fri 19:04:00,250m,12%,12.5,1398,69,69.9,600m,30%,30,100,5,5,0
Fri 19:05:00,164m,8%,8.2,1535,76,76.75,222m,11%,11.1,100,5,5,0
Fri 19:06:00,230m,11%,11.5,1535,76,76.75,566m,28%,28.3,100,5,5,0
Fri 19:07:00,246m,12%,12.3,1535,76,76.75,585m,29%,29.25,100,5,5,0
Fri 19:08:00,165m,8%,8.25,1535,76,76.75,226m,11%,11.3,100,5,5,0
Fri 19:09:00,230m,11%,11.5,1535,76,76.75,574m,28%,28.7,100,5,5,0
Fri 19:10:00,249m,12%,12.45,1535,76,76.75,593m,29%,29.65,100,5,5,0
Fri 19:11:00,164m,8%,8.2,1535,76,76.75,228m,11%,11.4,100,5,5,0
Fri 19:12:00,231m,11%,11.55,1535,76,76.75,579m,28%,28.95,100,5,5,0
Fri 19:13:00,253m,12%,12.65,1535,76,76.75,600m,30%,30,100,5,5,0
Fri 19:14:00,173m,8%,8.65,1535,76,76.75,250m,12%,12.5,100,5,5,0
Fri 19:15:00,229m,11%,11.45,1398,69,69.9,574m,28%,28.7,100,5,5,0
Fri 19:16:00,282m,14%,14.1,1535,76,76.75,668m,33%,33.4,100,5,5,0
Fri 19:17:00,213m,10%,10.65,1535,76,76.75,413m,20%,20.65,100,5,5,0
Fri 19:18:00,233m,11%,11.65,1535,76,76.75,574m,28%,28.7,100,5,5,0
Fri 19:19:00,238m,11%,11.9,1535,76,76.75,468m,23%,23.4,100,5,5,0
Fri 19:20:00,200m,10%,10,1398,69,69.9,399m,19%,19.95,100,5,5,0
Fri 19:21:00,320m,16%,16,1535,76,76.75,879m,43%,43.95,100,5,5,0
Fri 19:22:01,216m,10%,10.8,1535,76,76.75,354m,17%,17.7,100,5,5,0
Fri 19:23:00,230m,11%,11.5,1535,76,76.75,507m,25%,25.35,100,5,5,0
Fri 19:24:00,236m,11%,11.8,1398,69,69.9,585m,29%,29.25,100,5,5,0
Fri 19:25:00,231m,11%,11.55,1398,69,69.9,446m,22%,22.3,100,5,5,0
Fri 19:26:00,232m,11%,11.6,1398,69,69.9,573m,28%,28.65,100,5,5,0
Fri 19:27:00,267m,13%,13.35,1398,69,69.9,647m,32%,32.35,100,5,5,0
Fri 19:28:00,177m,8%,8.85,1398,69,69.9,252m,12%,12.6,100,5,5,0
Fri 19:29:00,231m,11%,11.55,1261,63,63.05,580m,28%,29,100,5,5,0
Fri 19:30:00,302m,15%,15.1,1261,63,63.05,699m,34%,34.95,100,5,5,0
Fri 19:31:00,156m,7%,7.8,1261,63,63.05,241m,12%,12.05,100,5,5,0
Fri 19:32:00,236m,11%,11.8,1261,63,63.05,597m,29%,29.85,100,5,5,0
Fri 19:33:00,286m,14%,14.3,1261,63,63.05,654m,32%,32.7,100,5,5,0
Fri 19:34:00,158m,7%,7.9,1124,56,56.2,252m,12%,12.6,100,5,5,0
Fri 19:35:00,377m,18%,18.85,1124,56,56.2,1036m,51%,51.8,100,5,5,0
Fri 19:36:00,214m,10%,10.7,1124,56,56.2,448m,22%,22.4,100,5,5,0
Fri 19:37:00,236m,11%,11.8,1124,56,56.2,608m,30%,30.4,100,5,5,0
Fri 19:38:00,229m,11%,11.45,1124,56,56.2,461m,23%,23.05,100,5,5,0
Fri 19:39:00,214m,10%,10.7,1261,63,63.05,467m,23%,23.35,100,5,5,0
Fri 19:40:00,251m,12%,12.55,1261,63,63.05,618m,30%,30.9,100,5,5,0
Fri 19:41:00,233m,11%,11.65,1261,63,63.05,464m,23%,23.2,100,5,5,0
Fri 19:42:00,217m,10%,10.85,1398,69,69.9,466m,23%,23.3,100,5,5,0
Fri 19:43:00,252m,12%,12.6,1398,69,69.9,613m,30%,30.65,100,5,5,0
Fri 19:44:00,236m,11%,11.8,1398,69,69.9,469m,23%,23.45,100,5,5,0
Fri 19:45:00,235m,11%,11.75,1398,69,69.9,472m,23%,23.6,100,5,5,0
Fri 19:46:00,277m,13%,13.85,1398,69,69.9,726m,36%,36.3,100,5,5,0
Fri 19:47:00,263m,13%,13.15,1398,69,69.9,559m,27%,27.95,100,5,5,0
Fri 19:48:00,202m,10%,10.1,1398,69,69.9,389m,19%,19.45,100,5,5,0
Fri 19:49:00,238m,11%,11.9,1535,76,76.75,597m,29%,29.85,100,5,5,0
Fri 19:50:00,242m,12%,12.1,1398,69,69.9,561m,28%,28.05,100,5,5,0
Fri 19:51:00,380m,19%,19,1398,69,69.9,911m,45%,45.55,100,5,5,0
Fri 19:52:01,167m,8%,8.35,1398,69,69.9,381m,19%,19.05,100,5,5,0
Fri 19:53:00,258m,12%,12.9,1398,69,69.9,602m,30%,30.1,100,5,5,0
Fri 19:54:00,289m,14%,14.45,1398,69,69.9,597m,29%,29.85,100,5,5,0
Fri 19:55:00,168m,8%,8.4,1535,76,76.75,386m,19%,19.3,100,5,5,0
Fri 19:56:00,268m,13%,13.4,1535,76,76.75,609m,30%,30.45,100,5,5,0
Fri 19:57:00,288m,14%,14.4,1672,83,83.6,592m,29%,29.6,100,5,5,0
Fri 19:58:00,186m,9%,9.3,1672,83,83.6,390m,19%,19.5,100,5,5,0
Fri 19:59:00,258m,12%,12.9,1672,83,83.6,592m,29%,29.6,100,5,5,0
Fri 20:00:00,289m,14%,14.45,1809,90,90.45,574m,28%,28.7,100,5,5,0
Fri 20:01:00,184m,9%,9.2,1809,90,90.45,398m,19%,19.9,100,5,5,0
Fri 20:02:00,255m,12%,12.75,1809,90,90.45,586m,29%,29.3,100,5,5,0
Fri 20:03:00,287m,14%,14.35,1946,97,97.3,563m,28%,28.15,100,5,5,0
Fri 20:04:00,187m,9%,9.35,1946,97,97.3,387m,19%,19.35,100,5,5,0
Fri 20:05:01,200m,10%,10,1946,97,97.3,277m,13%,13.85,100,5,5,0
Fri 20:06:00,199m,9%,9.95,1946,97,97.3,294m,14%,14.7,100,5,5,0
Fri 20:07:00,157m,7%,7.85,1946,97,97.3,299m,14%,14.95,100,5,5,0
Fri 20:08:00,193m,9%,9.65,1809,90,90.45,215m,10%,10.75,100,5,5,0
Fri 20:09:00,295m,14%,14.75,1809,90,90.45,697m,34%,34.85,100,5,5,0
Fri 20:10:00,227m,11%,11.35,1672,83,83.6,405m,20%,20.25,100,5,5,0
Fri 20:11:00,326m,16%,16.3,1672,83,83.6,653m,32%,32.65,100,5,5,0
Fri 20:12:00,360m,18%,18,1672,83,83.6,672m,33%,33.6,100,5,5,0
Fri 20:13:00,252m,12%,12.6,1672,83,83.6,576m,28%,28.8,100,5,5,0
Fri 20:14:00,333m,16%,16.65,1672,83,83.6,664m,33%,33.2,100,5,5,0
Fri 20:15:00,265m,13%,13.25,1672,83,83.6,505m,25%,25.25,100,5,5,0
Fri 20:16:00,331m,16%,16.55,1672,83,83.6,567m,28%,28.35,100,5,5,0
Fri 20:17:00,215m,10%,10.75,1672,83,83.6,462m,23%,23.1,100,5,5,0
Fri 20:18:00,272m,13%,13.6,1535,76,76.75,522m,26%,26.1,100,5,5,0
Fri 20:19:00,355m,17%,17.75,1535,76,76.75,757m,37%,37.85,100,5,5,0
Fri 20:20:00,317m,15%,15.85,1535,76,76.75,559m,27%,27.95,100,5,5,0
Fri 20:21:00,306m,15%,15.3,1535,76,76.75,708m,35%,35.4,100,5,5,0
Fri 20:22:00,191m,9%,9.55,1535,76,76.75,299m,14%,14.95,100,5,5,0
Fri 20:23:00,321m,16%,16.05,1535,76,76.75,576m,28%,28.8,100,5,5,0
Fri 20:24:00,311m,15%,15.55,1535,76,76.75,696m,34%,34.8,100,5,5,0
Fri 20:25:00,357m,17%,17.85,1535,76,76.75,681m,34%,34.05,100,5,5,0
Fri 20:26:01,258m,12%,12.9,1535,76,76.75,585m,29%,29.25,100,5,5,0
Fri 20:27:00,329m,16%,16.45,1535,76,76.75,685m,34%,34.25,100,5,5,0
Fri 20:28:00,284m,14%,14.2,1535,76,76.75,515m,25%,25.75,100,5,5,0
Fri 20:29:00,318m,15%,15.9,1398,69,69.9,562m,28%,28.1,100,5,5,0
Fri 20:30:00,356m,17%,17.8,1398,69,69.9,762m,38%,38.1,100,5,5,0
Fri 20:31:00,203m,10%,10.15,1398,69,69.9,422m,21%,21.1,100,5,5,0
Fri 20:32:00,299m,14%,14.95,1261,63,63.05,572m,28%,28.6,100,5,5,0
Fri 20:33:00,325m,16%,16.25,1398,69,69.9,719m,35%,35.95,100,5,5,0
Fri 20:34:00,255m,12%,12.75,1398,69,69.9,452m,22%,22.6,100,5,5,0
Fri 20:35:00,315m,15%,15.75,1398,69,69.9,560m,28%,28,100,5,5,0
Fri 20:36:00,252m,12%,12.6,1398,69,69.9,567m,28%,28.35,100,5,5,0
Fri 20:37:00,248m,12%,12.4,1398,69,69.9,451m,22%,22.55,100,5,5,0
Fri 20:38:00,317m,15%,15.85,1398,69,69.9,670m,33%,33.5,100,5,5,0
Fri 20:39:00,254m,12%,12.7,1398,69,69.9,418m,20%,20.9,100,5,5,0
Fri 20:40:00,244m,12%,12.2,1398,69,69.9,452m,22%,22.6,100,5,5,0
Fri 20:41:00,320m,16%,16,1398,69,69.9,735m,36%,36.75,100,5,5,0
Fri 20:42:00,258m,12%,12.9,1261,63,63.05,429m,21%,21.45,100,5,5,0
Fri 20:43:00,359m,17%,17.95,1261,63,63.05,768m,38%,38.4,100,5,5,0
Fri 20:44:00,257m,12%,12.85,1261,63,63.05,489m,24%,24.45,100,5,5,0
Fri 20:45:00,318m,15%,15.9,1261,63,63.05,729m,36%,36.45,100,5,5,0
Fri 20:46:00,251m,12%,12.55,1261,63,63.05,412m,20%,20.6,100,5,5,0
Fri 20:47:00,257m,12%,12.85,1261,63,63.05,480m,24%,24,100,5,5,0
Fri 20:48:00,329m,16%,16.45,1261,63,63.05,741m,37%,37.05,100,5,5,0
Fri 20:49:00,261m,13%,13.05,1261,63,63.05,424m,21%,21.2,100,5,5,0
Fri 20:50:00,256m,12%,12.8,1261,63,63.05,478m,23%,23.9,100,5,5,0
Fri 20:51:00,324m,16%,16.2,1261,63,63.05,733m,36%,36.65,100,5,5,0
Fri 20:52:00,263m,13%,13.15,1124,56,56.2,432m,21%,21.6,100,5,5,0
Fri 20:53:00,375m,18%,18.75,1261,63,63.05,807m,40%,40.35,100,5,5,0
Fri 20:54:00,267m,13%,13.35,1261,63,63.05,488m,24%,24.4,100,5,5,0
Fri 20:55:00,324m,16%,16.2,1124,56,56.2,733m,36%,36.65,100,5,5,0
Fri 20:56:00,266m,13%,13.3,1124,56,56.2,436m,21%,21.8,100,5,5,0
Fri 20:57:00,325m,16%,16.25,1124,56,56.2,724m,36%,36.2,100,5,5,0
Fri 20:58:00,321m,16%,16.05,1124,56,56.2,604m,30%,30.2,100,5,5,0
Fri 20:59:00,208m,10%,10.4,1124,56,56.2,350m,17%,17.5,100,5,5,0
Fri 21:00:00,321m,16%,16.05,1261,63,63.05,732m,36%,36.6,100,5,5,0
Fri 21:01:00,324m,16%,16.2,1261,63,63.05,587m,29%,29.35,100,5,5,0
Fri 21:02:00,208m,10%,10.4,1124,56,56.2,346m,17%,17.3,100,5,5,0
Fri 21:03:01,434m,21%,21.7,1124,56,56.2,980m,49%,49,100,5,5,0
Fri 21:04:00,256m,12%,12.8,1124,56,56.2,489m,24%,24.45,100,5,5,0
Fri 21:05:00,332m,16%,16.6,1124,56,56.2,738m,36%,36.9,100,5,5,0
Fri 21:06:00,269m,13%,13.45,1124,56,56.2,447m,22%,22.35,100,5,5,0
Fri 21:07:00,264m,13%,13.2,1124,56,56.2,511m,25%,25.55,100,5,5,0
Fri 21:08:00,320m,16%,16,1124,56,56.2,736m,36%,36.8,100,5,5,0
Fri 21:09:00,269m,13%,13.45,1124,56,56.2,459m,22%,22.95,100,5,5,0
Fri 21:10:00,264m,13%,13.2,1124,56,56.2,511m,25%,25.55,100,5,5,0
Fri 21:11:00,319m,15%,15.95,1124,56,56.2,735m,36%,36.75,100,5,5,0
Fri 21:12:00,265m,13%,13.25,1124,56,56.2,449m,22%,22.45,100,5,5,0
Fri 21:13:00,263m,13%,13.15,1124,56,56.2,512m,25%,25.6,100,5,5,0
Fri 21:14:00,326m,16%,16.3,1124,56,56.2,745m,37%,37.25,100,5,5,0
Fri 21:15:00,270m,13%,13.5,1124,56,56.2,460m,23%,23,100,5,5,0
Fri 21:16:00,262m,13%,13.1,1124,56,56.2,507m,25%,25.35,100,5,5,0
Fri 21:17:01,281m,14%,14.05,1261,63,63.05,734m,36%,36.7,100,5,5,0
Fri 21:18:00,264m,13%,13.2,1261,63,63.05,478m,23%,23.9,100,5,5,0
Fri 21:19:00,240m,12%,12,1261,63,63.05,506m,25%,25.3,100,5,5,0
Fri 21:20:00,289m,14%,14.45,1261,63,63.05,731m,36%,36.55,100,5,5,0
Fri 21:21:00,249m,12%,12.45,1398,69,69.9,471m,23%,23.55,100,5,5,0
Fri 21:22:00,251m,12%,12.55,1261,63,63.05,513m,25%,25.65,100,5,5,0
Fri 21:23:00,345m,17%,17.25,1261,63,63.05,859m,42%,42.95,100,5,5,0
Fri 21:24:00,232m,11%,11.6,1261,63,63.05,483m,24%,24.15,100,5,5,0
Fri 21:25:00,280m,14%,14,1398,69,69.9,721m,36%,36.05,100,5,5,2
Fri 21:26:00,263m,13%,13.15,1398,69,69.9,499m,24%,24.95,100,5,5,0
Fri 21:27:00,244m,12%,12.2,1398,69,69.9,507m,25%,25.35,100,5,5,0
Fri 21:28:00,278m,13%,13.9,1398,69,69.9,718m,35%,35.9,100,5,5,0
Fri 21:29:00,254m,12%,12.7,1261,63,63.05,501m,25%,25.05,100,5,5,0
Fri 21:30:00,374m,18%,18.7,1398,69,69.9,1022m,51%,51.1,100,5,5,0
Fri 21:31:00,216m,10%,10.8,1398,69,69.9,331m,16%,16.55,100,5,5,0
Fri 21:32:00,282m,14%,14.1,1398,69,69.9,673m,33%,33.65,100,5,5,0
Fri 21:33:00,284m,14%,14.2,1398,69,69.9,692m,34%,34.6,100,5,5,0
Fri 21:34:00,208m,10%,10.4,1535,76,76.75,351m,17%,17.55,100,5,5,0
Fri 21:35:00,289m,14%,14.45,1535,76,76.75,668m,33%,33.4,100,5,5,0
Fri 21:36:00,287m,14%,14.35,1535,76,76.75,693m,34%,34.65,100,5,5,0
Fri 21:37:00,210m,10%,10.5,1535,76,76.75,351m,17%,17.55,100,5,5,0
Fri 21:38:00,278m,13%,13.9,1535,76,76.75,662m,33%,33.1,100,5,5,0
Fri 21:39:00,293m,14%,14.65,1535,76,76.75,701m,35%,35.05,100,5,5,0
Fri 21:40:00,209m,10%,10.45,1535,76,76.75,370m,18%,18.5,100,5,5,0
Fri 21:41:00,278m,13%,13.9,1535,76,76.75,670m,33%,33.5,100,5,5,0
Fri 21:42:00,286m,14%,14.3,1535,76,76.75,692m,34%,34.6,100,5,5,0
Fri 21:43:00,214m,10%,10.7,1535,76,76.75,363m,18%,18.15,100,5,5,0
Fri 21:44:00,282m,14%,14.1,1535,76,76.75,673m,33%,33.65,100,5,5,0
Fri 21:45:00,290m,14%,14.5,1535,76,76.75,693m,34%,34.65,100,5,5,0
Fri 21:46:00,214m,10%,10.7,1398,69,69.9,368m,18%,18.4,100,5,5,0
Fri 21:47:00,394m,19%,19.7,1535,76,76.75,1020m,51%,51,100,5,5,0
Fri 21:48:00,210m,10%,10.5,1535,76,76.75,371m,18%,18.55,100,5,5,0
Fri 21:49:00,281m,14%,14.05,1535,76,76.75,714m,35%,35.7,100,5,5,0
Fri 21:50:00,292m,14%,14.6,1398,69,69.9,671m,33%,33.55,100,5,5,0
Fri 21:51:00,283m,14%,14.15,1535,76,76.75,665m,33%,33.25,100,5,5,0
Fri 21:52:00,267m,13%,13.35,1535,76,76.75,558m,27%,27.9,100,5,5,0
Fri 21:53:00,327m,16%,16.35,1535,76,76.75,701m,35%,35.05,100,5,5,0
Fri 21:54:00,207m,10%,10.35,1398,69,69.9,480m,24%,24,100,5,5,0
Fri 21:55:00,266m,13%,13.3,1535,76,76.75,577m,28%,28.85,100,5,5,0
Fri 21:56:00,323m,16%,16.15,1535,76,76.75,682m,34%,34.1,100,5,5,0
Fri 21:57:00,276m,13%,13.8,1535,76,76.75,681m,34%,34.05,100,5,5,0
Fri 21:58:00,204m,10%,10.2,1535,76,76.75,364m,18%,18.2,100,5,5,0
Fri 21:59:00,325m,16%,16.25,1398,69,69.9,691m,34%,34.55,100,5,5,0
Fri 22:00:00,340m,17%,17,1535,76,76.75,852m,42%,42.6,100,5,5,0
Fri 22:01:00,206m,10%,10.3,1535,76,76.75,429m,21%,21.45,100,5,5,0
Fri 22:02:00,276m,13%,13.8,1535,76,76.75,628m,31%,31.4,100,5,5,0
Fri 22:03:00,309m,15%,15.45,1398,69,69.9,688m,34%,34.4,100,5,5,0
Fri 22:04:00,279m,13%,13.95,1535,76,76.75,691m,34%,34.55,100,5,5,0
Fri 22:05:00,224m,11%,11.2,1535,76,76.75,415m,20%,20.75,100,5,5,0
Fri 22:06:00,323m,16%,16.15,1535,76,76.75,683m,34%,34.15,100,5,5,0
Fri 22:07:00,256m,12%,12.8,1535,76,76.75,641m,32%,32.05,100,5,5,0
Fri 22:08:00,214m,10%,10.7,1672,83,83.6,408m,20%,20.4,100,5,5,0
Fri 22:09:00,339m,16%,16.95,1672,83,83.6,701m,35%,35.05,100,5,5,0
Fri 22:10:00,259m,12%,12.95,1672,83,83.6,646m,32%,32.3,100,5,5,0
Fri 22:11:00,217m,10%,10.85,1672,83,83.6,413m,20%,20.65,100,5,5,0
Fri 22:12:00,323m,16%,16.15,1809,90,90.45,678m,33%,33.9,100,5,5,0
Fri 22:13:00,271m,13%,13.55,1809,90,90.45,652m,32%,32.6,100,5,5,0
Fri 22:14:00,218m,10%,10.9,1809,90,90.45,414m,20%,20.7,100,5,5,0
Fri 22:15:00,320m,16%,16,1809,90,90.45,677m,33%,33.85,100,5,5,0
Fri 22:16:00,263m,13%,13.15,1672,83,83.6,655m,32%,32.75,100,5,5,0
Fri 22:17:00,402m,20%,20.1,1672,83,83.6,1014m,50%,50.7,100,5,5,0
Fri 22:18:00,205m,10%,10.25,1672,83,83.6,371m,18%,18.55,100,5,5,0
Fri 22:19:00,317m,15%,15.85,1672,83,83.6,667m,33%,33.35,100,5,5,0
Fri 22:20:00,269m,13%,13.45,1535,76,76.75,695m,34%,34.75,100,5,5,0
Fri 22:21:00,297m,14%,14.85,1535,76,76.75,673m,33%,33.65,100,5,5,0
Fri 22:22:00,254m,12%,12.7,1535,76,76.75,553m,27%,27.65,100,5,5,0
Fri 22:23:00,314m,15%,15.7,1535,76,76.75,662m,33%,33.1,100,5,5,0
Fri 22:24:00,219m,10%,10.95,1398,69,69.9,515m,25%,25.75,100,5,5,0
Fri 22:25:00,279m,13%,13.95,1398,69,69.9,623m,31%,31.15,100,5,5,0
Fri 22:26:00,315m,15%,15.75,1398,69,69.9,659m,32%,32.95,100,5,5,0
Fri 22:27:00,273m,13%,13.65,1398,69,69.9,716m,35%,35.8,100,5,5,0
Fri 22:28:00,207m,10%,10.35,1398,69,69.9,371m,18%,18.55,100,5,5,0
Fri 22:29:00,322m,16%,16.1,1261,63,63.05,683m,34%,34.15,100,5,5,0
Fri 22:30:00,353m,17%,17.65,1261,63,63.05,865m,43%,43.25,100,5,5,0
Fri 22:31:01,202m,10%,10.1,1261,63,63.05,475m,23%,23.75,100,5,5,0
Fri 22:32:00,276m,13%,13.8,1398,69,69.9,629m,31%,31.45,100,5,5,0
Fri 22:33:00,326m,16%,16.3,1261,63,63.05,666m,33%,33.3,100,5,5,0
Fri 22:34:00,352m,17%,17.6,1261,63,63.05,850m,42%,42.5,100,5,5,0
Fri 22:35:00,203m,10%,10.15,1261,63,63.05,472m,23%,23.6,100,5,5,0
Fri 22:36:00,278m,13%,13.9,1398,69,69.9,635m,31%,31.75,100,5,5,0
Fri 22:37:00,325m,16%,16.25,1261,63,63.05,660m,33%,33,100,5,5,0
Fri 22:38:00,353m,17%,17.65,1261,63,63.05,865m,43%,43.25,100,5,5,0
Fri 22:39:00,206m,10%,10.3,1261,63,63.05,485m,24%,24.25,100,5,5,0
Fri 22:40:00,274m,13%,13.7,1398,69,69.9,631m,31%,31.55,100,5,5,0
Fri 22:41:00,323m,16%,16.15,1261,63,63.05,657m,32%,32.85,100,5,5,0
Fri 22:42:00,353m,17%,17.65,1261,63,63.05,864m,43%,43.2,100,5,5,0
Fri 22:43:00,205m,10%,10.25,1261,63,63.05,482m,24%,24.1,100,5,5,0
Fri 22:44:00,277m,13%,13.85,1398,69,69.9,636m,31%,31.8,100,5,5,0
Fri 22:45:00,323m,16%,16.15,1398,69,69.9,651m,32%,32.55,100,5,5,0
Fri 22:46:02,417m,20%,20.85,1398,69,69.9,930m,46%,46.5,100,5,5,0
Fri 22:47:01,417m,20%,20.85,1398,69,69.9,930m,46%,46.5,100,5,5,0
Fri 22:48:01,437m,21%,21.85,1535,76,76.75,1009m,50%,50.45,100,5,5,0
Fri 22:49:01,472m,23%,23.6,1535,76,76.75,1005m,50%,50.25,100,5,5,0
Fri 22:50:01,433m,21%,21.65,1535,76,76.75,1015m,50%,50.75,100,5,5,0
Fri 22:51:01,439m,21%,21.95,1535,76,76.75,1021m,51%,51.05,100,5,5,0
Fri 22:52:01,438m,21%,21.9,1535,76,76.75,1006m,50%,50.3,100,5,5,0
Fri 22:53:01,444m,22%,22.2,1535,76,76.75,1014m,50%,50.7,100,5,5,0
Fri 22:54:03,451m,22%,22.55,1535,76,76.75,986m,49%,49.3,100,5,5,0
Fri 22:55:00,451m,22%,22.55,1535,76,76.75,986m,49%,49.3,100,5,5,0
Fri 22:56:03,447m,22%,22.35,1535,76,76.75,965m,48%,48.25,100,5,5,0
Fri 22:57:00,447m,22%,22.35,1535,76,76.75,965m,48%,48.25,100,5,5,0
Fri 22:58:02,440m,22%,22,1535,76,76.75,984m,49%,49.2,100,5,5,0
Fri 22:59:01,440m,22%,22,1535,76,76.75,984m,49%,49.2,100,5,5,0
Fri 23:00:03,472m,23%,23.6,1535,76,76.75,963m,48%,48.15,100,5,5,0
Fri 23:01:03,472m,23%,23.6,1535,76,76.75,963m,48%,48.15,100,5,5,0
Fri 23:02:02,454m,22%,22.7,1535,76,76.75,967m,48%,48.35,100,5,5,0
Fri 23:03:02,454m,22%,22.7,1535,76,76.75,967m,48%,48.35,100,5,5,0
Fri 23:04:03,461m,23%,23.05,1535,76,76.75,960m,48%,48,100,5,5,0
Fri 23:05:02,454m,22%,22.7,1535,76,76.75,967m,48%,48.35,100,5,5,0
Fri 23:06:03,437m,21%,21.85,1535,76,76.75,976m,48%,48.8,100,5,5,0
Fri 23:07:03,437m,21%,21.85,1535,76,76.75,976m,48%,48.8,100,5,5,0
Fri 23:08:03,452m,22%,22.6,1535,76,76.75,954m,47%,47.7,100,5,5,0
Fri 23:09:03,452m,22%,22.6,1535,76,76.75,954m,47%,47.7,100,5,5,0
Fri 23:10:02,457m,22%,22.85,1535,76,76.75,955m,47%,47.75,100,5,5,0
Fri 23:11:02,457m,22%,22.85,1535,76,76.75,955m,47%,47.75,100,5,5,0
Fri 23:12:02,450m,22%,22.5,1398,69,69.9,980m,49%,49,100,5,5,0
Fri 23:13:02,450m,22%,22.5,1398,69,69.9,980m,49%,49,100,5,5,0
Fri 23:14:03,457m,22%,22.85,1672,83,83.6,975m,48%,48.75,237,11,11.85,0
Fri 23:15:03,457m,22%,22.85,1672,83,83.6,975m,48%,48.75,237,11,11.85,0
Fri 23:16:01,454m,22%,22.7,1672,83,83.6,985m,49%,49.25,237,11,11.85,0
Fri 23:17:01,457m,22%,22.85,1672,83,83.6,988m,49%,49.4,374,18,18.7,0
Fri 23:18:01,484m,24%,24.2,1672,83,83.6,1029m,51%,51.45,374,18,18.7,0
Fri 23:19:01,449m,22%,22.45,1672,83,83.6,1007m,50%,50.35,374,18,18.7,0
Fri 23:20:01,450m,22%,22.5,1672,83,83.6,998m,49%,49.9,374,18,18.7,0
Fri 23:21:01,450m,22%,22.5,1672,83,83.6,998m,49%,49.9,374,18,18.7,0
Fri 23:22:03,449m,22%,22.45,1672,83,83.6,985m,49%,49.25,374,18,18.7,0
Fri 23:23:03,449m,22%,22.45,1672,83,83.6,985m,49%,49.25,374,18,18.7,0
Fri 23:24:03,453m,22%,22.65,1809,90,90.45,957m,47%,47.85,374,18,18.7,0
Fri 23:25:03,453m,22%,22.65,1809,90,90.45,957m,47%,47.85,374,18,18.7,0
Fri 23:26:02,486m,24%,24.3,1809,90,90.45,971m,48%,48.55,374,18,18.7,0
Fri 23:27:02,486m,24%,24.3,1809,90,90.45,971m,48%,48.55,374,18,18.7,0
Fri 23:28:03,494m,24%,24.7,1946,97,97.3,961m,48%,48.05,374,18,18.7,0
Fri 23:29:02,494m,24%,24.7,1809,90,90.45,961m,48%,48.05,374,18,18.7,0
Fri 23:30:02,493m,24%,24.65,1809,90,90.45,954m,47%,47.7,374,18,18.7,0
Fri 23:31:02,493m,24%,24.65,1809,90,90.45,954m,47%,47.7,374,18,18.7,0
Fri 23:32:02,478m,23%,23.9,1809,90,90.45,956m,47%,47.8,374,18,18.7,0
Fri 23:33:02,523m,26%,26.15,1809,90,90.45,950m,47%,47.5,374,18,18.7,0
Fri 23:34:01,495m,24%,24.75,1809,90,90.45,932m,46%,46.6,374,18,18.7,0
Fri 23:35:01,513m,25%,25.65,1809,90,90.45,948m,47%,47.4,374,18,18.7,0
Fri 23:36:01,510m,25%,25.5,1672,83,83.6,953m,47%,47.65,374,18,18.7,0
Fri 23:37:01,513m,25%,25.65,1946,97,97.3,959m,47%,47.95,511,25,25.55,0
Fri 23:38:02,547m,27%,27.35,1946,97,97.3,957m,47%,47.85,648,32,32.4,0
Fri 23:39:01,546m,27%,27.3,1946,97,97.3,932m,46%,46.6,648,32,32.4,0
Fri 23:40:01,467m,23%,23.35,1946,97,97.3,743m,37%,37.15,648,32,32.4,0
Fri 23:41:02,443m,22%,22.15,1946,97,97.3,669m,33%,33.45,648,32,32.4,0
Fri 23:42:01,478m,23%,23.9,1946,97,97.3,783m,39%,39.15,785,39,39.25,0
Fri 23:43:01,498m,24%,24.9,1946,97,97.3,740m,37%,37,785,39,39.25,0
Fri 23:44:01,385m,19%,19.25,1946,97,97.3,575m,28%,28.75,785,39,39.25,0
Fri 23:45:02,335m,16%,16.75,1946,97,97.3,546m,27%,27.3,785,39,39.25,0
Fri 23:46:02,389m,19%,19.45,1946,97,97.3,460m,23%,23,785,39,39.25,0
Fri 23:47:01,576m,28%,28.8,1946,97,97.3,967m,48%,48.35,1881,94,94.05,0
Fri 23:48:01,273m,13%,13.65,1946,97,97.3,455m,22%,22.75,1881,94,94.05,0
Fri 23:49:00,193m,9%,9.65,1946,97,97.3,82m,4%,4.1,1881,94,94.05,2
Fri 23:50:01,188m,9%,9.4,1946,97,97.3,83m,4%,4.15,1881,94,94.05,2
Fri 23:51:01,189m,9%,9.45,1946,97,97.3,82m,4%,4.1,1881,94,94.05,2
Fri 23:52:01,174m,8%,8.7,1946,97,97.3,79m,3%,3.95,1881,94,94.05,2
Fri 23:53:01,188m,9%,9.4,1946,97,97.3,84m,4%,4.2,1881,94,94.05,0
Fri 23:54:01,222m,11%,11.1,1946,97,97.3,91m,4%,4.55,1881,94,94.05,0
Fri 23:55:02,175m,8%,8.75,1946,97,97.3,77m,3%,3.85,1881,94,94.05,0
Fri 23:56:02,175m,8%,8.75,1946,97,97.3,77m,3%,3.85,1881,94,94.05,0
Fri 23:57:02,229m,11%,11.45,1946,97,97.3,107m,5%,5.35,1881,94,94.05,0
Fri 23:58:02,296m,14%,14.8,1946,97,97.3,109m,5%,5.45,1881,94,94.05,0
Fri 23:59:02,296m,14%,14.8,1946,97,97.3,109m,5%,5.45,1881,94,94.05,0
Sat 00:00:02,213m,10%,10.65,1946,97,97.3,104m,5%,5.2,1881,94,94.05,0
Sat 00:01:02,214m,10%,10.7,1946,97,97.3,120m,6%,6,1881,94,94.05,0
Sat 00:02:01,254m,12%,12.7,1946,97,97.3,100m,5%,5,1881,94,94.05,0
Sat 00:03:01,211m,10%,10.55,1946,97,97.3,100m,5%,5,1881,94,94.05,0
Sat 00:04:03,217m,10%,10.85,1946,97,97.3,105m,5%,5.25,1881,94,94.05,2
Sat 00:05:02,206m,10%,10.3,1946,97,97.3,97m,4%,4.85,1881,94,94.05,2
Sat 00:06:02,206m,10%,10.3,1946,97,97.3,97m,4%,4.85,1881,94,94.05,2
Sat 00:07:03,590m,29%,29.5,1672,83,83.6,894m,44%,44.7,1744,87,87.2,0
Sat 00:08:03,590m,29%,29.5,1672,83,83.6,894m,44%,44.7,1744,87,87.2,0
Sat 00:09:02,607m,30%,30.35,1809,90,90.45,894m,44%,44.7,1744,87,87.2,0
Sat 00:10:02,607m,30%,30.35,1809,90,90.45,894m,44%,44.7,1744,87,87.2,0
Sat 00:11:04,625m,31%,31.25,1672,83,83.6,908m,45%,45.4,1607,80,80.35,0
Sat 00:12:04,625m,31%,31.25,1672,83,83.6,908m,45%,45.4,1607,80,80.35,0
Sat 00:13:02,628m,31%,31.4,1809,90,90.45,876m,43%,43.8,1607,80,80.35,0
Sat 00:14:02,628m,31%,31.4,1809,90,90.45,876m,43%,43.8,1607,80,80.35,0
Sat 00:15:03,624m,31%,31.2,1672,83,83.6,873m,43%,43.65,511,25,25.55,0
Sat 00:16:03,624m,31%,31.2,1672,83,83.6,873m,43%,43.65,511,25,25.55,0
Sat 00:17:02,627m,31%,31.35,1672,83,83.6,858m,42%,42.9,374,18,18.7,0
Sat 00:18:02,627m,31%,31.35,1672,83,83.6,858m,42%,42.9,374,18,18.7,0
Sat 00:19:03,613m,30%,30.65,1809,90,90.45,856m,42%,42.8,374,18,18.7,0
Sat 00:20:02,613m,30%,30.65,1809,90,90.45,856m,42%,42.8,374,18,18.7,0
Sat 00:21:01,616m,30%,30.8,1809,90,90.45,882m,44%,44.1,374,18,18.7,0
Sat 00:22:01,605m,30%,30.25,1672,83,83.6,895m,44%,44.75,374,18,18.7,0
Sat 00:23:02,607m,30%,30.35,1672,83,83.6,881m,44%,44.05,374,18,18.7,0
Sat 00:24:03,608m,30%,30.4,1672,83,83.6,875m,43%,43.75,374,18,18.7,0
Sat 00:25:03,608m,30%,30.4,1672,83,83.6,875m,43%,43.75,374,18,18.7,0
Sat 00:26:02,593m,29%,29.65,1946,97,97.3,979m,48%,48.95,1881,94,94.05,0
Sat 00:27:01,252m,12%,12.6,1946,97,97.3,109m,5%,5.45,1881,94,94.05,0
Sat 00:28:02,250m,12%,12.5,1946,97,97.3,105m,5%,5.25,1881,94,94.05,0
Sat 00:29:02,217m,10%,10.85,1946,97,97.3,99m,4%,4.95,1881,94,94.05,0
Sat 00:30:02,252m,12%,12.6,1946,97,97.3,117m,5%,5.85,1881,94,94.05,0
Sat 00:31:02,216m,10%,10.8,1946,97,97.3,94m,4%,4.7,1881,94,94.05,0
Sat 00:32:02,216m,10%,10.8,1946,97,97.3,99m,4%,4.95,1881,94,94.05,2
Sat 00:33:02,216m,10%,10.8,1946,97,97.3,104m,5%,5.2,1881,94,94.05,2
Sat 00:34:02,213m,10%,10.65,1946,97,97.3,98m,4%,4.9,1881,94,94.05,2
Sat 00:35:01,207m,10%,10.35,1946,97,97.3,105m,5%,5.25,1881,94,94.05,0
Sat 00:36:02,217m,10%,10.85,1946,97,97.3,142m,7%,7.1,1881,94,94.05,2
Sat 00:37:03,218m,10%,10.9,1946,97,97.3,99m,4%,4.95,1881,94,94.05,2
Sat 00:38:01,206m,10%,10.3,1946,97,97.3,99m,4%,4.95,1881,94,94.05,0
Sat 00:39:02,244m,12%,12.2,1946,97,97.3,105m,5%,5.25,1881,94,94.05,0
Sat 00:40:01,210m,10%,10.5,1946,97,97.3,103m,5%,5.15,1881,94,94.05,0
Sat 00:41:03,252m,12%,12.6,1946,97,97.3,166m,8%,8.3,1881,94,94.05,2
Sat 00:42:02,209m,10%,10.45,1946,97,97.3,102m,5%,5.1,1881,94,94.05,0
Sat 00:43:02,200m,10%,10,1946,97,97.3,94m,4%,4.7,1881,94,94.05,0
Sat 00:44:02,235m,11%,11.75,1946,97,97.3,101m,5%,5.05,1881,94,94.05,0
Sat 00:45:01,203m,10%,10.15,1946,97,97.3,100m,5%,5,1881,94,94.05,2
Sat 00:46:01,203m,10%,10.15,1946,97,97.3,97m,4%,4.85,1881,94,94.05,2
Sat 00:47:01,181m,9%,9.05,1946,97,97.3,84m,4%,4.2,1881,94,94.05,0
Sat 00:48:00,176m,8%,8.8,1946,97,97.3,79m,3%,3.95,1881,94,94.05,0
Sat 00:49:00,109m,5%,5.45,1946,97,97.3,47m,2%,2.35,1881,94,94.05,0
Sat 00:50:00,100m,5%,5,1946,97,97.3,44m,2%,2.2,1881,94,94.05,2
Sat 00:51:00,105m,5%,5.25,1946,97,97.3,44m,2%,2.2,1881,94,94.05,2
Sat 00:52:00,103m,5%,5.15,1946,97,97.3,44m,2%,2.2,1881,94,94.05,2
Sat 00:53:00,99m,4%,4.95,1946,97,97.3,44m,2%,2.2,1881,94,94.05,2
Sat 00:54:00,103m,5%,5.15,1946,97,97.3,44m,2%,2.2,1881,94,94.05,0
Sat 00:55:00,168m,8%,8.4,1946,97,97.3,218m,10%,10.9,1881,94,94.05,0
Sat 00:56:00,123m,6%,6.15,1946,97,97.3,54m,2%,2.7,1881,94,94.05,0
Sat 00:57:00,104m,5%,5.2,1946,97,97.3,45m,2%,2.25,1881,94,94.05,0
Sat 00:58:00,109m,5%,5.45,1946,97,97.3,45m,2%,2.25,1881,94,94.05,0
Sat 00:59:00,118m,5%,5.9,1946,97,97.3,49m,2%,2.45,1881,94,94.05,0
Sat 01:00:00,106m,5%,5.3,1946,97,97.3,45m,2%,2.25,1881,94,94.05,0
Sat 01:01:00,101m,5%,5.05,1946,97,97.3,43m,2%,2.15,1881,94,94.05,0
Sat 01:02:00,103m,5%,5.15,1946,97,97.3,43m,2%,2.15,1881,94,94.05,0
Sat 01:03:00,109m,5%,5.45,1946,97,97.3,47m,2%,2.35,1881,94,94.05,2
Sat 01:04:00,109m,5%,5.45,1946,97,97.3,46m,2%,2.3,1881,94,94.05,0
Sat 01:05:00,108m,5%,5.4,1946,97,97.3,60m,3%,3,1881,94,94.05,0
Sat 01:06:00,100m,5%,5,1946,97,97.3,45m,2%,2.25,1881,94,94.05,0
Sat 01:07:00,98m,4%,4.9,1946,97,97.3,42m,2%,2.1,1881,94,94.05,0
Sat 01:08:00,259m,12%,12.95,1946,97,97.3,375m,18%,18.75,1881,94,94.05,0
Sat 01:09:00,119m,5%,5.95,1809,90,90.45,47m,2%,2.35,1744,87,87.2,0
Sat 01:10:00,387m,19%,19.35,1809,90,90.45,654m,32%,32.7,1744,87,87.2,0
Sat 01:11:00,211m,10%,10.55,1809,90,90.45,281m,14%,14.05,1744,87,87.2,0
Sat 01:12:00,348m,17%,17.4,1809,90,90.45,553m,27%,27.65,1744,87,87.2,0
Sat 01:13:00,340m,17%,17,1809,90,90.45,545m,27%,27.25,1744,87,87.2,0
Sat 01:14:00,330m,16%,16.5,1809,90,90.45,555m,27%,27.75,1744,87,87.2,0
Sat 01:15:00,182m,9%,9.1,1946,97,97.3,223m,11%,11.15,1744,87,87.2,0
Sat 01:16:00,309m,15%,15.45,1809,90,90.45,484m,24%,24.2,1744,87,87.2,0
Sat 01:17:00,358m,17%,17.9,1809,90,90.45,632m,31%,31.6,1744,87,87.2,0
Sat 01:18:00,275m,13%,13.75,1809,90,90.45,419m,20%,20.95,1744,87,87.2,0
Sat 01:19:00,302m,15%,15.1,1946,97,97.3,473m,23%,23.65,1744,87,87.2,0
Sat 01:20:00,280m,14%,14,1946,97,97.3,422m,21%,21.1,1744,87,87.2,0
Sat 01:21:00,202m,10%,10.1,1946,97,97.3,255m,12%,12.75,1744,87,87.2,0
Sat 01:22:00,199m,9%,9.95,1946,97,97.3,227m,11%,11.35,1744,87,87.2,0
Sat 01:23:00,223m,11%,11.15,1946,97,97.3,308m,15%,15.4,237,11,11.85,0
Sat 01:24:00,386m,19%,19.3,1809,90,90.45,592m,29%,29.6,237,11,11.85,0
Sat 01:25:00,499m,24%,24.95,1809,90,90.45,810m,40%,40.5,237,11,11.85,0
Sat 01:26:00,233m,11%,11.65,1809,90,90.45,299m,14%,14.95,237,11,11.85,0
Sat 01:27:00,307m,15%,15.35,1809,90,90.45,430m,21%,21.5,374,18,18.7,0
Sat 01:28:00,415m,20%,20.75,1946,97,97.3,625m,31%,31.25,1881,94,94.05,0
Sat 01:29:00,285m,14%,14.25,1946,97,97.3,454m,22%,22.7,1881,94,94.05,0
Sat 01:30:00,115m,5%,5.75,1946,97,97.3,54m,2%,2.7,1881,94,94.05,0
Sat 01:31:00,106m,5%,5.3,1946,97,97.3,45m,2%,2.25,1881,94,94.05,0
Sat 01:32:00,101m,5%,5.05,1946,97,97.3,44m,2%,2.2,1881,94,94.05,0
Sat 01:33:00,105m,5%,5.25,1946,97,97.3,46m,2%,2.3,1881,94,94.05,0
Sat 01:34:00,107m,5%,5.35,1946,97,97.3,59m,2%,2.95,1881,94,94.05,0
Sat 01:35:00,98m,4%,4.9,1946,97,97.3,45m,2%,2.25,1881,94,94.05,2
Sat 01:36:00,100m,5%,5,1946,97,97.3,42m,2%,2.1,1881,94,94.05,0
Sat 01:37:00,114m,5%,5.7,1946,97,97.3,47m,2%,2.35,1881,94,94.05,0
Sat 01:38:00,104m,5%,5.2,1946,97,97.3,43m,2%,2.15,1881,94,94.05,0
Sat 01:39:00,99m,4%,4.95,1946,97,97.3,42m,2%,2.1,1881,94,94.05,2
Sat 01:40:00,104m,5%,5.2,1946,97,97.3,44m,2%,2.2,1881,94,94.05,0
Sat 01:41:00,115m,5%,5.75,1946,97,97.3,45m,2%,2.25,1881,94,94.05,0
Sat 01:42:00,101m,5%,5.05,1946,97,97.3,44m,2%,2.2,1881,94,94.05,0
Sat 01:43:00,98m,4%,4.9,1946,97,97.3,42m,2%,2.1,1881,94,94.05,2
Sat 01:44:00,100m,5%,5,1946,97,97.3,44m,2%,2.2,1881,94,94.05,0
Sat 01:45:00,112m,5%,5.6,1946,97,97.3,45m,2%,2.25,1881,94,94.05,0
Sat 01:46:00,100m,5%,5,1946,97,97.3,43m,2%,2.15,1881,94,94.05,0
Sat 01:47:00,100m,5%,5,1946,97,97.3,43m,2%,2.15,1881,94,94.05,2
Sat 01:48:00,101m,5%,5.05,1946,97,97.3,42m,2%,2.1,1881,94,94.05,0
Sat 01:49:00,113m,5%,5.65,1946,97,97.3,45m,2%,2.25,1881,94,94.05,0
Sat 01:50:00,101m,5%,5.05,1946,97,97.3,43m,2%,2.15,1881,94,94.05,0
Sat 01:51:00,97m,4%,4.85,1946,97,97.3,42m,2%,2.1,1881,94,94.05,2
Sat 01:52:00,102m,5%,5.1,1946,97,97.3,42m,2%,2.1,1881,94,94.05,0
Sat 01:53:00,127m,6%,6.35,1946,97,97.3,51m,2%,2.55,1881,94,94.05,0
Sat 01:54:00,103m,5%,5.15,1946,97,97.3,43m,2%,2.15,1881,94,94.05,0
Sat 01:55:00,99m,4%,4.95,1946,97,97.3,43m,2%,2.15,1881,94,94.05,0
Sat 01:56:00,102m,5%,5.1,1946,97,97.3,42m,2%,2.1,1881,94,94.05,0
Sat 01:57:00,119m,5%,5.95,1946,97,97.3,64m,3%,3.2,1744,87,87.2,0
Sat 01:58:00,156m,7%,7.8,1946,97,97.3,188m,9%,9.4,1881,94,94.05,0
Sat 01:59:00,103m,5%,5.15,1946,97,97.3,72m,3%,3.6,1881,94,94.05,0
Sat 02:00:00,102m,5%,5.1,1946,97,97.3,45m,2%,2.25,1881,94,94.05,0
Sat 02:01:01,100m,5%,5,1946,97,97.3,43m,2%,2.15,1881,94,94.05,0
Sat 02:02:00,95m,4%,4.75,1946,97,97.3,43m,2%,2.15,1744,87,87.2,0
Sat 02:03:00,202m,10%,10.1,1946,97,97.3,252m,12%,12.6,1881,94,94.05,0
Sat 02:04:00,111m,5%,5.55,1946,97,97.3,55m,2%,2.75,1881,94,94.05,0
Sat 02:05:00,98m,4%,4.9,1946,97,97.3,43m,2%,2.15,1881,94,94.05,0
Sat 02:06:00,120m,6%,6,1946,97,97.3,48m,2%,2.4,1881,94,94.05,0
Sat 02:07:00,100m,5%,5,1946,97,97.3,42m,2%,2.1,1881,94,94.05,0
Sat 02:08:00,99m,4%,4.95,1946,97,97.3,42m,2%,2.1,1881,94,94.05,0
Sat 02:09:00,102m,5%,5.1,1946,97,97.3,42m,2%,2.1,1881,94,94.05,0
Sat 02:10:00,116m,5%,5.8,1946,97,97.3,48m,2%,2.4,1881,94,94.05,0
Sat 02:11:00,101m,5%,5.05,1946,97,97.3,42m,2%,2.1,1881,94,94.05,0
Sat 02:12:00,100m,5%,5,1946,97,97.3,42m,2%,2.1,1881,94,94.05,0
Sat 02:13:00,99m,4%,4.95,1946,97,97.3,43m,2%,2.15,1881,94,94.05,0
Sat 02:14:00,114m,5%,5.7,1946,97,97.3,47m,2%,2.35,1881,94,94.05,0
Sat 02:15:00,101m,5%,5.05,1946,97,97.3,44m,2%,2.2,1881,94,94.05,2
Sat 02:16:00,101m,5%,5.05,1946,97,97.3,43m,2%,2.15,1881,94,94.05,2
Sat 02:17:00,100m,5%,5,1946,97,97.3,44m,2%,2.2,1881,94,94.05,0
Sat 02:18:00,112m,5%,5.6,1946,97,97.3,45m,2%,2.25,1881,94,94.05,0
Sat 02:19:00,103m,5%,5.15,1946,97,97.3,44m,2%,2.2,1881,94,94.05,0
Sat 02:20:00,101m,5%,5.05,1946,97,97.3,42m,2%,2.1,1881,94,94.05,0
Sat 02:21:00,101m,5%,5.05,1946,97,97.3,43m,2%,2.15,1881,94,94.05,0
Sat 02:22:00,125m,6%,6.25,1946,97,97.3,52m,2%,2.6,1881,94,94.05,0
Sat 02:23:00,103m,5%,5.15,1946,97,97.3,43m,2%,2.15,1881,94,94.05,2
Sat 02:24:00,100m,5%,5,1946,97,97.3,42m,2%,2.1,1881,94,94.05,2
Sat 02:25:00,99m,4%,4.95,1946,97,97.3,42m,2%,2.1,1881,94,94.05,0
Sat 02:26:00,116m,5%,5.8,1946,97,97.3,62m,3%,3.1,511,25,25.55,0
Sat 02:27:00,334m,16%,16.7,1946,97,97.3,622m,31%,31.1,648,32,32.4,0
Sat 02:28:00,183m,9%,9.15,1946,97,97.3,181m,9%,9.05,648,32,32.4,0
Sat 02:29:00,158m,7%,7.9,1946,97,97.3,190m,9%,9.5,648,32,32.4,0
Sat 02:30:00,132m,6%,6.6,1946,97,97.3,169m,8%,8.45,648,32,32.4,0
Sat 02:31:00,123m,6%,6.15,1946,97,97.3,55m,2%,2.75,785,39,39.25,0
Sat 02:32:00,154m,7%,7.7,1946,97,97.3,200m,10%,10,648,32,32.4,0
Sat 02:33:00,154m,7%,7.7,1946,97,97.3,193m,9%,9.65,648,32,32.4,0
Sat 02:34:00,136m,6%,6.8,1946,97,97.3,142m,7%,7.1,648,32,32.4,0
Sat 02:35:00,188m,9%,9.4,1946,97,97.3,250m,12%,12.5,785,39,39.25,0
Sat 02:36:00,137m,6%,6.85,1946,97,97.3,188m,9%,9.4,785,39,39.25,0
Sat 02:37:00,118m,5%,5.9,1946,97,97.3,46m,2%,2.3,785,39,39.25,0
Sat 02:38:00,153m,7%,7.65,1946,97,97.3,184m,9%,9.2,785,39,39.25,0
Sat 02:39:00,169m,8%,8.45,1946,97,97.3,199m,9%,9.95,1881,94,94.05,0
Sat 02:40:00,120m,6%,6,1946,97,97.3,130m,6%,6.5,1881,94,94.05,0
Sat 02:41:00,100m,5%,5,1946,97,97.3,44m,2%,2.2,1881,94,94.05,0
Sat 02:42:00,99m,4%,4.95,1946,97,97.3,44m,2%,2.2,1881,94,94.05,0
Sat 02:43:00,112m,5%,5.6,1946,97,97.3,46m,2%,2.3,1881,94,94.05,2
Sat 02:44:00,101m,5%,5.05,1946,97,97.3,44m,2%,2.2,1881,94,94.05,2
Sat 02:45:00,98m,4%,4.9,1946,97,97.3,42m,2%,2.1,1881,94,94.05,2
Sat 02:46:00,100m,5%,5,1946,97,97.3,42m,2%,2.1,1881,94,94.05,0
Sat 02:47:00,112m,5%,5.6,1946,97,97.3,45m,2%,2.25,1881,94,94.05,2
Sat 02:48:00,100m,5%,5,1946,97,97.3,43m,2%,2.15,1881,94,94.05,2
Sat 02:49:00,99m,4%,4.95,1946,97,97.3,42m,2%,2.1,1881,94,94.05,2
Sat 02:50:00,98m,4%,4.9,1946,97,97.3,43m,2%,2.15,1881,94,94.05,0
Sat 02:51:00,126m,6%,6.3,1946,97,97.3,49m,2%,2.45,1881,94,94.05,2
Sat 02:52:00,103m,5%,5.15,1946,97,97.3,43m,2%,2.15,1881,94,94.05,2
Sat 02:53:00,96m,4%,4.8,1946,97,97.3,41m,2%,2.05,1881,94,94.05,2
Sat 02:54:00,99m,4%,4.95,1946,97,97.3,43m,2%,2.15,1881,94,94.05,0
Sat 02:55:00,115m,5%,5.75,1946,97,97.3,61m,3%,3.05,1881,94,94.05,0
Sat 02:56:00,116m,5%,5.8,1946,97,97.3,63m,3%,3.15,1881,94,94.05,0
Sat 02:57:00,103m,5%,5.15,1946,97,97.3,60m,3%,3,1881,94,94.05,0
Sat 02:58:00,101m,5%,5.05,1946,97,97.3,44m,2%,2.2,1881,94,94.05,0
Sat 02:59:00,98m,4%,4.9,1946,97,97.3,41m,2%,2.05,1881,94,94.05,0
Sat 03:00:00,104m,5%,5.2,1946,97,97.3,42m,2%,2.1,1881,94,94.05,0
Sat 03:01:00,101m,5%,5.05,1946,97,97.3,57m,2%,2.85,1881,94,94.05,0
Sat 03:02:00,99m,4%,4.95,1946,97,97.3,45m,2%,2.25,1881,94,94.05,2
Sat 03:03:00,97m,4%,4.85,1946,97,97.3,43m,2%,2.15,1881,94,94.05,0
Sat 03:04:00,113m,5%,5.65,1946,97,97.3,45m,2%,2.25,1881,94,94.05,0
Sat 03:05:00,136m,6%,6.8,1946,97,97.3,147m,7%,7.35,1881,94,94.05,0
Sat 03:06:00,100m,5%,5,1946,97,97.3,44m,2%,2.2,1881,94,94.05,0
Sat 03:07:00,101m,5%,5.05,1946,97,97.3,41m,2%,2.05,1881,94,94.05,0
Sat 03:08:00,115m,5%,5.75,1946,97,97.3,46m,2%,2.3,785,39,39.25,0
Sat 03:09:00,182m,9%,9.1,1946,97,97.3,229m,11%,11.45,785,39,39.25,0
Sat 03:10:00,103m,5%,5.15,1946,97,97.3,111m,5%,5.55,785,39,39.25,0
Sat 03:11:00,132m,6%,6.6,1809,90,90.45,145m,7%,7.25,785,39,39.25,0
Sat 03:12:00,181m,9%,9.05,1946,97,97.3,276m,13%,13.8,785,39,39.25,0
Sat 03:13:00,154m,7%,7.7,1946,97,97.3,101m,5%,5.05,785,39,39.25,0
Sat 03:14:00,100m,5%,5,1946,97,97.3,94m,4%,4.7,922,46,46.1,0
Sat 03:15:00,137m,6%,6.85,1809,90,90.45,155m,7%,7.75,922,46,46.1,0
Sat 03:16:00,199m,9%,9.95,1809,90,90.45,302m,15%,15.1,922,46,46.1,0
Sat 03:17:00,160m,8%,8,1809,90,90.45,104m,5%,5.2,922,46,46.1,0
Sat 03:18:01,122m,6%,6.1,1672,83,83.6,202m,10%,10.1,922,46,46.1,0
Sat 03:19:00,185m,9%,9.25,1535,76,76.75,260m,13%,13,922,46,46.1,0
Sat 03:20:00,251m,12%,12.55,1535,76,76.75,504m,25%,25.2,922,46,46.1,0
Sat 03:21:00,158m,7%,7.9,1535,76,76.75,110m,5%,5.5,922,46,46.1,0
Sat 03:22:00,116m,5%,5.8,1535,76,76.75,194m,9%,9.7,922,46,46.1,0
Sat 03:23:00,181m,9%,9.05,1535,76,76.75,281m,14%,14.05,785,39,39.25,0
Sat 03:24:00,212m,10%,10.6,1672,83,83.6,343m,17%,17.15,648,32,32.4,0
Sat 03:25:00,218m,10%,10.9,1672,83,83.6,332m,16%,16.6,511,25,25.55,0
Sat 03:26:00,176m,8%,8.8,1672,83,83.6,256m,12%,12.8,511,25,25.55,0
Sat 03:27:00,161m,8%,8.05,1672,83,83.6,117m,5%,5.85,511,25,25.55,0
Sat 03:28:00,120m,6%,6,1672,83,83.6,188m,9%,9.4,511,25,25.55,0
Sat 03:29:00,172m,8%,8.6,1809,90,90.45,263m,13%,13.15,374,18,18.7,0
Sat 03:30:00,182m,9%,9.1,1809,90,90.45,283m,14%,14.15,374,18,18.7,0
Sat 03:31:00,162m,8%,8.1,1809,90,90.45,122m,6%,6.1,374,18,18.7,0
Sat 03:32:00,109m,5%,5.45,1809,90,90.45,172m,8%,8.6,374,18,18.7,0
Sat 03:33:00,192m,9%,9.6,1809,90,90.45,281m,14%,14.05,237,11,11.85,0
Sat 03:34:00,183m,9%,9.15,1809,90,90.45,263m,13%,13.15,237,11,11.85,0
Sat 03:35:00,135m,6%,6.75,1809,90,90.45,172m,8%,8.6,237,11,11.85,0
Sat 03:36:00,141m,7%,7.05,1672,83,83.6,170m,8%,8.5,237,11,11.85,0
Sat 03:37:00,176m,8%,8.8,1809,90,90.45,267m,13%,13.35,237,11,11.85,0
Sat 03:38:00,178m,8%,8.9,1809,90,90.45,138m,6%,6.9,237,11,11.85,0
Sat 03:39:00,107m,5%,5.35,1946,97,97.3,169m,8%,8.45,237,11,11.85,0
Sat 03:40:01,185m,9%,9.25,1946,97,97.3,264m,13%,13.2,237,11,11.85,0
Sat 03:41:00,118m,5%,5.9,1809,90,90.45,139m,6%,6.95,237,11,11.85,0
Sat 03:42:00,230m,11%,11.5,1946,97,97.3,365m,18%,18.25,237,11,11.85,0
Sat 03:43:00,148m,7%,7.4,1946,97,97.3,189m,9%,9.45,100,5,5,0
Sat 03:44:00,159m,7%,7.95,1946,97,97.3,151m,7%,7.55,100,5,5,0
Sat 03:45:00,124m,6%,6.2,1946,97,97.3,145m,7%,7.25,100,5,5,0
Sat 03:46:00,121m,6%,6.05,1946,97,97.3,41m,2%,2.05,100,5,5,0
Sat 03:47:00,142m,7%,7.1,1946,97,97.3,146m,7%,7.3,100,5,5,0
Sat 03:48:00,125m,6%,6.25,1946,97,97.3,150m,7%,7.5,100,5,5,0
Sat 03:49:00,121m,6%,6.05,1946,97,97.3,41m,2%,2.05,237,11,11.85,0
Sat 03:50:00,143m,7%,7.15,1946,97,97.3,158m,7%,7.9,237,11,11.85,0
Sat 03:51:00,121m,6%,6.05,1946,97,97.3,148m,7%,7.4,237,11,11.85,0
Sat 03:52:00,121m,6%,6.05,1946,97,97.3,39m,1%,1.95,237,11,11.85,0
Sat 03:53:00,190m,9%,9.5,1809,90,90.45,255m,12%,12.75,237,11,11.85,0
Sat 03:54:00,279m,13%,13.95,1809,90,90.45,554m,27%,27.7,237,11,11.85,0
Sat 03:55:00,161m,8%,8.05,1809,90,90.45,168m,8%,8.4,237,11,11.85,0
Sat 03:56:00,160m,8%,8,1809,90,90.45,188m,9%,9.4,237,11,11.85,0
Sat 03:57:00,157m,7%,7.85,1946,97,97.3,247m,12%,12.35,237,11,11.85,0
Sat 03:58:00,163m,8%,8.15,1946,97,97.3,127m,6%,6.35,237,11,11.85,0
Sat 03:59:00,197m,9%,9.85,1946,97,97.3,268m,13%,13.4,374,18,18.7,0
Sat 04:00:01,132m,6%,6.6,1946,97,97.3,140m,7%,7,374,18,18.7,0
Sat 04:01:00,113m,5%,5.65,1809,90,90.45,54m,2%,2.7,374,18,18.7,0
Sat 04:02:00,204m,10%,10.2,1809,90,90.45,306m,15%,15.3,374,18,18.7,0
Sat 04:03:00,165m,8%,8.25,1809,90,90.45,250m,12%,12.5,374,18,18.7,0
Sat 04:04:00,156m,7%,7.8,1946,97,97.3,148m,7%,7.4,374,18,18.7,0
Sat 04:05:01,159m,7%,7.95,1946,97,97.3,159m,7%,7.95,374,18,18.7,0
Sat 04:06:00,154m,7%,7.7,1809,90,90.45,177m,8%,8.85,374,18,18.7,0
Sat 04:07:00,217m,10%,10.85,1809,90,90.45,328m,16%,16.4,374,18,18.7,0
Sat 04:08:00,162m,8%,8.1,1672,83,83.6,246m,12%,12.3,374,18,18.7,0
Sat 04:09:00,208m,10%,10.4,1809,90,90.45,309m,15%,15.45,374,18,18.7,0
Sat 04:10:00,165m,8%,8.25,1809,90,90.45,143m,7%,7.15,374,18,18.7,0
Sat 04:11:00,154m,7%,7.7,1672,83,83.6,168m,8%,8.4,374,18,18.7,0
Sat 04:12:00,190m,9%,9.5,1672,83,83.6,276m,13%,13.8,374,18,18.7,0
Sat 04:13:00,173m,8%,8.65,1809,90,90.45,276m,13%,13.8,374,18,18.7,0
Sat 04:14:00,162m,8%,8.1,1809,90,90.45,132m,6%,6.6,374,18,18.7,0
Sat 04:15:00,150m,7%,7.5,1809,90,90.45,174m,8%,8.7,374,18,18.7,0
Sat 04:16:00,172m,8%,8.6,1809,90,90.45,278m,13%,13.9,374,18,18.7,0
Sat 04:17:00,146m,7%,7.3,1809,90,90.45,130m,6%,6.5,374,18,18.7,0
Sat 04:18:00,147m,7%,7.35,1809,90,90.45,173m,8%,8.65,237,11,11.85,0
Sat 04:19:00,215m,10%,10.75,1809,90,90.45,403m,20%,20.15,237,11,11.85,0
Sat 04:20:00,146m,7%,7.3,1809,90,90.45,137m,6%,6.85,237,11,11.85,0
Sat 04:21:00,146m,7%,7.3,1672,83,83.6,173m,8%,8.65,237,11,11.85,0
Sat 04:22:00,185m,9%,9.25,1535,76,76.75,282m,14%,14.1,237,11,11.85,0
Sat 04:23:00,215m,10%,10.75,1535,76,76.75,392m,19%,19.6,237,11,11.85,0
Sat 04:24:00,135m,6%,6.75,1535,76,76.75,191m,9%,9.55,237,11,11.85,0
Sat 04:25:00,141m,7%,7.05,1535,76,76.75,127m,6%,6.35,237,11,11.85,0
Sat 04:26:00,179m,8%,8.95,1535,76,76.75,284m,14%,14.2,237,11,11.85,0
Sat 04:27:00,197m,9%,9.85,1535,76,76.75,304m,15%,15.2,237,11,11.85,0
Sat 04:28:00,222m,11%,11.1,1535,76,76.75,380m,19%,19,100,5,5,0
Sat 04:29:00,169m,8%,8.45,1535,76,76.75,285m,14%,14.25,100,5,5,0
Sat 04:30:00,136m,6%,6.8,1535,76,76.75,128m,6%,6.4,100,5,5,0
Sat 04:31:00,144m,7%,7.2,1535,76,76.75,178m,8%,8.9,100,5,5,0
Sat 04:32:00,170m,8%,8.5,1672,83,83.6,288m,14%,14.4,237,11,11.85,0
Sat 04:33:00,151m,7%,7.55,1672,83,83.6,152m,7%,7.6,237,11,11.85,0
Sat 04:34:00,190m,9%,9.5,1672,83,83.6,289m,14%,14.45,237,11,11.85,0
Sat 04:35:00,140m,7%,7,1672,83,83.6,205m,10%,10.25,237,11,11.85,0
Sat 04:36:00,132m,6%,6.6,1809,90,90.45,91m,4%,4.55,237,11,11.85,0
Sat 04:37:00,183m,9%,9.15,1672,83,83.6,271m,13%,13.55,237,11,11.85,0
Sat 04:38:00,144m,7%,7.2,1672,83,83.6,206m,10%,10.3,237,11,11.85,0
Sat 04:39:00,156m,7%,7.8,1672,83,83.6,167m,8%,8.35,237,11,11.85,0
Sat 04:40:00,172m,8%,8.6,1672,83,83.6,268m,13%,13.4,237,11,11.85,0
Sat 04:41:00,142m,7%,7.1,1809,90,90.45,213m,10%,10.65,237,11,11.85,0
Sat 04:42:00,135m,6%,6.75,1672,83,83.6,86m,4%,4.3,237,11,11.85,0
Sat 04:43:00,236m,11%,11.8,1672,83,83.6,456m,22%,22.8,237,11,11.85,0
Sat 04:44:00,141m,7%,7.05,1672,83,83.6,221m,11%,11.05,237,11,11.85,0
Sat 04:45:00,121m,6%,6.05,1672,83,83.6,75m,3%,3.75,237,11,11.85,0
Sat 04:46:00,173m,8%,8.65,1672,83,83.6,281m,14%,14.05,237,11,11.85,0
Sat 04:47:00,144m,7%,7.2,1672,83,83.6,223m,11%,11.15,237,11,11.85,0
Sat 04:48:00,125m,6%,6.25,1672,83,83.6,79m,3%,3.95,237,11,11.85,0
Sat 04:49:00,170m,8%,8.5,1672,83,83.6,274m,13%,13.7,237,11,11.85,0
Sat 04:50:00,143m,7%,7.15,1672,83,83.6,223m,11%,11.15,374,18,18.7,0
Sat 04:51:00,127m,6%,6.35,1809,90,90.45,94m,4%,4.7,374,18,18.7,0
Sat 04:52:00,184m,9%,9.2,1809,90,90.45,292m,14%,14.6,374,18,18.7,0
Sat 04:53:00,147m,7%,7.35,1809,90,90.45,235m,11%,11.75,374,18,18.7,0
Sat 04:54:00,117m,5%,5.85,1809,90,90.45,64m,3%,3.2,374,18,18.7,0
Sat 04:55:00,165m,8%,8.25,1809,90,90.45,272m,13%,13.6,374,18,18.7,0
Sat 04:56:00,181m,9%,9.05,1809,90,90.45,269m,13%,13.45,511,25,25.55,0
Sat 04:57:00,188m,9%,9.4,1809,90,90.45,300m,15%,15,511,25,25.55,0
Sat 04:58:00,151m,7%,7.55,1809,90,90.45,244m,12%,12.2,511,25,25.55,0
Sat 04:59:01,112m,5%,5.6,1809,90,90.45,44m,2%,2.2,511,25,25.55,0
Sat 05:00:00,159m,7%,7.95,1809,90,90.45,257m,12%,12.85,374,18,18.7,0
