Fri 17:00:00,93m,4%,4.65,850,42,42.5,26m,1%,1.3,100,5,5
Fri 17:01:00,91m,4%,4.55,850,42,42.5,26m,1%,1.3,174,8,8.7
Fri 17:02:00,91m,4%,4.55,850,42,42.5,41m,2%,2.05,248,12,12.4
Fri 17:03:00,92m,4%,4.6,850,42,42.5,42m,2%,2.1,322,16,16.1
Fri 17:04:00,89m,4%,4.45,850,42,42.5,42m,2%,2.1,396,19,19.8
Fri 17:05:00,90m,4%,4.5,850,42,42.5,43m,2%,2.15,470,23,23.5
Fri 17:06:00,92m,4%,4.6,850,42,42.5,46m,2%,2.3,544,27,27.2
Fri 17:07:00,91m,4%,4.55,850,42,42.5,45m,2%,2.25,618,30,30.9
Fri 17:08:00,94m,4%,4.7,924,46,46.2,48m,2%,2.4,618,30,30.9
Fri 17:09:00,96m,4%,4.8,924,46,46.2,38m,1%,1.9,618,30,30.9
Fri 17:10:01,91m,4%,4.55,924,46,46.2,49m,2%,2.45,618,30,30.9
Fri 17:11:00,87m,4%,4.35,924,46,46.2,50m,2%,2.5,618,30,30.9
Fri 17:12:00,89m,4%,4.45,924,46,46.2,37m,1%,1.85,544,27,27.2
Fri 17:13:00,90m,4%,4.5,924,46,46.2,52m,2%,2.6,544,27,27.2
Fri 17:14:00,95m,4%,4.75,924,46,46.2,52m,2%,2.6,544,27,27.2
Fri 17:15:00,95m,4%,4.75,924,46,46.2,52m,2%,2.6,544,27,27.2
Fri 17:16:00,93m,4%,4.65,924,46,46.2,52m,2%,2.6,618,30,30.9
Fri 17:17:00,93m,4%,4.65,924,46,46.2,49m,2%,2.45,618,30,30.9
Fri 17:18:01,103m,5%,5.15,924,46,46.2,40m,2%,2,618,30,30.9
Fri 17:19:00,96m,4%,4.8,924,46,46.2,52m,2%,2.6,618,30,30.9
Fri 17:20:00,99m,4%,4.95,924,46,46.2,54m,2%,2.7,618,30,30.9
Fri 17:21:00,100m,5%,5,924,46,46.2,55m,2%,2.75,618,30,30.9
Fri 17:22:00,96m,4%,4.8,924,46,46.2,53m,2%,2.65,544,27,27.2
Fri 17:23:00,92m,4%,4.6,924,46,46.2,39m,1%,1.95,544,27,27.2
Fri 17:24:00,97m,4%,4.85,924,46,46.2,55m,2%,2.75,544,27,27.2
Fri 17:25:01,94m,4%,4.7,850,42,42.5,52m,2%,2.6,618,30,30.9
Fri 17:26:00,98m,4%,4.9,924,46,46.2,51m,2%,2.55,544,27,27.2
Fri 17:27:00,103m,5%,5.15,924,46,46.2,44m,2%,2.2,618,30,30.9
Fri 17:28:00,93m,4%,4.65,924,46,46.2,49m,2%,2.45,618,30,30.9
Fri 17:29:00,92m,4%,4.6,924,46,46.2,51m,2%,2.55,618,30,30.9
Fri 17:30:00,92m,4%,4.6,924,46,46.2,52m,2%,2.6,618,30,30.9
Fri 17:31:00,94m,4%,4.7,924,46,46.2,53m,2%,2.65,618,30,30.9
Fri 17:32:00,94m,4%,4.7,924,46,46.2,54m,2%,2.7,618,30,30.9
Fri 17:33:00,91m,4%,4.55,924,46,46.2,52m,2%,2.6,544,27,27.2
Fri 17:34:00,92m,4%,4.6,850,42,42.5,45m,2%,2.25,618,30,30.9
Fri 17:35:00,96m,4%,4.8,924,46,46.2,46m,2%,2.3,544,27,27.2
Fri 17:36:00,106m,5%,5.3,924,46,46.2,44m,2%,2.2,544,27,27.2
Fri 17:37:00,94m,4%,4.7,924,46,46.2,51m,2%,2.55,544,27,27.2
Fri 17:38:00,95m,4%,4.75,924,46,46.2,52m,2%,2.6,618,30,30.9
Fri 17:39:00,93m,4%,4.65,924,46,46.2,51m,2%,2.55,618,30,30.9
Fri 17:40:00,94m,4%,4.7,924,46,46.2,51m,2%,2.55,618,30,30.9
Fri 17:41:00,93m,4%,4.65,924,46,46.2,53m,2%,2.65,618,30,30.9
Fri 17:42:00,90m,4%,4.5,924,46,46.2,52m,2%,2.6,618,30,30.9
Fri 17:43:00,88m,4%,4.4,850,42,42.5,50m,2%,2.5,692,34,34.6
Fri 17:44:01,94m,4%,4.7,924,46,46.2,49m,2%,2.45,618,30,30.9
Fri 17:45:00,90m,4%,4.5,924,46,46.2,44m,2%,2.2,544,27,27.2
Fri 17:46:00,97m,4%,4.85,924,46,46.2,37m,1%,1.85,544,27,27.2
Fri 17:47:00,86m,4%,4.3,924,46,46.2,49m,2%,2.45,544,27,27.2
Fri 17:48:00,89m,4%,4.45,924,46,46.2,49m,2%,2.45,544,27,27.2
Fri 17:49:00,88m,4%,4.4,924,46,46.2,50m,2%,2.5,618,30,30.9
Fri 17:50:00,90m,4%,4.5,924,46,46.2,50m,2%,2.5,618,30,30.9
Fri 17:51:00,89m,4%,4.45,924,46,46.2,48m,2%,2.4,618,30,30.9
Fri 17:52:00,89m,4%,4.45,924,46,46.2,49m,2%,2.45,618,30,30.9
Fri 17:53:00,89m,4%,4.45,924,46,46.2,50m,2%,2.5,618,30,30.9
Fri 17:54:00,99m,4%,4.95,924,46,46.2,39m,1%,1.95,618,30,30.9
Fri 17:55:00,90m,4%,4.5,924,46,46.2,49m,2%,2.45,544,27,27.2
Fri 17:56:00,87m,4%,4.35,924,46,46.2,52m,2%,2.6,544,27,27.2
Fri 17:57:00,89m,4%,4.45,924,46,46.2,38m,1%,1.9,544,27,27.2
Fri 17:58:00,90m,4%,4.5,924,46,46.2,52m,2%,2.6,544,27,27.2
Fri 17:59:00,88m,4%,4.4,924,46,46.2,50m,2%,2.5,544,27,27.2
Fri 18:00:00,88m,4%,4.4,924,46,46.2,47m,2%,2.35,618,30,30.9
Fri 18:01:00,87m,4%,4.35,924,46,46.2,50m,2%,2.5,618,30,30.9
Fri 18:02:00,86m,4%,4.3,850,42,42.5,49m,2%,2.45,692,34,34.6
Fri 18:03:00,89m,4%,4.45,850,42,42.5,47m,2%,2.35,618,30,30.9
Fri 18:04:00,86m,4%,4.3,924,46,46.2,38m,1%,1.9,544,27,27.2
Fri 18:05:00,96m,4%,4.8,924,46,46.2,42m,2%,2.1,544,27,27.2
Fri 18:06:00,87m,4%,4.35,924,46,46.2,49m,2%,2.45,544,27,27.2
Fri 18:07:00,87m,4%,4.35,924,46,46.2,50m,2%,2.5,544,27,27.2
Fri 18:08:00,87m,4%,4.35,924,46,46.2,49m,2%,2.45,544,27,27.2
Fri 18:09:00,86m,4%,4.3,924,46,46.2,49m,2%,2.45,544,27,27.2
Fri 18:10:00,86m,4%,4.3,924,46,46.2,34m,1%,1.7,544,27,27.2
Fri 18:11:01,86m,4%,4.3,924,46,46.2,49m,2%,2.45,544,27,27.2
Fri 18:12:00,88m,4%,4.4,850,42,42.5,48m,2%,2.4,618,30,30.9
Fri 18:13:00,89m,4%,4.45,850,42,42.5,46m,2%,2.3,618,30,30.9
Fri 18:14:00,85m,4%,4.25,850,42,42.5,49m,2%,2.45,618,30,30.9
Fri 18:15:00,88m,4%,4.4,850,42,42.5,50m,2%,2.5,618,30,30.9
Fri 18:16:00,83m,4%,4.15,850,42,42.5,36m,1%,1.8,618,30,30.9
Fri 18:17:00,87m,4%,4.35,850,42,42.5,50m,2%,2.5,618,30,30.9
Fri 18:18:00,85m,4%,4.25,850,42,42.5,50m,2%,2.5,618,30,30.9
Fri 18:19:00,87m,4%,4.35,850,42,42.5,51m,2%,2.55,618,30,30.9
Fri 18:20:00,86m,4%,4.3,850,42,42.5,50m,2%,2.5,618,30,30.9
Fri 18:21:00,87m,4%,4.35,850,42,42.5,51m,2%,2.55,544,27,27.2
Fri 18:22:00,84m,4%,4.2,850,42,42.5,35m,1%,1.75,618,30,30.9
Fri 18:23:00,87m,4%,4.35,850,42,42.5,51m,2%,2.55,618,30,30.9
Fri 18:24:00,85m,4%,4.25,850,42,42.5,50m,2%,2.5,618,30,30.9
Fri 18:25:00,88m,4%,4.4,850,42,42.5,51m,2%,2.55,618,30,30.9
Fri 18:26:00,86m,4%,4.3,850,42,42.5,50m,2%,2.5,618,30,30.9
Fri 18:27:00,87m,4%,4.35,850,42,42.5,50m,2%,2.5,544,27,27.2
Fri 18:28:00,85m,4%,4.25,850,42,42.5,37m,1%,1.85,618,30,30.9
Fri 18:29:00,87m,4%,4.35,850,42,42.5,49m,2%,2.45,618,30,30.9
Fri 18:30:00,86m,4%,4.3,850,42,42.5,50m,2%,2.5,618,30,30.9
Fri 18:31:00,87m,4%,4.35,850,42,42.5,51m,2%,2.55,618,30,30.9
Fri 18:32:00,84m,4%,4.2,850,42,42.5,50m,2%,2.5,618,30,30.9
Fri 18:33:00,86m,4%,4.3,850,42,42.5,50m,2%,2.5,544,27,27.2
Fri 18:34:00,83m,4%,4.15,850,42,42.5,37m,1%,1.85,618,30,30.9
Fri 18:35:00,88m,4%,4.4,850,42,42.5,48m,2%,2.4,618,30,30.9
Fri 18:36:00,85m,4%,4.25,850,42,42.5,50m,2%,2.5,618,30,30.9
Fri 18:37:00,87m,4%,4.35,850,42,42.5,51m,2%,2.55,618,30,30.9
Fri 18:38:00,86m,4%,4.3,850,42,42.5,49m,2%,2.45,618,30,30.9
Fri 18:39:00,87m,4%,4.35,850,42,42.5,50m,2%,2.5,618,30,30.9
Fri 18:40:00,85m,4%,4.25,850,42,42.5,36m,1%,1.8,618,30,30.9
Fri 18:41:00,89m,4%,4.45,850,42,42.5,48m,2%,2.4,618,30,30.9
Fri 18:42:00,85m,4%,4.25,850,42,42.5,50m,2%,2.5,618,30,30.9
Fri 18:43:00,86m,4%,4.3,850,42,42.5,51m,2%,2.55,618,30,30.9
Fri 18:44:00,87m,4%,4.35,850,42,42.5,51m,2%,2.55,618,30,30.9
Fri 18:45:00,87m,4%,4.35,850,42,42.5,50m,2%,2.5,618,30,30.9
Fri 18:46:00,85m,4%,4.25,850,42,42.5,38m,1%,1.9,618,30,30.9
Fri 18:47:00,84m,4%,4.2,850,42,42.5,49m,2%,2.45,618,30,30.9
Fri 18:48:00,86m,4%,4.3,850,42,42.5,49m,2%,2.45,618,30,30.9
Fri 18:49:00,86m,4%,4.3,850,42,42.5,50m,2%,2.5,618,30,30.9
Fri 18:50:00,87m,4%,4.35,850,42,42.5,50m,2%,2.5,618,30,30.9
Fri 18:51:00,86m,4%,4.3,850,42,42.5,52m,2%,2.6,544,27,27.2
Fri 18:52:00,85m,4%,4.25,850,42,42.5,37m,1%,1.85,618,30,30.9
Fri 18:53:00,82m,4%,4.1,850,42,42.5,49m,2%,2.45,618,30,30.9
Fri 18:54:00,87m,4%,4.35,850,42,42.5,51m,2%,2.55,618,30,30.9
Fri 18:55:00,87m,4%,4.35,850,42,42.5,51m,2%,2.55,618,30,30.9
Fri 18:56:00,86m,4%,4.3,850,42,42.5,51m,2%,2.55,618,30,30.9
Fri 18:57:01,85m,4%,4.25,850,42,42.5,49m,2%,2.45,618,30,30.9
Fri 18:58:00,86m,4%,4.3,850,42,42.5,38m,1%,1.9,618,30,30.9
Fri 18:59:00,83m,4%,4.15,850,42,42.5,48m,2%,2.4,618,30,30.9
Fri 19:00:00,85m,4%,4.25,850,42,42.5,51m,2%,2.55,618,30,30.9
Fri 19:01:00,85m,4%,4.25,850,42,42.5,51m,2%,2.55,544,27,27.2
Fri 19:02:01,86m,4%,4.3,850,42,42.5,37m,1%,1.85,544,27,27.2
Fri 19:03:00,85m,4%,4.25,850,42,42.5,50m,2%,2.5,544,27,27.2
Fri 19:04:00,87m,4%,4.35,850,42,42.5,49m,2%,2.45,544,27,27.2
Fri 19:05:00,84m,4%,4.2,850,42,42.5,35m,1%,1.75,544,27,27.2
Fri 19:06:00,85m,4%,4.25,850,42,42.5,49m,2%,2.45,470,23,23.5
Fri 19:07:00,85m,4%,4.25,850,42,42.5,35m,1%,1.75,470,23,23.5
Fri 19:08:00,88m,4%,4.4,850,42,42.5,47m,2%,2.35,470,23,23.5
Fri 19:09:00,86m,4%,4.3,850,42,42.5,48m,2%,2.4,470,23,23.5
Fri 19:10:00,86m,4%,4.3,850,42,42.5,33m,1%,1.65,470,23,23.5
Fri 19:11:00,87m,4%,4.35,850,42,42.5,48m,2%,2.4,470,23,23.5
Fri 19:12:00,84m,4%,4.2,850,42,42.5,32m,1%,1.6,470,23,23.5
Fri 19:13:00,87m,4%,4.35,850,42,42.5,47m,2%,2.35,470,23,23.5
Fri 19:14:00,86m,4%,4.3,850,42,42.5,47m,2%,2.35,470,23,23.5
Fri 19:15:00,84m,4%,4.2,850,42,42.5,34m,1%,1.7,470,23,23.5
Fri 19:16:00,86m,4%,4.3,850,42,42.5,47m,2%,2.35,470,23,23.5
Fri 19:17:00,84m,4%,4.2,850,42,42.5,33m,1%,1.65,470,23,23.5
Fri 19:18:00,87m,4%,4.35,850,42,42.5,48m,2%,2.4,470,23,23.5
Fri 19:19:00,85m,4%,4.25,850,42,42.5,46m,2%,2.3,470,23,23.5
Fri 19:20:00,85m,4%,4.25,850,42,42.5,33m,1%,1.65,470,23,23.5
Fri 19:21:00,85m,4%,4.25,850,42,42.5,48m,2%,2.4,470,23,23.5
Fri 19:22:00,85m,4%,4.25,850,42,42.5,33m,1%,1.65,470,23,23.5
Fri 19:23:00,87m,4%,4.35,850,42,42.5,49m,2%,2.45,470,23,23.5
Fri 19:24:00,87m,4%,4.35,850,42,42.5,47m,2%,2.35,470,23,23.5
Fri 19:25:00,84m,4%,4.2,850,42,42.5,32m,1%,1.6,470,23,23.5
Fri 19:26:00,85m,4%,4.25,850,42,42.5,48m,2%,2.4,470,23,23.5
Fri 19:27:00,81m,4%,4.05,850,42,42.5,32m,1%,1.6,470,23,23.5
Fri 19:28:00,86m,4%,4.3,850,42,42.5,47m,2%,2.35,470,23,23.5
Fri 19:29:00,85m,4%,4.25,850,42,42.5,47m,2%,2.35,470,23,23.5
Fri 19:30:00,85m,4%,4.25,850,42,42.5,33m,1%,1.65,470,23,23.5
Fri 19:31:00,86m,4%,4.3,850,42,42.5,47m,2%,2.35,470,23,23.5
Fri 19:32:00,84m,4%,4.2,850,42,42.5,33m,1%,1.65,470,23,23.5
Fri 19:33:00,85m,4%,4.25,850,42,42.5,48m,2%,2.4,470,23,23.5
Fri 19:34:00,88m,4%,4.4,850,42,42.5,48m,2%,2.4,470,23,23.5
Fri 19:35:00,84m,4%,4.2,850,42,42.5,33m,1%,1.65,470,23,23.5
Fri 19:36:00,86m,4%,4.3,850,42,42.5,48m,2%,2.4,470,23,23.5
Fri 19:37:00,84m,4%,4.2,850,42,42.5,33m,1%,1.65,470,23,23.5
Fri 19:38:00,87m,4%,4.35,850,42,42.5,47m,2%,2.35,470,23,23.5
Fri 19:39:00,86m,4%,4.3,850,42,42.5,47m,2%,2.35,470,23,23.5
Fri 19:40:00,86m,4%,4.3,850,42,42.5,33m,1%,1.65,470,23,23.5
Fri 19:41:00,86m,4%,4.3,850,42,42.5,48m,2%,2.4,470,23,23.5
Fri 19:42:00,85m,4%,4.25,850,42,42.5,33m,1%,1.65,470,23,23.5
Fri 19:43:00,84m,4%,4.2,850,42,42.5,47m,2%,2.35,470,23,23.5
Fri 19:44:00,87m,4%,4.35,850,42,42.5,48m,2%,2.4,470,23,23.5
Fri 19:45:00,84m,4%,4.2,850,42,42.5,33m,1%,1.65,470,23,23.5
Fri 19:46:00,86m,4%,4.3,850,42,42.5,48m,2%,2.4,470,23,23.5
Fri 19:47:01,83m,4%,4.15,850,42,42.5,33m,1%,1.65,470,23,23.5
Fri 19:48:00,86m,4%,4.3,850,42,42.5,47m,2%,2.35,470,23,23.5
Fri 19:49:00,86m,4%,4.3,850,42,42.5,46m,2%,2.3,470,23,23.5
Fri 19:50:00,85m,4%,4.25,850,42,42.5,32m,1%,1.6,470,23,23.5
Fri 19:51:00,86m,4%,4.3,850,42,42.5,47m,2%,2.35,470,23,23.5
Fri 19:52:01,84m,4%,4.2,850,42,42.5,32m,1%,1.6,470,23,23.5
Fri 19:53:00,86m,4%,4.3,850,42,42.5,47m,2%,2.35,470,23,23.5
Fri 19:54:00,86m,4%,4.3,850,42,42.5,45m,2%,2.25,470,23,23.5
Fri 19:55:00,85m,4%,4.25,850,42,42.5,33m,1%,1.65,470,23,23.5
Fri 19:56:00,87m,4%,4.35,850,42,42.5,48m,2%,2.4,470,23,23.5
Fri 19:57:00,83m,4%,4.15,850,42,42.5,32m,1%,1.6,470,23,23.5
Fri 19:58:00,86m,4%,4.3,850,42,42.5,47m,2%,2.35,470,23,23.5
Fri 19:59:00,84m,4%,4.2,850,42,42.5,47m,2%,2.35,470,23,23.5
Fri 20:00:00,84m,4%,4.2,850,42,42.5,32m,1%,1.6,470,23,23.5
Fri 20:01:00,85m,4%,4.25,850,42,42.5,47m,2%,2.35,544,27,27.2
Fri 20:02:00,86m,4%,4.3,850,42,42.5,45m,2%,2.25,544,27,27.2
Fri 20:03:00,85m,4%,4.25,850,42,42.5,47m,2%,2.35,544,27,27.2
Fri 20:04:00,87m,4%,4.35,850,42,42.5,48m,2%,2.4,618,30,30.9
Fri 20:05:00,87m,4%,4.35,850,42,42.5,48m,2%,2.4,618,30,30.9
Fri 20:06:00,88m,4%,4.4,924,46,46.2,49m,2%,2.45,618,30,30.9
Fri 20:07:00,91m,4%,4.55,924,46,46.2,38m,1%,1.9,618,30,30.9
Fri 20:08:00,89m,4%,4.45,924,46,46.2,37m,1%,1.85,544,27,27.2
Fri 20:09:00,87m,4%,4.35,924,46,46.2,49m,2%,2.45,544,27,27.2
Fri 20:10:00,89m,4%,4.45,924,46,46.2,49m,2%,2.45,544,27,27.2
Fri 20:11:00,87m,4%,4.35,924,46,46.2,51m,2%,2.55,544,27,27.2
Fri 20:12:00,87m,4%,4.35,924,46,46.2,47m,2%,2.35,618,30,30.9
Fri 20:13:00,86m,4%,4.3,924,46,46.2,50m,2%,2.5,618,30,30.9
Fri 20:14:00,87m,4%,4.35,924,46,46.2,50m,2%,2.5,618,30,30.9
Fri 20:15:00,86m,4%,4.3,850,42,42.5,49m,2%,2.45,692,34,34.6
Fri 20:16:00,90m,4%,4.5,850,42,42.5,48m,2%,2.4,692,34,34.6
Fri 20:17:01,87m,4%,4.35,850,42,42.5,51m,2%,2.55,692,34,34.6
Fri 20:18:00,86m,4%,4.3,850,42,42.5,49m,2%,2.45,692,34,34.6
Fri 20:19:00,86m,4%,4.3,924,46,46.2,51m,2%,2.55,618,30,30.9
Fri 20:20:00,97m,4%,4.85,924,46,46.2,42m,2%,2.1,618,30,30.9
Fri 20:21:00,85m,4%,4.25,924,46,46.2,38m,1%,1.9,544,27,27.2
Fri 20:22:00,89m,4%,4.45,924,46,46.2,50m,2%,2.5,544,27,27.2
Fri 20:23:00,87m,4%,4.35,924,46,46.2,50m,2%,2.5,544,27,27.2
Fri 20:24:00,88m,4%,4.4,924,46,46.2,50m,2%,2.5,544,27,27.2
Fri 20:25:00,87m,4%,4.35,924,46,46.2,47m,2%,2.35,618,30,30.9
Fri 20:26:00,88m,4%,4.4,924,46,46.2,50m,2%,2.5,618,30,30.9
Fri 20:27:00,87m,4%,4.35,924,46,46.2,50m,2%,2.5,618,30,30.9
Fri 20:28:00,89m,4%,4.45,924,46,46.2,50m,2%,2.5,618,30,30.9
Fri 20:29:00,97m,4%,4.85,924,46,46.2,38m,1%,1.9,618,30,30.9
Fri 20:30:00,88m,4%,4.4,924,46,46.2,49m,2%,2.45,618,30,30.9
Fri 20:31:00,89m,4%,4.45,924,46,46.2,50m,2%,2.5,618,30,30.9
Fri 20:32:00,88m,4%,4.4,924,46,46.2,50m,2%,2.5,618,30,30.9
Fri 20:33:00,89m,4%,4.45,924,46,46.2,50m,2%,2.5,618,30,30.9
Fri 20:34:00,87m,4%,4.35,924,46,46.2,38m,1%,1.9,544,27,27.2
Fri 20:35:00,88m,4%,4.4,924,46,46.2,50m,2%,2.5,544,27,27.2
Fri 20:36:01,89m,4%,4.45,850,42,42.5,50m,2%,2.5,618,30,30.9
Fri 20:37:00,90m,4%,4.5,924,46,46.2,48m,2%,2.4,544,27,27.2
Fri 20:38:00,98m,4%,4.9,924,46,46.2,39m,1%,1.95,618,30,30.9
Fri 20:39:00,89m,4%,4.45,924,46,46.2,50m,2%,2.5,618,30,30.9
Fri 20:40:00,89m,4%,4.45,924,46,46.2,49m,2%,2.45,618,30,30.9
Fri 20:41:00,86m,4%,4.3,924,46,46.2,50m,2%,2.5,618,30,30.9
Fri 20:42:00,89m,4%,4.45,924,46,46.2,50m,2%,2.5,618,30,30.9
Fri 20:43:00,91m,4%,4.55,924,46,46.2,52m,2%,2.6,618,30,30.9
Fri 20:44:00,86m,4%,4.3,924,46,46.2,49m,2%,2.45,618,30,30.9
Fri 20:45:00,88m,4%,4.4,924,46,46.2,50m,2%,2.5,618,30,30.9
Fri 20:46:00,98m,4%,4.9,924,46,46.2,40m,2%,2,618,30,30.9
Fri 20:47:00,87m,4%,4.35,924,46,46.2,37m,1%,1.85,544,27,27.2
Fri 20:48:00,90m,4%,4.5,924,46,46.2,50m,2%,2.5,544,27,27.2
Fri 20:49:00,88m,4%,4.4,924,46,46.2,50m,2%,2.5,544,27,27.2
Fri 20:50:01,91m,4%,4.55,924,46,46.2,52m,2%,2.6,544,27,27.2
Fri 20:51:00,88m,4%,4.4,924,46,46.2,50m,2%,2.5,618,30,30.9
Fri 20:52:00,88m,4%,4.4,924,46,46.2,48m,2%,2.4,618,30,30.9
Fri 20:53:00,88m,4%,4.4,924,46,46.2,50m,2%,2.5,618,30,30.9
Fri 20:54:01,88m,4%,4.4,850,42,42.5,49m,2%,2.45,692,34,34.6
Fri 20:55:00,90m,4%,4.5,850,42,42.5,49m,2%,2.45,692,34,34.6
Fri 20:56:00,90m,4%,4.5,924,46,46.2,52m,2%,2.6,618,30,30.9
Fri 20:57:00,94m,4%,4.7,924,46,46.2,43m,2%,2.15,618,30,30.9
Fri 20:58:00,89m,4%,4.45,924,46,46.2,50m,2%,2.5,618,30,30.9
Fri 20:59:00,89m,4%,4.45,924,46,46.2,50m,2%,2.5,618,30,30.9
Fri 21:00:00,87m,4%,4.35,924,46,46.2,48m,2%,2.4,544,27,27.2
Fri 21:01:00,87m,4%,4.35,924,46,46.2,42m,2%,2.1,544,27,27.2
Fri 21:02:00,86m,4%,4.3,924,46,46.2,51m,2%,2.55,544,27,27.2
Fri 21:03:00,88m,4%,4.4,924,46,46.2,50m,2%,2.5,544,27,27.2
Fri 21:04:00,87m,4%,4.35,924,46,46.2,49m,2%,2.45,618,30,30.9
Fri 21:05:00,89m,4%,4.45,924,46,46.2,47m,2%,2.35,618,30,30.9
Fri 21:06:00,97m,4%,4.85,924,46,46.2,39m,1%,1.95,544,27,27.2
Fri 21:07:00,85m,4%,4.25,924,46,46.2,36m,1%,1.8,544,27,27.2
Fri 21:08:00,86m,4%,4.3,924,46,46.2,49m,2%,2.45,544,27,27.2
Fri 21:09:00,88m,4%,4.4,924,46,46.2,49m,2%,2.45,544,27,27.2
Fri 21:10:00,86m,4%,4.3,924,46,46.2,50m,2%,2.5,544,27,27.2
Fri 21:11:00,90m,4%,4.5,924,46,46.2,50m,2%,2.5,544,27,27.2
Fri 21:12:00,86m,4%,4.3,924,46,46.2,47m,2%,2.35,544,27,27.2
Fri 21:13:00,88m,4%,4.4,924,46,46.2,36m,1%,1.8,544,27,27.2
Fri 21:14:00,87m,4%,4.35,850,42,42.5,49m,2%,2.45,618,30,30.9
Fri 21:15:00,92m,4%,4.6,850,42,42.5,47m,2%,2.35,618,30,30.9
Fri 21:16:00,87m,4%,4.35,850,42,42.5,50m,2%,2.5,618,30,30.9
Fri 21:17:00,87m,4%,4.35,850,42,42.5,49m,2%,2.45,618,30,30.9
Fri 21:18:00,86m,4%,4.3,850,42,42.5,50m,2%,2.5,618,30,30.9
Fri 21:19:00,85m,4%,4.25,850,42,42.5,36m,1%,1.8,618,30,30.9
Fri 21:20:00,86m,4%,4.3,850,42,42.5,50m,2%,2.5,618,30,30.9
Fri 21:21:00,88m,4%,4.4,850,42,42.5,51m,2%,2.55,618,30,30.9
Fri 21:22:00,87m,4%,4.35,850,42,42.5,51m,2%,2.55,618,30,30.9
Fri 21:23:00,88m,4%,4.4,850,42,42.5,51m,2%,2.55,618,30,30.9
Fri 21:24:00,85m,4%,4.25,850,42,42.5,50m,2%,2.5,618,30,30.9
Fri 21:25:00,84m,4%,4.2,850,42,42.5,35m,1%,1.75,618,30,30.9
Fri 21:26:00,86m,4%,4.3,850,42,42.5,51m,2%,2.55,618,30,30.9
Fri 21:27:00,87m,4%,4.35,850,42,42.5,51m,2%,2.55,618,30,30.9
Fri 21:28:00,86m,4%,4.3,850,42,42.5,50m,2%,2.5,618,30,30.9
Fri 21:29:00,88m,4%,4.4,850,42,42.5,51m,2%,2.55,618,30,30.9
Fri 21:30:00,86m,4%,4.3,850,42,42.5,51m,2%,2.55,618,30,30.9
Fri 21:31:00,86m,4%,4.3,850,42,42.5,37m,1%,1.85,618,30,30.9
Fri 21:32:00,86m,4%,4.3,850,42,42.5,50m,2%,2.5,618,30,30.9
Fri 21:33:00,88m,4%,4.4,850,42,42.5,51m,2%,2.55,618,30,30.9
Fri 21:34:00,87m,4%,4.35,850,42,42.5,50m,2%,2.5,618,30,30.9
Fri 21:35:00,87m,4%,4.35,850,42,42.5,49m,2%,2.45,618,30,30.9
Fri 21:36:00,88m,4%,4.4,850,42,42.5,51m,2%,2.55,618,30,30.9
Fri 21:37:00,85m,4%,4.25,850,42,42.5,36m,1%,1.8,618,30,30.9
Fri 21:38:00,85m,4%,4.25,850,42,42.5,51m,2%,2.55,618,30,30.9
Fri 21:39:00,86m,4%,4.3,850,42,42.5,50m,2%,2.5,618,30,30.9
Fri 21:40:00,87m,4%,4.35,850,42,42.5,50m,2%,2.5,618,30,30.9
Fri 21:41:00,86m,4%,4.3,850,42,42.5,50m,2%,2.5,618,30,30.9
Fri 21:42:00,88m,4%,4.4,850,42,42.5,51m,2%,2.55,618,30,30.9
Fri 21:43:00,83m,4%,4.15,850,42,42.5,36m,1%,1.8,618,30,30.9
Fri 21:44:00,88m,4%,4.4,850,42,42.5,52m,2%,2.6,618,30,30.9
Fri 21:45:00,87m,4%,4.35,850,42,42.5,50m,2%,2.5,618,30,30.9
Fri 21:46:00,87m,4%,4.35,850,42,42.5,53m,2%,2.65,618,30,30.9
Fri 21:47:00,87m,4%,4.35,850,42,42.5,51m,2%,2.55,618,30,30.9
Fri 21:48:00,87m,4%,4.35,850,42,42.5,38m,1%,1.9,618,30,30.9
Fri 21:49:00,83m,4%,4.15,850,42,42.5,47m,2%,2.35,618,30,30.9
Fri 21:50:00,87m,4%,4.35,850,42,42.5,50m,2%,2.5,618,30,30.9
Fri 21:51:00,85m,4%,4.25,850,42,42.5,51m,2%,2.55,618,30,30.9
Fri 21:52:00,85m,4%,4.25,850,42,42.5,51m,2%,2.55,618,30,30.9
Fri 21:53:00,86m,4%,4.3,850,42,42.5,51m,2%,2.55,618,30,30.9
Fri 21:54:00,85m,4%,4.25,850,42,42.5,36m,1%,1.8,618,30,30.9
Fri 21:55:00,88m,4%,4.4,850,42,42.5,51m,2%,2.55,618,30,30.9
Fri 21:56:00,86m,4%,4.3,850,42,42.5,51m,2%,2.55,618,30,30.9
Fri 21:57:00,86m,4%,4.3,850,42,42.5,49m,2%,2.45,618,30,30.9
Fri 21:58:00,87m,4%,4.35,850,42,42.5,49m,2%,2.45,618,30,30.9
Fri 21:59:00,84m,4%,4.2,850,42,42.5,50m,2%,2.5,618,30,30.9
Fri 22:00:00,85m,4%,4.25,850,42,42.5,38m,1%,1.9,618,30,30.9
Fri 22:01:00,85m,4%,4.25,850,42,42.5,49m,2%,2.45,618,30,30.9
Fri 22:02:00,88m,4%,4.4,850,42,42.5,50m,2%,2.5,618,30,30.9
Fri 22:03:00,86m,4%,4.3,850,42,42.5,50m,2%,2.5,544,27,27.2
Fri 22:04:00,84m,4%,4.2,850,42,42.5,38m,1%,1.9,544,27,27.2
Fri 22:05:00,87m,4%,4.35,850,42,42.5,51m,2%,2.55,544,27,27.2
Fri 22:06:00,87m,4%,4.35,850,42,42.5,50m,2%,2.5,618,30,30.9
Fri 22:07:00,86m,4%,4.3,850,42,42.5,47m,2%,2.35,544,27,27.2
Fri 22:08:00,84m,4%,4.2,850,42,42.5,36m,1%,1.8,544,27,27.2
Fri 22:09:00,85m,4%,4.25,850,42,42.5,48m,2%,2.4,544,27,27.2
Fri 22:10:00,88m,4%,4.4,850,42,42.5,48m,2%,2.4,544,27,27.2
Fri 22:11:00,84m,4%,4.2,850,42,42.5,34m,1%,1.7,544,27,27.2
Fri 22:12:00,86m,4%,4.3,850,42,42.5,50m,2%,2.5,544,27,27.2
Fri 22:13:00,86m,4%,4.3,850,42,42.5,48m,2%,2.4,544,27,27.2
Fri 22:14:00,88m,4%,4.4,850,42,42.5,49m,2%,2.45,544,27,27.2
Fri 22:15:00,85m,4%,4.25,850,42,42.5,35m,1%,1.75,544,27,27.2
Fri 22:16:00,87m,4%,4.35,850,42,42.5,49m,2%,2.45,544,27,27.2
Fri 22:17:00,86m,4%,4.3,850,42,42.5,48m,2%,2.4,544,27,27.2
Fri 22:18:00,85m,4%,4.25,850,42,42.5,34m,1%,1.7,544,27,27.2
Fri 22:19:00,87m,4%,4.35,850,42,42.5,49m,2%,2.45,544,27,27.2
Fri 22:20:00,88m,4%,4.4,850,42,42.5,48m,2%,2.4,544,27,27.2
Fri 22:21:00,87m,4%,4.35,850,42,42.5,48m,2%,2.4,544,27,27.2
Fri 22:22:00,85m,4%,4.25,850,42,42.5,33m,1%,1.65,544,27,27.2
Fri 22:23:00,86m,4%,4.3,850,42,42.5,49m,2%,2.45,544,27,27.2
Fri 22:24:00,87m,4%,4.35,850,42,42.5,49m,2%,2.45,544,27,27.2
Fri 22:25:00,86m,4%,4.3,850,42,42.5,49m,2%,2.45,544,27,27.2
Fri 22:26:00,86m,4%,4.3,850,42,42.5,34m,1%,1.7,544,27,27.2
Fri 22:27:00,85m,4%,4.25,850,42,42.5,50m,2%,2.5,544,27,27.2
Fri 22:28:00,87m,4%,4.35,850,42,42.5,48m,2%,2.4,544,27,27.2
Fri 22:29:00,84m,4%,4.2,850,42,42.5,34m,1%,1.7,544,27,27.2
Fri 22:30:00,87m,4%,4.35,850,42,42.5,49m,2%,2.45,544,27,27.2
Fri 22:31:00,85m,4%,4.25,850,42,42.5,49m,2%,2.45,544,27,27.2
Fri 22:32:00,86m,4%,4.3,850,42,42.5,49m,2%,2.45,544,27,27.2
Fri 22:33:00,82m,4%,4.1,850,42,42.5,35m,1%,1.75,544,27,27.2
Fri 22:34:00,87m,4%,4.35,850,42,42.5,49m,2%,2.45,544,27,27.2
Fri 22:35:00,87m,4%,4.35,850,42,42.5,49m,2%,2.45,544,27,27.2
Fri 22:36:00,86m,4%,4.3,850,42,42.5,46m,2%,2.3,544,27,27.2
Fri 22:37:00,85m,4%,4.25,850,42,42.5,37m,1%,1.85,544,27,27.2
Fri 22:38:00,87m,4%,4.35,850,42,42.5,49m,2%,2.45,544,27,27.2
Fri 22:39:00,87m,4%,4.35,850,42,42.5,48m,2%,2.4,544,27,27.2
Fri 22:40:00,86m,4%,4.3,850,42,42.5,34m,1%,1.7,544,27,27.2
Fri 22:41:00,87m,4%,4.35,850,42,42.5,50m,2%,2.5,544,27,27.2
Fri 22:42:00,87m,4%,4.35,850,42,42.5,49m,2%,2.45,544,27,27.2
Fri 22:43:00,86m,4%,4.3,850,42,42.5,48m,2%,2.4,544,27,27.2
Fri 22:44:00,85m,4%,4.25,850,42,42.5,34m,1%,1.7,544,27,27.2
Fri 22:45:00,86m,4%,4.3,850,42,42.5,48m,2%,2.4,544,27,27.2
Fri 22:46:00,87m,4%,4.35,850,42,42.5,49m,2%,2.45,544,27,27.2
Fri 22:47:00,84m,4%,4.2,850,42,42.5,35m,1%,1.75,544,27,27.2
Fri 22:48:00,87m,4%,4.35,850,42,42.5,49m,2%,2.45,544,27,27.2
Fri 22:49:00,86m,4%,4.3,850,42,42.5,49m,2%,2.45,544,27,27.2
Fri 22:50:00,87m,4%,4.35,850,42,42.5,49m,2%,2.45,544,27,27.2
Fri 22:51:00,84m,4%,4.2,850,42,42.5,35m,1%,1.75,544,27,27.2
Fri 22:52:00,87m,4%,4.35,850,42,42.5,49m,2%,2.45,544,27,27.2
Fri 22:53:00,85m,4%,4.25,850,42,42.5,50m,2%,2.5,544,27,27.2
Fri 22:54:00,87m,4%,4.35,850,42,42.5,49m,2%,2.45,544,27,27.2
Fri 22:55:00,84m,4%,4.2,850,42,42.5,35m,1%,1.75,544,27,27.2
Fri 22:56:00,85m,4%,4.25,850,42,42.5,48m,2%,2.4,544,27,27.2
Fri 22:57:00,86m,4%,4.3,850,42,42.5,48m,2%,2.4,544,27,27.2
Fri 22:58:00,86m,4%,4.3,850,42,42.5,34m,1%,1.7,544,27,27.2
Fri 22:59:00,86m,4%,4.3,850,42,42.5,49m,2%,2.45,544,27,27.2
Fri 23:00:00,88m,4%,4.4,850,42,42.5,49m,2%,2.45,544,27,27.2
Fri 23:01:00,87m,4%,4.35,850,42,42.5,50m,2%,2.5,618,30,30.9
Fri 23:02:00,88m,4%,4.4,850,42,42.5,47m,2%,2.35,618,30,30.9
Fri 23:03:00,86m,4%,4.3,924,46,46.2,51m,2%,2.55,544,27,27.2
Fri 23:04:00,96m,4%,4.8,924,46,46.2,42m,2%,2.1,618,30,30.9
Fri 23:05:00,87m,4%,4.35,924,46,46.2,50m,2%,2.5,618,30,30.9
Fri 23:06:00,89m,4%,4.45,924,46,46.2,47m,2%,2.35,618,30,30.9
Fri 23:07:00,88m,4%,4.4,924,46,46.2,50m,2%,2.5,618,30,30.9
Fri 23:08:00,88m,4%,4.4,924,46,46.2,50m,2%,2.5,618,30,30.9
Fri 23:09:00,87m,4%,4.35,924,46,46.2,52m,2%,2.6,618,30,30.9
Fri 23:10:00,89m,4%,4.45,924,46,46.2,52m,2%,2.6,618,30,30.9
Fri 23:11:00,87m,4%,4.35,850,42,42.5,51m,2%,2.55,692,34,34.6
Fri 23:12:00,89m,4%,4.45,924,46,46.2,48m,2%,2.4,618,30,30.9
Fri 23:13:00,94m,4%,4.7,924,46,46.2,43m,2%,2.15,618,30,30.9
Fri 23:14:00,87m,4%,4.35,924,46,46.2,50m,2%,2.5,692,34,34.6
Fri 23:15:00,88m,4%,4.4,924,46,46.2,51m,2%,2.55,692,34,34.6
Fri 23:16:00,87m,4%,4.35,924,46,46.2,46m,2%,2.3,618,30,30.9
Fri 23:17:01,88m,4%,4.4,924,46,46.2,44m,2%,2.2,618,30,30.9
Fri 23:18:00,89m,4%,4.45,924,46,46.2,46m,2%,2.3,618,30,30.9
Fri 23:19:00,87m,4%,4.35,924,46,46.2,51m,2%,2.55,618,30,30.9
Fri 23:20:00,89m,4%,4.45,924,46,46.2,51m,2%,2.55,618,30,30.9
Fri 23:21:00,87m,4%,4.35,850,42,42.5,52m,2%,2.6,692,34,34.6
Fri 23:22:00,90m,4%,4.5,924,46,46.2,49m,2%,2.45,618,30,30.9
Fri 23:23:00,95m,4%,4.75,924,46,46.2,43m,2%,2.15,618,30,30.9
Fri 23:24:00,90m,4%,4.5,924,46,46.2,50m,2%,2.5,618,30,30.9
Fri 23:25:00,88m,4%,4.4,924,46,46.2,51m,2%,2.55,618,30,30.9
Fri 23:26:00,88m,4%,4.4,924,46,46.2,51m,2%,2.55,618,30,30.9
Fri 23:27:00,88m,4%,4.4,924,46,46.2,49m,2%,2.45,618,30,30.9
Fri 23:28:00,88m,4%,4.4,924,46,46.2,50m,2%,2.5,618,30,30.9
Fri 23:29:00,88m,4%,4.4,924,46,46.2,50m,2%,2.5,618,30,30.9
Fri 23:30:00,89m,4%,4.45,850,42,42.5,50m,2%,2.5,692,34,34.6
Fri 23:31:00,90m,4%,4.5,924,46,46.2,49m,2%,2.45,618,30,30.9
Fri 23:32:00,95m,4%,4.75,924,46,46.2,41m,2%,2.05,618,30,30.9
Fri 23:33:00,88m,4%,4.4,924,46,46.2,50m,2%,2.5,618,30,30.9
Fri 23:34:00,88m,4%,4.4,924,46,46.2,51m,2%,2.55,618,30,30.9
Fri 23:35:00,88m,4%,4.4,924,46,46.2,51m,2%,2.55,618,30,30.9
Fri 23:36:00,89m,4%,4.45,924,46,46.2,51m,2%,2.55,618,30,30.9
Fri 23:37:00,88m,4%,4.4,924,46,46.2,52m,2%,2.6,618,30,30.9
Fri 23:38:00,87m,4%,4.35,924,46,46.2,54m,2%,2.7,618,30,30.9
Fri 23:39:00,86m,4%,4.3,850,42,42.5,50m,2%,2.5,692,34,34.6
Fri 23:40:00,91m,4%,4.55,924,46,46.2,48m,2%,2.4,618,30,30.9
Fri 23:41:00,96m,4%,4.8,924,46,46.2,44m,2%,2.2,618,30,30.9
Fri 23:42:00,88m,4%,4.4,924,46,46.2,50m,2%,2.5,618,30,30.9
Fri 23:43:00,89m,4%,4.45,924,46,46.2,48m,2%,2.4,618,30,30.9
Fri 23:44:00,88m,4%,4.4,924,46,46.2,42m,2%,2.1,618,30,30.9
Fri 23:45:00,90m,4%,4.5,924,46,46.2,46m,2%,2.3,692,34,34.6
Fri 23:46:00,87m,4%,4.35,924,46,46.2,51m,2%,2.55,618,30,30.9
Fri 23:47:00,88m,4%,4.4,924,46,46.2,51m,2%,2.55,618,30,30.9
Fri 23:48:00,86m,4%,4.3,924,46,46.2,51m,2%,2.55,618,30,30.9
Fri 23:49:00,87m,4%,4.35,850,42,42.5,50m,2%,2.5,692,34,34.6
Fri 23:50:00,90m,4%,4.5,924,46,46.2,47m,2%,2.35,618,30,30.9
Fri 23:51:00,97m,4%,4.85,924,46,46.2,43m,2%,2.15,618,30,30.9
Fri 23:52:00,85m,4%,4.25,924,46,46.2,51m,2%,2.55,618,30,30.9
Fri 23:53:00,88m,4%,4.4,924,46,46.2,51m,2%,2.55,618,30,30.9
Fri 23:54:00,86m,4%,4.3,924,46,46.2,50m,2%,2.5,618,30,30.9
Fri 23:55:00,90m,4%,4.5,924,46,46.2,51m,2%,2.55,618,30,30.9
Fri 23:56:00,89m,4%,4.45,924,46,46.2,52m,2%,2.6,618,30,30.9
Fri 23:57:00,87m,4%,4.35,924,46,46.2,51m,2%,2.55,618,30,30.9
Fri 23:58:00,88m,4%,4.4,850,42,42.5,51m,2%,2.55,692,34,34.6
Fri 23:59:00,90m,4%,4.5,924,46,46.2,49m,2%,2.45,618,30,30.9
Sat 00:00:00,97m,4%,4.85,924,46,46.2,41m,2%,2.05,618,30,30.9
Sat 00:01:00,88m,4%,4.4,924,46,46.2,51m,2%,2.55,544,27,27.2
Sat 00:02:00,87m,4%,4.35,924,46,46.2,38m,1%,1.9,544,27,27.2
Sat 00:03:01,87m,4%,4.35,924,46,46.2,52m,2%,2.6,544,27,27.2
Sat 00:04:00,89m,4%,4.45,924,46,46.2,49m,2%,2.45,544,27,27.2
Sat 00:05:00,87m,4%,4.35,924,46,46.2,50m,2%,2.5,470,23,23.5
Sat 00:06:00,86m,4%,4.3,924,46,46.2,38m,1%,1.9,470,23,23.5
Sat 00:07:00,88m,4%,4.4,850,42,42.5,49m,2%,2.45,544,27,27.2
Sat 00:08:00,90m,4%,4.5,850,42,42.5,45m,2%,2.25,618,30,30.9
Sat 00:09:00,86m,4%,4.3,850,42,42.5,45m,2%,2.25,544,27,27.2
Sat 00:10:00,85m,4%,4.25,850,42,42.5,38m,1%,1.9,544,27,27.2
Sat 00:11:00,85m,4%,4.25,850,42,42.5,51m,2%,2.55,544,27,27.2
Sat 00:12:00,86m,4%,4.3,850,42,42.5,48m,2%,2.4,618,30,30.9
Sat 00:13:00,86m,4%,4.3,850,42,42.5,47m,2%,2.35,544,27,27.2
Sat 00:14:00,85m,4%,4.25,850,42,42.5,37m,1%,1.85,544,27,27.2
Sat 00:15:00,86m,4%,4.3,850,42,42.5,49m,2%,2.45,544,27,27.2
Sat 00:16:00,87m,4%,4.35,850,42,42.5,47m,2%,2.35,618,30,30.9
Sat 00:17:00,87m,4%,4.35,850,42,42.5,38m,1%,1.9,544,27,27.2
Sat 00:18:00,86m,4%,4.3,850,42,42.5,47m,2%,2.35,544,27,27.2
Sat 00:19:01,83m,4%,4.15,850,42,42.5,49m,2%,2.45,618,30,30.9
Sat 00:20:00,87m,4%,4.35,850,42,42.5,48m,2%,2.4,544,27,27.2
Sat 00:21:00,84m,4%,4.2,850,42,42.5,38m,1%,1.9,544,27,27.2
Sat 00:22:00,86m,4%,4.3,850,42,42.5,49m,2%,2.45,544,27,27.2
Sat 00:23:00,86m,4%,4.3,850,42,42.5,49m,2%,2.45,618,30,30.9
Sat 00:24:00,87m,4%,4.35,850,42,42.5,48m,2%,2.4,544,27,27.2
Sat 00:25:00,85m,4%,4.25,850,42,42.5,37m,1%,1.85,544,27,27.2
Sat 00:26:00,88m,4%,4.4,850,42,42.5,48m,2%,2.4,544,27,27.2
Sat 00:27:00,85m,4%,4.25,850,42,42.5,49m,2%,2.45,618,30,30.9
Sat 00:28:00,87m,4%,4.35,850,42,42.5,46m,2%,2.3,544,27,27.2
Sat 00:29:00,83m,4%,4.15,850,42,42.5,37m,1%,1.85,544,27,27.2
Sat 00:30:00,88m,4%,4.4,850,42,42.5,50m,2%,2.5,544,27,27.2
Sat 00:31:00,87m,4%,4.35,850,42,42.5,49m,2%,2.45,618,30,30.9
Sat 00:32:00,86m,4%,4.3,850,42,42.5,46m,2%,2.3,544,27,27.2
Sat 00:33:00,83m,4%,4.15,850,42,42.5,37m,1%,1.85,544,27,27.2
Sat 00:34:00,89m,4%,4.45,850,42,42.5,49m,2%,2.45,544,27,27.2
Sat 00:35:00,85m,4%,4.25,850,42,42.5,51m,2%,2.55,618,30,30.9
Sat 00:36:00,86m,4%,4.3,850,42,42.5,46m,2%,2.3,544,27,27.2
Sat 00:37:00,84m,4%,4.2,850,42,42.5,37m,1%,1.85,544,27,27.2
Sat 00:38:00,87m,4%,4.35,850,42,42.5,50m,2%,2.5,544,27,27.2
Sat 00:39:00,85m,4%,4.25,850,42,42.5,49m,2%,2.45,618,30,30.9
Sat 00:40:00,86m,4%,4.3,850,42,42.5,47m,2%,2.35,544,27,27.2
Sat 00:41:00,83m,4%,4.15,850,42,42.5,37m,1%,1.85,544,27,27.2
Sat 00:42:00,87m,4%,4.35,850,42,42.5,50m,2%,2.5,544,27,27.2
Sat 00:43:00,84m,4%,4.2,850,42,42.5,50m,2%,2.5,618,30,30.9
Sat 00:44:00,84m,4%,4.2,850,42,42.5,47m,2%,2.35,544,27,27.2
Sat 00:45:01,92m,4%,4.6,850,42,42.5,40m,2%,2,544,27,27.2
Sat 00:46:00,86m,4%,4.3,850,42,42.5,50m,2%,2.5,618,30,30.9
Sat 00:47:00,85m,4%,4.25,850,42,42.5,46m,2%,2.3,618,30,30.9
Sat 00:48:00,84m,4%,4.2,850,42,42.5,42m,2%,2.1,544,27,27.2
Sat 00:49:00,86m,4%,4.3,850,42,42.5,45m,2%,2.25,544,27,27.2
Sat 00:50:00,88m,4%,4.4,850,42,42.5,49m,2%,2.45,618,30,30.9
Sat 00:51:00,87m,4%,4.35,850,42,42.5,47m,2%,2.35,544,27,27.2
Sat 00:52:00,85m,4%,4.25,850,42,42.5,37m,1%,1.85,544,27,27.2
Sat 00:53:00,84m,4%,4.2,850,42,42.5,49m,2%,2.45,544,27,27.2
Sat 00:54:00,87m,4%,4.35,850,42,42.5,50m,2%,2.5,618,30,30.9
Sat 00:55:00,86m,4%,4.3,850,42,42.5,47m,2%,2.35,544,27,27.2
Sat 00:56:00,85m,4%,4.25,850,42,42.5,37m,1%,1.85,544,27,27.2
Sat 00:57:00,86m,4%,4.3,850,42,42.5,52m,2%,2.6,544,27,27.2
Sat 00:58:00,87m,4%,4.35,850,42,42.5,50m,2%,2.5,618,30,30.9
Sat 00:59:00,85m,4%,4.25,850,42,42.5,47m,2%,2.35,544,27,27.2
Sat 01:00:00,86m,4%,4.3,850,42,42.5,37m,1%,1.85,544,27,27.2
Sat 01:01:00,86m,4%,4.3,850,42,42.5,50m,2%,2.5,470,23,23.5
Sat 01:02:00,85m,4%,4.25,850,42,42.5,37m,1%,1.85,470,23,23.5
Sat 01:03:00,83m,4%,4.15,850,42,42.5,34m,1%,1.7,470,23,23.5
Sat 01:04:00,86m,4%,4.3,850,42,42.5,48m,2%,2.4,396,19,19.8
Sat 01:05:00,83m,4%,4.15,850,42,42.5,35m,1%,1.75,396,19,19.8
Sat 01:06:00,85m,4%,4.25,850,42,42.5,47m,2%,2.35,396,19,19.8
Sat 01:07:00,84m,4%,4.2,850,42,42.5,31m,1%,1.55,396,19,19.8
Sat 01:08:00,87m,4%,4.35,850,42,42.5,46m,2%,2.3,396,19,19.8
Sat 01:09:00,83m,4%,4.15,850,42,42.5,31m,1%,1.55,396,19,19.8
Sat 01:10:00,87m,4%,4.35,850,42,42.5,46m,2%,2.3,396,19,19.8
Sat 01:11:00,84m,4%,4.2,850,42,42.5,32m,1%,1.6,396,19,19.8
Sat 01:12:00,86m,4%,4.3,850,42,42.5,45m,2%,2.25,396,19,19.8
Sat 01:13:00,83m,4%,4.15,850,42,42.5,32m,1%,1.6,396,19,19.8
Sat 01:14:00,86m,4%,4.3,850,42,42.5,45m,2%,2.25,396,19,19.8
Sat 01:15:00,83m,4%,4.15,850,42,42.5,31m,1%,1.55,396,19,19.8
Sat 01:16:00,86m,4%,4.3,850,42,42.5,46m,2%,2.3,396,19,19.8
Sat 01:17:00,83m,4%,4.15,850,42,42.5,31m,1%,1.55,322,16,16.1
Sat 01:18:00,84m,4%,4.2,850,42,42.5,45m,2%,2.25,396,19,19.8
Sat 01:19:00,85m,4%,4.25,850,42,42.5,32m,1%,1.6,396,19,19.8
Sat 01:20:00,84m,4%,4.2,850,42,42.5,33m,1%,1.65,396,19,19.8
Sat 01:21:00,84m,4%,4.2,850,42,42.5,44m,2%,2.2,396,19,19.8
Sat 01:22:00,84m,4%,4.2,850,42,42.5,31m,1%,1.55,396,19,19.8
Sat 01:23:00,85m,4%,4.25,850,42,42.5,46m,2%,2.3,396,19,19.8
Sat 01:24:00,83m,4%,4.15,850,42,42.5,32m,1%,1.6,396,19,19.8
Sat 01:25:00,86m,4%,4.3,850,42,42.5,47m,2%,2.35,396,19,19.8
Sat 01:26:00,83m,4%,4.15,850,42,42.5,32m,1%,1.6,396,19,19.8
Sat 01:27:00,86m,4%,4.3,850,42,42.5,45m,2%,2.25,396,19,19.8
Sat 01:28:00,83m,4%,4.15,850,42,42.5,32m,1%,1.6,396,19,19.8
Sat 01:29:00,84m,4%,4.2,850,42,42.5,47m,2%,2.35,396,19,19.8
Sat 01:30:00,84m,4%,4.2,850,42,42.5,30m,1%,1.5,396,19,19.8
Sat 01:31:00,87m,4%,4.35,850,42,42.5,49m,2%,2.45,396,19,19.8
Sat 01:32:00,84m,4%,4.2,850,42,42.5,32m,1%,1.6,396,19,19.8
Sat 01:33:00,87m,4%,4.35,850,42,42.5,34m,1%,1.7,396,19,19.8
Sat 01:34:00,83m,4%,4.15,850,42,42.5,43m,2%,2.15,322,16,16.1
Sat 01:35:00,86m,4%,4.3,850,42,42.5,31m,1%,1.55,396,19,19.8
Sat 01:36:00,83m,4%,4.15,850,42,42.5,46m,2%,2.3,396,19,19.8
Sat 01:37:00,86m,4%,4.3,850,42,42.5,31m,1%,1.55,396,19,19.8
Sat 01:38:00,84m,4%,4.2,850,42,42.5,46m,2%,2.3,396,19,19.8
Sat 01:39:00,86m,4%,4.3,850,42,42.5,32m,1%,1.6,396,19,19.8
Sat 01:40:00,86m,4%,4.3,850,42,42.5,47m,2%,2.35,396,19,19.8
Sat 01:41:00,84m,4%,4.2,850,42,42.5,32m,1%,1.6,396,19,19.8
Sat 01:42:00,85m,4%,4.25,850,42,42.5,46m,2%,2.3,396,19,19.8
Sat 01:43:00,84m,4%,4.2,850,42,42.5,31m,1%,1.55,396,19,19.8
Sat 01:44:00,85m,4%,4.25,850,42,42.5,45m,2%,2.25,396,19,19.8
Sat 01:45:00,85m,4%,4.25,850,42,42.5,32m,1%,1.6,396,19,19.8
Sat 01:46:00,86m,4%,4.3,850,42,42.5,47m,2%,2.35,396,19,19.8
Sat 01:47:00,84m,4%,4.2,850,42,42.5,32m,1%,1.6,396,19,19.8
Sat 01:48:00,86m,4%,4.3,850,42,42.5,45m,2%,2.25,396,19,19.8
Sat 01:49:00,85m,4%,4.25,850,42,42.5,31m,1%,1.55,322,16,16.1
Sat 01:50:00,84m,4%,4.2,850,42,42.5,33m,1%,1.65,396,19,19.8
Sat 01:51:00,87m,4%,4.35,850,42,42.5,47m,2%,2.35,396,19,19.8
Sat 01:52:00,84m,4%,4.2,850,42,42.5,31m,1%,1.55,396,19,19.8
Sat 01:53:00,88m,4%,4.4,850,42,42.5,47m,2%,2.35,396,19,19.8
Sat 01:54:00,82m,4%,4.1,850,42,42.5,31m,1%,1.55,396,19,19.8
Sat 01:55:00,87m,4%,4.35,850,42,42.5,45m,2%,2.25,396,19,19.8
Sat 01:56:00,84m,4%,4.2,850,42,42.5,31m,1%,1.55,396,19,19.8
Sat 01:57:00,88m,4%,4.4,850,42,42.5,46m,2%,2.3,396,19,19.8
Sat 01:58:00,83m,4%,4.15,850,42,42.5,31m,1%,1.55,396,19,19.8
Sat 01:59:00,87m,4%,4.35,850,42,42.5,46m,2%,2.3,396,19,19.8
Sat 02:00:00,83m,4%,4.15,850,42,42.5,32m,1%,1.6,396,19,19.8
Sat 02:01:00,86m,4%,4.3,850,42,42.5,47m,2%,2.35,396,19,19.8
Sat 02:02:00,83m,4%,4.15,850,42,42.5,32m,1%,1.6,396,19,19.8
Sat 02:03:00,86m,4%,4.3,850,42,42.5,45m,2%,2.25,396,19,19.8
Sat 02:04:00,83m,4%,4.15,850,42,42.5,31m,1%,1.55,396,19,19.8
Sat 02:05:00,86m,4%,4.3,850,42,42.5,38m,1%,1.9,396,19,19.8
Sat 02:06:01,81m,4%,4.05,850,42,42.5,41m,2%,2.05,322,16,16.1
Sat 02:07:00,84m,4%,4.2,850,42,42.5,31m,1%,1.55,396,19,19.8
Sat 02:08:00,85m,4%,4.25,850,42,42.5,47m,2%,2.35,396,19,19.8
Sat 02:09:00,85m,4%,4.25,850,42,42.5,31m,1%,1.55,396,19,19.8
Sat 02:10:00,85m,4%,4.25,850,42,42.5,47m,2%,2.35,396,19,19.8
Sat 02:11:00,84m,4%,4.2,850,42,42.5,30m,1%,1.5,396,19,19.8
Sat 02:12:00,85m,4%,4.25,850,42,42.5,47m,2%,2.35,396,19,19.8
Sat 02:13:00,84m,4%,4.2,850,42,42.5,32m,1%,1.6,396,19,19.8
Sat 02:14:00,85m,4%,4.25,850,42,42.5,47m,2%,2.35,396,19,19.8
Sat 02:15:00,85m,4%,4.25,850,42,42.5,31m,1%,1.55,396,19,19.8
Sat 02:16:00,85m,4%,4.25,850,42,42.5,45m,2%,2.25,396,19,19.8
Sat 02:17:00,84m,4%,4.2,850,42,42.5,31m,1%,1.55,396,19,19.8
Sat 02:18:00,84m,4%,4.2,850,42,42.5,46m,2%,2.3,396,19,19.8
Sat 02:19:00,84m,4%,4.2,850,42,42.5,31m,1%,1.55,396,19,19.8
Sat 02:20:00,84m,4%,4.2,850,42,42.5,46m,2%,2.3,396,19,19.8
Sat 02:21:00,84m,4%,4.2,850,42,42.5,33m,1%,1.65,322,16,16.1
Sat 02:22:00,85m,4%,4.25,850,42,42.5,33m,1%,1.65,396,19,19.8
Sat 02:23:00,84m,4%,4.2,850,42,42.5,46m,2%,2.3,396,19,19.8
Sat 02:24:00,83m,4%,4.15,850,42,42.5,30m,1%,1.5,396,19,19.8
Sat 02:25:00,88m,4%,4.4,850,42,42.5,46m,2%,2.3,396,19,19.8
Sat 02:26:00,84m,4%,4.2,850,42,42.5,31m,1%,1.55,396,19,19.8
Sat 02:27:00,85m,4%,4.25,850,42,42.5,46m,2%,2.3,396,19,19.8
Sat 02:28:00,83m,4%,4.15,850,42,42.5,32m,1%,1.6,396,19,19.8
Sat 02:29:00,86m,4%,4.3,850,42,42.5,45m,2%,2.25,396,19,19.8
Sat 02:30:00,86m,4%,4.3,850,42,42.5,31m,1%,1.55,396,19,19.8
Sat 02:31:00,87m,4%,4.35,850,42,42.5,46m,2%,2.3,396,19,19.8
Sat 02:32:00,84m,4%,4.2,850,42,42.5,32m,1%,1.6,396,19,19.8
Sat 02:33:00,87m,4%,4.35,850,42,42.5,46m,2%,2.3,396,19,19.8
Sat 02:34:00,82m,4%,4.1,850,42,42.5,32m,1%,1.6,396,19,19.8
Sat 02:35:00,87m,4%,4.35,850,42,42.5,45m,2%,2.25,396,19,19.8
Sat 02:36:00,84m,4%,4.2,850,42,42.5,32m,1%,1.6,396,19,19.8
Sat 02:37:00,87m,4%,4.35,850,42,42.5,45m,2%,2.25,396,19,19.8
Sat 02:38:00,84m,4%,4.2,850,42,42.5,31m,1%,1.55,322,16,16.1
Sat 02:39:00,85m,4%,4.25,850,42,42.5,32m,1%,1.6,396,19,19.8
Sat 02:40:00,86m,4%,4.3,850,42,42.5,44m,2%,2.2,396,19,19.8
Sat 02:41:00,85m,4%,4.25,850,42,42.5,31m,1%,1.55,396,19,19.8
Sat 02:42:00,85m,4%,4.25,850,42,42.5,46m,2%,2.3,396,19,19.8
Sat 02:43:00,84m,4%,4.2,850,42,42.5,31m,1%,1.55,396,19,19.8
Sat 02:44:00,84m,4%,4.2,850,42,42.5,45m,2%,2.25,396,19,19.8
Sat 02:45:00,83m,4%,4.15,850,42,42.5,32m,1%,1.6,396,19,19.8
Sat 02:46:00,85m,4%,4.25,850,42,42.5,47m,2%,2.35,396,19,19.8
Sat 02:47:00,85m,4%,4.25,850,42,42.5,31m,1%,1.55,396,19,19.8
Sat 02:48:00,86m,4%,4.3,850,42,42.5,47m,2%,2.35,396,19,19.8
Sat 02:49:01,82m,4%,4.1,850,42,42.5,31m,1%,1.55,396,19,19.8
Sat 02:50:00,86m,4%,4.3,850,42,42.5,45m,2%,2.25,396,19,19.8
Sat 02:51:00,83m,4%,4.15,850,42,42.5,33m,1%,1.65,396,19,19.8
Sat 02:52:00,86m,4%,4.3,850,42,42.5,45m,2%,2.25,396,19,19.8
Sat 02:53:00,83m,4%,4.15,850,42,42.5,32m,1%,1.6,396,19,19.8
Sat 02:54:00,84m,4%,4.2,850,42,42.5,39m,1%,1.95,396,19,19.8
Sat 02:55:00,86m,4%,4.3,850,42,42.5,40m,2%,2,396,19,19.8
Sat 02:56:00,85m,4%,4.25,850,42,42.5,32m,1%,1.6,396,19,19.8
Sat 02:57:00,86m,4%,4.3,850,42,42.5,48m,2%,2.4,396,19,19.8
Sat 02:58:00,84m,4%,4.2,850,42,42.5,31m,1%,1.55,396,19,19.8
Sat 02:59:00,86m,4%,4.3,850,42,42.5,46m,2%,2.3,396,19,19.8
Sat 03:00:00,84m,4%,4.2,850,42,42.5,32m,1%,1.6,322,16,16.1
Sat 03:01:00,84m,4%,4.2,850,42,42.5,34m,1%,1.7,322,16,16.1
Sat 03:02:00,85m,4%,4.25,850,42,42.5,29m,1%,1.45,322,16,16.1
Sat 03:03:00,85m,4%,4.25,850,42,42.5,44m,2%,2.2,322,16,16.1
Sat 03:04:00,84m,4%,4.2,850,42,42.5,30m,1%,1.5,248,12,12.4
Sat 03:05:01,83m,4%,4.15,850,42,42.5,32m,1%,1.6,248,12,12.4
Sat 03:06:00,85m,4%,4.25,850,42,42.5,29m,1%,1.45,174,8,8.7
Sat 03:07:00,82m,4%,4.1,850,42,42.5,31m,1%,1.55,248,12,12.4
Sat 03:08:00,85m,4%,4.25,850,42,42.5,41m,2%,2.05,248,12,12.4
Sat 03:09:00,82m,4%,4.1,850,42,42.5,28m,1%,1.4,248,12,12.4
Sat 03:10:00,85m,4%,4.25,850,42,42.5,28m,1%,1.4,248,12,12.4
Sat 03:11:01,83m,4%,4.15,850,42,42.5,29m,1%,1.45,174,8,8.7
Sat 03:12:00,84m,4%,4.2,850,42,42.5,30m,1%,1.5,248,12,12.4
Sat 03:13:00,84m,4%,4.2,850,42,42.5,41m,2%,2.05,248,12,12.4
Sat 03:14:00,84m,4%,4.2,850,42,42.5,28m,1%,1.4,248,12,12.4
Sat 03:15:00,84m,4%,4.2,850,42,42.5,27m,1%,1.35,174,8,8.7
Sat 03:16:01,85m,4%,4.25,850,42,42.5,31m,1%,1.55,248,12,12.4
Sat 03:17:00,85m,4%,4.25,850,42,42.5,41m,2%,2.05,248,12,12.4
Sat 03:18:00,85m,4%,4.25,850,42,42.5,29m,1%,1.45,248,12,12.4
Sat 03:19:00,82m,4%,4.1,850,42,42.5,29m,1%,1.45,248,12,12.4
Sat 03:20:00,85m,4%,4.25,850,42,42.5,28m,1%,1.4,174,8,8.7
Sat 03:21:00,84m,4%,4.2,850,42,42.5,31m,1%,1.55,248,12,12.4
Sat 03:22:00,88m,4%,4.4,850,42,42.5,42m,2%,2.1,248,12,12.4
Sat 03:23:00,84m,4%,4.2,850,42,42.5,28m,1%,1.4,248,12,12.4
Sat 03:24:00,84m,4%,4.2,850,42,42.5,28m,1%,1.4,248,12,12.4
Sat 03:25:00,85m,4%,4.25,850,42,42.5,28m,1%,1.4,248,12,12.4
Sat 03:26:00,86m,4%,4.3,850,42,42.5,43m,2%,2.15,248,12,12.4
Sat 03:27:00,83m,4%,4.15,850,42,42.5,29m,1%,1.45,248,12,12.4
Sat 03:28:00,85m,4%,4.25,850,42,42.5,28m,1%,1.4,248,12,12.4
Sat 03:29:00,83m,4%,4.15,850,42,42.5,28m,1%,1.4,174,8,8.7
Sat 03:30:00,85m,4%,4.25,850,42,42.5,29m,1%,1.45,248,12,12.4
Sat 03:31:00,85m,4%,4.25,850,42,42.5,41m,2%,2.05,248,12,12.4
Sat 03:32:00,84m,4%,4.2,850,42,42.5,28m,1%,1.4,248,12,12.4
Sat 03:33:00,83m,4%,4.15,850,42,42.5,27m,1%,1.35,248,12,12.4
Sat 03:34:00,85m,4%,4.25,850,42,42.5,28m,1%,1.4,174,8,8.7
Sat 03:35:00,82m,4%,4.1,850,42,42.5,31m,1%,1.55,248,12,12.4
Sat 03:36:00,86m,4%,4.3,850,42,42.5,42m,2%,2.1,248,12,12.4
Sat 03:37:00,83m,4%,4.15,850,42,42.5,29m,1%,1.45,248,12,12.4
Sat 03:38:00,84m,4%,4.2,850,42,42.5,29m,1%,1.45,174,8,8.7
Sat 03:39:00,83m,4%,4.15,850,42,42.5,30m,1%,1.5,248,12,12.4
Sat 03:40:00,88m,4%,4.4,850,42,42.5,41m,2%,2.05,248,12,12.4
Sat 03:41:00,84m,4%,4.2,850,42,42.5,29m,1%,1.45,248,12,12.4
Sat 03:42:00,86m,4%,4.3,850,42,42.5,28m,1%,1.4,248,12,12.4
Sat 03:43:00,85m,4%,4.25,850,42,42.5,28m,1%,1.4,174,8,8.7
Sat 03:44:00,84m,4%,4.2,850,42,42.5,30m,1%,1.5,248,12,12.4
Sat 03:45:00,85m,4%,4.25,850,42,42.5,44m,2%,2.2,248,12,12.4
Sat 03:46:00,85m,4%,4.25,850,42,42.5,29m,1%,1.45,248,12,12.4
Sat 03:47:00,83m,4%,4.15,850,42,42.5,28m,1%,1.4,248,12,12.4
Sat 03:48:00,84m,4%,4.2,850,42,42.5,28m,1%,1.4,248,12,12.4
Sat 03:49:00,86m,4%,4.3,850,42,42.5,42m,2%,2.1,248,12,12.4
Sat 03:50:00,83m,4%,4.15,850,42,42.5,30m,1%,1.5,248,12,12.4
Sat 03:51:00,83m,4%,4.15,850,42,42.5,29m,1%,1.45,248,12,12.4
Sat 03:52:00,85m,4%,4.25,850,42,42.5,28m,1%,1.4,174,8,8.7
Sat 03:53:00,84m,4%,4.2,850,42,42.5,30m,1%,1.5,248,12,12.4
Sat 03:54:00,85m,4%,4.25,850,42,42.5,41m,2%,2.05,248,12,12.4
Sat 03:55:00,82m,4%,4.1,850,42,42.5,29m,1%,1.45,248,12,12.4
Sat 03:56:00,84m,4%,4.2,850,42,42.5,28m,1%,1.4,248,12,12.4
Sat 03:57:00,83m,4%,4.15,850,42,42.5,28m,1%,1.4,174,8,8.7
Sat 03:58:00,84m,4%,4.2,850,42,42.5,31m,1%,1.55,248,12,12.4
Sat 03:59:00,85m,4%,4.25,850,42,42.5,41m,2%,2.05,248,12,12.4
Sat 04:00:00,85m,4%,4.25,850,42,42.5,28m,1%,1.4,322,16,16.1
Sat 04:01:00,86m,4%,4.3,850,42,42.5,43m,2%,2.15,248,12,12.4
Sat 04:02:00,84m,4%,4.2,850,42,42.5,31m,1%,1.55,322,16,16.1
Sat 04:03:00,86m,4%,4.3,850,42,42.5,42m,2%,2.1,322,16,16.1
Sat 04:04:00,84m,4%,4.2,850,42,42.5,30m,1%,1.5,396,19,19.8
Sat 04:05:00,84m,4%,4.2,850,42,42.5,42m,2%,2.1,396,19,19.8
Sat 04:06:00,84m,4%,4.2,850,42,42.5,31m,1%,1.55,396,19,19.8
Sat 04:07:00,86m,4%,4.3,850,42,42.5,46m,2%,2.3,396,19,19.8
Sat 04:08:00,85m,4%,4.25,850,42,42.5,31m,1%,1.55,396,19,19.8
Sat 04:09:00,84m,4%,4.2,850,42,42.5,46m,2%,2.3,396,19,19.8
Sat 04:10:00,86m,4%,4.3,850,42,42.5,32m,1%,1.6,396,19,19.8
Sat 04:11:00,86m,4%,4.3,850,42,42.5,47m,2%,2.35,396,19,19.8
Sat 04:12:00,85m,4%,4.25,850,42,42.5,31m,1%,1.55,322,16,16.1
Sat 04:13:00,84m,4%,4.2,850,42,42.5,33m,1%,1.65,396,19,19.8
Sat 04:14:01,87m,4%,4.35,850,42,42.5,44m,2%,2.2,396,19,19.8
Sat 04:15:00,85m,4%,4.25,850,42,42.5,30m,1%,1.5,396,19,19.8
Sat 04:16:00,88m,4%,4.4,850,42,42.5,47m,2%,2.35,396,19,19.8
Sat 04:17:00,84m,4%,4.2,850,42,42.5,31m,1%,1.55,396,19,19.8
Sat 04:18:00,86m,4%,4.3,850,42,42.5,45m,2%,2.25,396,19,19.8
Sat 04:19:00,82m,4%,4.1,850,42,42.5,32m,1%,1.6,396,19,19.8
Sat 04:20:00,87m,4%,4.35,850,42,42.5,47m,2%,2.35,396,19,19.8
Sat 04:21:00,84m,4%,4.2,850,42,42.5,32m,1%,1.6,396,19,19.8
Sat 04:22:00,88m,4%,4.4,850,42,42.5,47m,2%,2.35,396,19,19.8
Sat 04:23:00,83m,4%,4.15,850,42,42.5,31m,1%,1.55,396,19,19.8
Sat 04:24:00,86m,4%,4.3,850,42,42.5,46m,2%,2.3,396,19,19.8
Sat 04:25:00,84m,4%,4.2,850,42,42.5,32m,1%,1.6,396,19,19.8
Sat 04:26:00,85m,4%,4.25,850,42,42.5,45m,2%,2.25,396,19,19.8
Sat 04:27:00,85m,4%,4.25,850,42,42.5,32m,1%,1.6,396,19,19.8
Sat 04:28:00,87m,4%,4.35,850,42,42.5,42m,2%,2.1,396,19,19.8
Sat 04:29:00,83m,4%,4.15,850,42,42.5,34m,1%,1.7,322,16,16.1
Sat 04:30:00,85m,4%,4.25,850,42,42.5,30m,1%,1.5,396,19,19.8
Sat 04:31:00,85m,4%,4.25,850,42,42.5,47m,2%,2.35,396,19,19.8
Sat 04:32:00,83m,4%,4.15,850,42,42.5,31m,1%,1.55,396,19,19.8
Sat 04:33:00,85m,4%,4.25,850,42,42.5,47m,2%,2.35,396,19,19.8
Sat 04:34:00,82m,4%,4.1,850,42,42.5,30m,1%,1.5,396,19,19.8
Sat 04:35:00,84m,4%,4.2,850,42,42.5,47m,2%,2.35,396,19,19.8
Sat 04:36:00,83m,4%,4.15,850,42,42.5,33m,1%,1.65,396,19,19.8
Sat 04:37:00,84m,4%,4.2,850,42,42.5,46m,2%,2.3,396,19,19.8
Sat 04:38:00,85m,4%,4.25,850,42,42.5,32m,1%,1.6,396,19,19.8
Sat 04:39:00,86m,4%,4.3,850,42,42.5,45m,2%,2.25,396,19,19.8
Sat 04:40:00,85m,4%,4.25,850,42,42.5,31m,1%,1.55,396,19,19.8
Sat 04:41:00,85m,4%,4.25,850,42,42.5,47m,2%,2.35,396,19,19.8
Sat 04:42:00,84m,4%,4.2,850,42,42.5,31m,1%,1.55,396,19,19.8
Sat 04:43:00,84m,4%,4.2,850,42,42.5,46m,2%,2.3,396,19,19.8
Sat 04:44:00,84m,4%,4.2,850,42,42.5,30m,1%,1.5,396,19,19.8
Sat 04:45:00,86m,4%,4.3,850,42,42.5,34m,1%,1.7,396,19,19.8
Sat 04:46:00,95m,4%,4.75,850,42,42.5,49m,2%,2.45,396,19,19.8
Sat 04:47:00,84m,4%,4.2,850,42,42.5,31m,1%,1.55,396,19,19.8
Sat 04:48:00,86m,4%,4.3,850,42,42.5,47m,2%,2.35,396,19,19.8
Sat 04:49:00,83m,4%,4.15,850,42,42.5,30m,1%,1.5,396,19,19.8
Sat 04:50:00,86m,4%,4.3,850,42,42.5,46m,2%,2.3,396,19,19.8
Sat 04:51:00,82m,4%,4.1,850,42,42.5,32m,1%,1.6,396,19,19.8
Sat 04:52:01,86m,4%,4.3,850,42,42.5,46m,2%,2.3,396,19,19.8
Sat 04:53:00,84m,4%,4.2,850,42,42.5,32m,1%,1.6,396,19,19.8
Sat 04:54:00,87m,4%,4.35,850,42,42.5,47m,2%,2.35,396,19,19.8
Sat 04:55:00,85m,4%,4.25,850,42,42.5,32m,1%,1.6,396,19,19.8
Sat 04:56:00,87m,4%,4.35,850,42,42.5,46m,2%,2.3,396,19,19.8
Sat 04:57:00,86m,4%,4.3,850,42,42.5,32m,1%,1.6,396,19,19.8
Sat 04:58:00,86m,4%,4.3,850,42,42.5,46m,2%,2.3,396,19,19.8
Sat 04:59:00,85m,4%,4.25,850,42,42.5,33m,1%,1.65,396,19,19.8
Sat 05:00:00,86m,4%,4.3,850,42,42.5,47m,2%,2.35,396,19,19.8
Sat 05:01:00,84m,4%,4.2,850,42,42.5,32m,1%,1.6,396,19,19.8
Sat 05:02:00,86m,4%,4.3,850,42,42.5,48m,2%,2.4,470,23,23.5
Sat 05:03:00,87m,4%,4.35,850,42,42.5,44m,2%,2.2,470,23,23.5
Sat 05:04:00,84m,4%,4.2,850,42,42.5,33m,1%,1.65,470,23,23.5
Sat 05:05:00,89m,4%,4.45,850,42,42.5,47m,2%,2.35,470,23,23.5
Sat 05:06:00,83m,4%,4.15,850,42,42.5,33m,1%,1.65,470,23,23.5
Sat 05:07:00,86m,4%,4.3,850,42,42.5,48m,2%,2.4,470,23,23.5
Sat 05:08:00,86m,4%,4.3,850,42,42.5,48m,2%,2.4,470,23,23.5
Sat 05:09:00,85m,4%,4.25,850,42,42.5,34m,1%,1.7,470,23,23.5
Sat 05:10:00,87m,4%,4.35,850,42,42.5,48m,2%,2.4,470,23,23.5
Sat 05:11:00,84m,4%,4.2,850,42,42.5,33m,1%,1.65,470,23,23.5
Sat 05:12:00,86m,4%,4.3,850,42,42.5,48m,2%,2.4,470,23,23.5
Sat 05:13:00,87m,4%,4.35,850,42,42.5,48m,2%,2.4,470,23,23.5
Sat 05:14:01,85m,4%,4.25,850,42,42.5,33m,1%,1.65,470,23,23.5
Sat 05:15:00,87m,4%,4.35,850,42,42.5,47m,2%,2.35,470,23,23.5
Sat 05:16:00,82m,4%,4.1,850,42,42.5,33m,1%,1.65,470,23,23.5
Sat 05:17:00,88m,4%,4.4,850,42,42.5,48m,2%,2.4,470,23,23.5
Sat 05:18:00,86m,4%,4.3,850,42,42.5,47m,2%,2.35,470,23,23.5
Sat 05:19:00,84m,4%,4.2,850,42,42.5,34m,1%,1.7,470,23,23.5
Sat 05:20:00,84m,4%,4.2,850,42,42.5,47m,2%,2.35,470,23,23.5
Sat 05:21:00,84m,4%,4.2,850,42,42.5,34m,1%,1.7,470,23,23.5
Sat 05:22:00,87m,4%,4.35,850,42,42.5,47m,2%,2.35,470,23,23.5
Sat 05:23:00,86m,4%,4.3,850,42,42.5,48m,2%,2.4,470,23,23.5
Sat 05:24:00,86m,4%,4.3,850,42,42.5,34m,1%,1.7,470,23,23.5
Sat 05:25:00,87m,4%,4.35,850,42,42.5,48m,2%,2.4,470,23,23.5
Sat 05:26:00,85m,4%,4.25,850,42,42.5,33m,1%,1.65,470,23,23.5
Sat 05:27:00,86m,4%,4.3,850,42,42.5,48m,2%,2.4,470,23,23.5
Sat 05:28:00,88m,4%,4.4,850,42,42.5,48m,2%,2.4,470,23,23.5
Sat 05:29:00,84m,4%,4.2,850,42,42.5,33m,1%,1.65,470,23,23.5
Sat 05:30:00,87m,4%,4.35,850,42,42.5,47m,2%,2.35,470,23,23.5
Sat 05:31:00,84m,4%,4.2,850,42,42.5,33m,1%,1.65,470,23,23.5
Sat 05:32:00,86m,4%,4.3,850,42,42.5,49m,2%,2.45,470,23,23.5
Sat 05:33:00,86m,4%,4.3,850,42,42.5,48m,2%,2.4,470,23,23.5
Sat 05:34:00,85m,4%,4.25,850,42,42.5,33m,1%,1.65,470,23,23.5
Sat 05:35:00,86m,4%,4.3,850,42,42.5,48m,2%,2.4,470,23,23.5
Sat 05:36:01,83m,4%,4.15,850,42,42.5,34m,1%,1.7,470,23,23.5
Sat 05:37:00,86m,4%,4.3,850,42,42.5,48m,2%,2.4,470,23,23.5
Sat 05:38:00,86m,4%,4.3,850,42,42.5,49m,2%,2.45,470,23,23.5
Sat 05:39:00,84m,4%,4.2,850,42,42.5,33m,1%,1.65,470,23,23.5
Sat 05:40:00,88m,4%,4.4,850,42,42.5,49m,2%,2.45,470,23,23.5
Sat 05:41:00,85m,4%,4.25,850,42,42.5,34m,1%,1.7,470,23,23.5
Sat 05:42:00,86m,4%,4.3,850,42,42.5,49m,2%,2.45,470,23,23.5
Sat 05:43:00,86m,4%,4.3,850,42,42.5,48m,2%,2.4,470,23,23.5
Sat 05:44:00,84m,4%,4.2,850,42,42.5,33m,1%,1.65,470,23,23.5
Sat 05:45:00,86m,4%,4.3,850,42,42.5,48m,2%,2.4,470,23,23.5
Sat 05:46:00,85m,4%,4.25,850,42,42.5,32m,1%,1.6,470,23,23.5
Sat 05:47:00,86m,4%,4.3,850,42,42.5,48m,2%,2.4,470,23,23.5
Sat 05:48:00,87m,4%,4.35,850,42,42.5,48m,2%,2.4,470,23,23.5
Sat 05:49:00,84m,4%,4.2,850,42,42.5,33m,1%,1.65,470,23,23.5
Sat 05:50:00,88m,4%,4.4,850,42,42.5,48m,2%,2.4,470,23,23.5
Sat 05:51:00,85m,4%,4.25,850,42,42.5,33m,1%,1.65,470,23,23.5
Sat 05:52:00,86m,4%,4.3,850,42,42.5,48m,2%,2.4,470,23,23.5
Sat 05:53:00,86m,4%,4.3,850,42,42.5,47m,2%,2.35,470,23,23.5
Sat 05:54:00,84m,4%,4.2,850,42,42.5,34m,1%,1.7,470,23,23.5
Sat 05:55:00,86m,4%,4.3,850,42,42.5,47m,2%,2.35,470,23,23.5
Sat 05:56:00,86m,4%,4.3,850,42,42.5,34m,1%,1.7,470,23,23.5
Sat 05:57:00,86m,4%,4.3,850,42,42.5,47m,2%,2.35,470,23,23.5
Sat 05:58:00,87m,4%,4.35,850,42,42.5,48m,2%,2.4,470,23,23.5
Sat 05:59:00,83m,4%,4.15,850,42,42.5,34m,1%,1.7,396,19,19.8
Sat 06:00:00,85m,4%,4.25,850,42,42.5,33m,1%,1.65,470,23,23.5
Sat 06:01:00,86m,4%,4.3,850,42,42.5,45m,2%,2.25,396,19,19.8
Sat 06:02:00,84m,4%,4.2,850,42,42.5,34m,1%,1.7,396,19,19.8
Sat 06:03:00,86m,4%,4.3,850,42,42.5,47m,2%,2.35,396,19,19.8
Sat 06:04:00,85m,4%,4.25,850,42,42.5,32m,1%,1.6,322,16,16.1
Sat 06:05:00,83m,4%,4.15,850,42,42.5,33m,1%,1.65,396,19,19.8
Sat 06:06:00,86m,4%,4.3,850,42,42.5,43m,2%,2.15,322,16,16.1
Sat 06:07:00,82m,4%,4.1,850,42,42.5,32m,1%,1.6,396,19,19.8
Sat 06:08:00,86m,4%,4.3,850,42,42.5,43m,2%,2.15,322,16,16.1
Sat 06:09:00,83m,4%,4.15,850,42,42.5,33m,1%,1.65,322,16,16.1
Sat 06:10:00,85m,4%,4.25,850,42,42.5,31m,1%,1.55,396,19,19.8
Sat 06:11:00,85m,4%,4.25,850,42,42.5,43m,2%,2.15,322,16,16.1
Sat 06:12:00,84m,4%,4.2,850,42,42.5,33m,1%,1.65,396,19,19.8
Sat 06:13:00,85m,4%,4.25,850,42,42.5,43m,2%,2.15,322,16,16.1
Sat 06:14:00,84m,4%,4.2,850,42,42.5,33m,1%,1.65,322,16,16.1
Sat 06:15:00,84m,4%,4.2,850,42,42.5,31m,1%,1.55,396,19,19.8
Sat 06:16:00,86m,4%,4.3,850,42,42.5,43m,2%,2.15,322,16,16.1
Sat 06:17:00,84m,4%,4.2,850,42,42.5,32m,1%,1.6,396,19,19.8
Sat 06:18:00,86m,4%,4.3,850,42,42.5,44m,2%,2.2,322,16,16.1
Sat 06:19:00,83m,4%,4.15,850,42,42.5,33m,1%,1.65,322,16,16.1
Sat 06:20:00,85m,4%,4.25,850,42,42.5,30m,1%,1.5,396,19,19.8
Sat 06:21:00,84m,4%,4.2,850,42,42.5,44m,2%,2.2,322,16,16.1
Sat 06:22:00,81m,4%,4.05,850,42,42.5,33m,1%,1.65,396,19,19.8
Sat 06:23:00,86m,4%,4.3,850,42,42.5,42m,2%,2.1,322,16,16.1
Sat 06:24:00,84m,4%,4.2,850,42,42.5,33m,1%,1.65,322,16,16.1
Sat 06:25:00,84m,4%,4.2,850,42,42.5,31m,1%,1.55,396,19,19.8
Sat 06:26:00,87m,4%,4.35,850,42,42.5,44m,2%,2.2,322,16,16.1
Sat 06:27:00,83m,4%,4.15,850,42,42.5,33m,1%,1.65,396,19,19.8
Sat 06:28:00,87m,4%,4.35,850,42,42.5,43m,2%,2.15,322,16,16.1
Sat 06:29:00,84m,4%,4.2,850,42,42.5,33m,1%,1.65,322,16,16.1
Sat 06:30:00,85m,4%,4.25,850,42,42.5,30m,1%,1.5,396,19,19.8
Sat 06:31:00,86m,4%,4.3,850,42,42.5,42m,2%,2.1,322,16,16.1
Sat 06:32:00,85m,4%,4.25,850,42,42.5,33m,1%,1.65,396,19,19.8
Sat 06:33:00,86m,4%,4.3,850,42,42.5,42m,2%,2.1,322,16,16.1
Sat 06:34:00,85m,4%,4.25,850,42,42.5,33m,1%,1.65,322,16,16.1
Sat 06:35:00,84m,4%,4.2,850,42,42.5,31m,1%,1.55,396,19,19.8
Sat 06:36:00,88m,4%,4.4,850,42,42.5,45m,2%,2.25,322,16,16.1
Sat 06:37:00,84m,4%,4.2,850,42,42.5,32m,1%,1.6,396,19,19.8
Sat 06:38:00,85m,4%,4.25,850,42,42.5,42m,2%,2.1,322,16,16.1
Sat 06:39:00,83m,4%,4.15,850,42,42.5,33m,1%,1.65,322,16,16.1
Sat 06:40:00,86m,4%,4.3,850,42,42.5,29m,1%,1.45,396,19,19.8
Sat 06:41:00,86m,4%,4.3,850,42,42.5,43m,2%,2.15,322,16,16.1
Sat 06:42:00,85m,4%,4.25,850,42,42.5,33m,1%,1.65,396,19,19.8
Sat 06:43:00,86m,4%,4.3,850,42,42.5,42m,2%,2.1,322,16,16.1
Sat 06:44:00,85m,4%,4.25,850,42,42.5,33m,1%,1.65,322,16,16.1
Sat 06:45:00,84m,4%,4.2,850,42,42.5,30m,1%,1.5,396,19,19.8
Sat 06:46:00,88m,4%,4.4,850,42,42.5,43m,2%,2.15,322,16,16.1
Sat 06:47:00,84m,4%,4.2,850,42,42.5,32m,1%,1.6,396,19,19.8
Sat 06:48:00,88m,4%,4.4,850,42,42.5,44m,2%,2.2,322,16,16.1
Sat 06:49:00,85m,4%,4.25,850,42,42.5,33m,1%,1.65,322,16,16.1
Sat 06:50:00,87m,4%,4.35,850,42,42.5,30m,1%,1.5,396,19,19.8
Sat 06:51:00,86m,4%,4.3,850,42,42.5,44m,2%,2.2,322,16,16.1
Sat 06:52:00,83m,4%,4.15,850,42,42.5,33m,1%,1.65,396,19,19.8
Sat 06:53:00,86m,4%,4.3,850,42,42.5,43m,2%,2.15,322,16,16.1
Sat 06:54:00,84m,4%,4.2,850,42,42.5,33m,1%,1.65,322,16,16.1
Sat 06:55:00,83m,4%,4.15,850,42,42.5,30m,1%,1.5,396,19,19.8
Sat 06:56:00,87m,4%,4.35,850,42,42.5,42m,2%,2.1,322,16,16.1
Sat 06:57:00,84m,4%,4.2,850,42,42.5,32m,1%,1.6,396,19,19.8
Sat 06:58:00,87m,4%,4.35,850,42,42.5,43m,2%,2.15,322,16,16.1
Sat 06:59:00,83m,4%,4.15,850,42,42.5,33m,1%,1.65,322,16,16.1
Sat 07:00:01,85m,4%,4.25,850,42,42.5,30m,1%,1.5,322,16,16.1
Sat 07:01:00,85m,4%,4.25,850,42,42.5,29m,1%,1.45,322,16,16.1
Sat 07:02:00,88m,4%,4.4,850,42,42.5,46m,2%,2.3,322,16,16.1
Sat 07:03:00,85m,4%,4.25,850,42,42.5,30m,1%,1.5,248,12,12.4
Sat 07:04:00,85m,4%,4.25,850,42,42.5,32m,1%,1.6,248,12,12.4
Sat 07:05:00,85m,4%,4.25,850,42,42.5,30m,1%,1.5,322,16,16.1
Sat 07:06:00,84m,4%,4.2,850,42,42.5,42m,2%,2.1,248,12,12.4
Sat 07:07:00,82m,4%,4.1,850,42,42.5,32m,1%,1.6,248,12,12.4
Sat 07:08:00,84m,4%,4.2,850,42,42.5,30m,1%,1.5,248,12,12.4
Sat 07:09:00,82m,4%,4.1,850,42,42.5,28m,1%,1.4,248,12,12.4
Sat 07:10:00,88m,4%,4.4,850,42,42.5,45m,2%,2.25,248,12,12.4
Sat 07:11:00,84m,4%,4.2,850,42,42.5,30m,1%,1.5,248,12,12.4
Sat 07:12:00,84m,4%,4.2,850,42,42.5,28m,1%,1.4,322,16,16.1
Sat 07:13:00,85m,4%,4.25,850,42,42.5,40m,2%,2,248,12,12.4
Sat 07:14:00,85m,4%,4.25,850,42,42.5,32m,1%,1.6,248,12,12.4
Sat 07:15:00,84m,4%,4.2,850,42,42.5,29m,1%,1.45,248,12,12.4
Sat 07:16:00,84m,4%,4.2,850,42,42.5,29m,1%,1.45,322,16,16.1
Sat 07:17:00,85m,4%,4.25,850,42,42.5,41m,2%,2.05,248,12,12.4
Sat 07:18:00,85m,4%,4.25,850,42,42.5,31m,1%,1.55,248,12,12.4
Sat 07:19:00,83m,4%,4.15,850,42,42.5,29m,1%,1.45,248,12,12.4
Sat 07:20:00,85m,4%,4.25,850,42,42.5,29m,1%,1.45,322,16,16.1
Sat 07:21:00,86m,4%,4.3,850,42,42.5,42m,2%,2.1,248,12,12.4
Sat 07:22:00,84m,4%,4.2,850,42,42.5,31m,1%,1.55,248,12,12.4
Sat 07:23:00,84m,4%,4.2,850,42,42.5,29m,1%,1.45,248,12,12.4
Sat 07:24:00,84m,4%,4.2,850,42,42.5,28m,1%,1.4,248,12,12.4
Sat 07:25:00,87m,4%,4.35,850,42,42.5,44m,2%,2.2,248,12,12.4
Sat 07:26:00,85m,4%,4.25,850,42,42.5,29m,1%,1.45,248,12,12.4
Sat 07:27:00,83m,4%,4.15,850,42,42.5,29m,1%,1.45,322,16,16.1
Sat 07:28:01,87m,4%,4.35,850,42,42.5,42m,2%,2.1,248,12,12.4
Sat 07:29:00,84m,4%,4.2,850,42,42.5,32m,1%,1.6,248,12,12.4
Sat 07:30:00,85m,4%,4.25,850,42,42.5,29m,1%,1.45,248,12,12.4
Sat 07:31:00,84m,4%,4.2,850,42,42.5,30m,1%,1.5,322,16,16.1
Sat 07:32:00,87m,4%,4.35,850,42,42.5,42m,2%,2.1,248,12,12.4
Sat 07:33:00,82m,4%,4.1,850,42,42.5,32m,1%,1.6,248,12,12.4
Sat 07:34:00,84m,4%,4.2,850,42,42.5,28m,1%,1.4,248,12,12.4
Sat 07:35:00,84m,4%,4.2,850,42,42.5,28m,1%,1.4,322,16,16.1
Sat 07:36:00,85m,4%,4.25,850,42,42.5,41m,2%,2.05,248,12,12.4
Sat 07:37:00,84m,4%,4.2,850,42,42.5,31m,1%,1.55,248,12,12.4
Sat 07:38:00,85m,4%,4.25,850,42,42.5,29m,1%,1.45,248,12,12.4
Sat 07:39:00,85m,4%,4.25,850,42,42.5,28m,1%,1.4,248,12,12.4
Sat 07:40:00,85m,4%,4.25,850,42,42.5,44m,2%,2.2,248,12,12.4
Sat 07:41:00,84m,4%,4.2,850,42,42.5,30m,1%,1.5,248,12,12.4
Sat 07:42:00,85m,4%,4.25,850,42,42.5,29m,1%,1.45,322,16,16.1
Sat 07:43:00,86m,4%,4.3,850,42,42.5,42m,2%,2.1,248,12,12.4
Sat 07:44:00,84m,4%,4.2,850,42,42.5,33m,1%,1.65,248,12,12.4
Sat 07:45:00,84m,4%,4.2,850,42,42.5,28m,1%,1.4,248,12,12.4
Sat 07:46:00,84m,4%,4.2,850,42,42.5,30m,1%,1.5,322,16,16.1
Sat 07:47:00,83m,4%,4.15,850,42,42.5,41m,2%,2.05,248,12,12.4
Sat 07:48:00,83m,4%,4.15,850,42,42.5,31m,1%,1.55,248,12,12.4
Sat 07:49:00,83m,4%,4.15,850,42,42.5,29m,1%,1.45,248,12,12.4
Sat 07:50:00,84m,4%,4.2,850,42,42.5,27m,1%,1.35,322,16,16.1
Sat 07:51:01,85m,4%,4.25,850,42,42.5,42m,2%,2.1,248,12,12.4
Sat 07:52:00,85m,4%,4.25,850,42,42.5,31m,1%,1.55,248,12,12.4
Sat 07:53:00,83m,4%,4.15,850,42,42.5,30m,1%,1.5,248,12,12.4
Sat 07:54:00,83m,4%,4.15,850,42,42.5,29m,1%,1.45,248,12,12.4
Sat 07:55:00,86m,4%,4.3,850,42,42.5,44m,2%,2.2,248,12,12.4
Sat 07:56:00,83m,4%,4.15,850,42,42.5,29m,1%,1.45,248,12,12.4
Sat 07:57:00,82m,4%,4.1,850,42,42.5,28m,1%,1.4,322,16,16.1
Sat 07:58:00,86m,4%,4.3,850,42,42.5,41m,2%,2.05,248,12,12.4
Sat 07:59:00,83m,4%,4.15,850,42,42.5,32m,1%,1.6,322,16,16.1
Sat 08:00:00,87m,4%,4.35,850,42,42.5,42m,2%,2.1,396,19,19.8
Sat 08:01:00,85m,4%,4.25,850,42,42.5,43m,2%,2.15,396,19,19.8
Sat 08:02:00,84m,4%,4.2,850,42,42.5,31m,1%,1.55,396,19,19.8
Sat 08:03:00,85m,4%,4.25,850,42,42.5,48m,2%,2.4,470,23,23.5
Sat 08:04:00,84m,4%,4.2,850,42,42.5,44m,2%,2.2,470,23,23.5
Sat 08:05:00,83m,4%,4.15,850,42,42.5,32m,1%,1.6,544,27,27.2
Sat 08:06:00,86m,4%,4.3,850,42,42.5,48m,2%,2.4,544,27,27.2
Sat 08:07:00,85m,4%,4.25,850,42,42.5,48m,2%,2.4,544,27,27.2
Sat 08:08:00,84m,4%,4.2,850,42,42.5,36m,1%,1.8,544,27,27.2
Sat 08:09:00,85m,4%,4.25,850,42,42.5,46m,2%,2.3,544,27,27.2
Sat 08:10:00,87m,4%,4.35,850,42,42.5,49m,2%,2.45,544,27,27.2
Sat 08:11:00,86m,4%,4.3,850,42,42.5,49m,2%,2.45,470,23,23.5
Sat 08:12:00,85m,4%,4.25,850,42,42.5,35m,1%,1.75,544,27,27.2
Sat 08:13:00,86m,4%,4.3,850,42,42.5,49m,2%,2.45,544,27,27.2
Sat 08:14:00,86m,4%,4.3,850,42,42.5,48m,2%,2.4,470,23,23.5
Sat 08:15:00,84m,4%,4.2,850,42,42.5,36m,1%,1.8,544,27,27.2
Sat 08:16:00,88m,4%,4.4,850,42,42.5,48m,2%,2.4,544,27,27.2
Sat 08:17:00,85m,4%,4.25,850,42,42.5,49m,2%,2.45,470,23,23.5
Sat 08:18:00,86m,4%,4.3,850,42,42.5,36m,1%,1.8,544,27,27.2
Sat 08:19:00,85m,4%,4.25,850,42,42.5,46m,2%,2.3,544,27,27.2
Sat 08:20:00,85m,4%,4.25,850,42,42.5,49m,2%,2.45,544,27,27.2
Sat 08:21:00,84m,4%,4.2,850,42,42.5,37m,1%,1.85,544,27,27.2
Sat 08:22:00,87m,4%,4.35,850,42,42.5,49m,2%,2.45,544,27,27.2
Sat 08:23:00,85m,4%,4.25,850,42,42.5,48m,2%,2.4,544,27,27.2
Sat 08:24:00,86m,4%,4.3,850,42,42.5,46m,2%,2.3,544,27,27.2
Sat 08:25:00,85m,4%,4.25,850,42,42.5,37m,1%,1.85,544,27,27.2
Sat 08:26:00,88m,4%,4.4,850,42,42.5,50m,2%,2.5,544,27,27.2
Sat 08:27:00,85m,4%,4.25,850,42,42.5,48m,2%,2.4,470,23,23.5
Sat 08:28:00,84m,4%,4.2,850,42,42.5,35m,1%,1.75,544,27,27.2
Sat 08:29:01,85m,4%,4.25,850,42,42.5,48m,2%,2.4,544,27,27.2
Sat 08:30:00,87m,4%,4.35,850,42,42.5,49m,2%,2.45,470,23,23.5
Sat 08:31:00,83m,4%,4.15,850,42,42.5,37m,1%,1.85,544,27,27.2
Sat 08:32:00,86m,4%,4.3,850,42,42.5,46m,2%,2.3,544,27,27.2
Sat 08:33:00,85m,4%,4.25,850,42,42.5,48m,2%,2.4,470,23,23.5
Sat 08:34:00,84m,4%,4.2,850,42,42.5,37m,1%,1.85,544,27,27.2
Sat 08:35:00,85m,4%,4.25,850,42,42.5,47m,2%,2.35,544,27,27.2
Sat 08:36:00,88m,4%,4.4,850,42,42.5,50m,2%,2.5,544,27,27.2
Sat 08:37:00,84m,4%,4.2,850,42,42.5,36m,1%,1.8,544,27,27.2
Sat 08:38:00,86m,4%,4.3,850,42,42.5,48m,2%,2.4,544,27,27.2
Sat 08:39:00,85m,4%,4.25,850,42,42.5,49m,2%,2.45,544,27,27.2
Sat 08:40:00,87m,4%,4.35,850,42,42.5,49m,2%,2.45,470,23,23.5
Sat 08:41:00,83m,4%,4.15,850,42,42.5,34m,1%,1.7,544,27,27.2
Sat 08:42:00,87m,4%,4.35,850,42,42.5,50m,2%,2.5,544,27,27.2
Sat 08:43:00,85m,4%,4.25,850,42,42.5,48m,2%,2.4,470,23,23.5
Sat 08:44:00,84m,4%,4.2,850,42,42.5,38m,1%,1.9,544,27,27.2
Sat 08:45:01,86m,4%,4.3,850,42,42.5,46m,2%,2.3,544,27,27.2
Sat 08:46:00,99m,4%,4.95,850,42,42.5,54m,2%,2.7,470,23,23.5
Sat 08:47:00,83m,4%,4.15,850,42,42.5,38m,1%,1.9,544,27,27.2
Sat 08:48:00,85m,4%,4.25,850,42,42.5,45m,2%,2.25,544,27,27.2
Sat 08:49:00,85m,4%,4.25,850,42,42.5,48m,2%,2.4,544,27,27.2
Sat 08:50:01,83m,4%,4.15,850,42,42.5,36m,1%,1.8,544,27,27.2
Sat 08:51:00,85m,4%,4.25,850,42,42.5,48m,2%,2.4,544,27,27.2
Sat 08:52:00,88m,4%,4.4,850,42,42.5,49m,2%,2.45,544,27,27.2
Sat 08:53:00,86m,4%,4.3,850,42,42.5,49m,2%,2.45,544,27,27.2
Sat 08:54:00,85m,4%,4.25,850,42,42.5,35m,1%,1.75,544,27,27.2
Sat 08:55:00,87m,4%,4.35,850,42,42.5,49m,2%,2.45,544,27,27.2
Sat 08:56:00,87m,4%,4.35,850,42,42.5,49m,2%,2.45,470,23,23.5
Sat 08:57:00,83m,4%,4.15,850,42,42.5,38m,1%,1.9,544,27,27.2
Sat 08:58:00,87m,4%,4.35,850,42,42.5,46m,2%,2.3,470,23,23.5
Sat 08:59:00,83m,4%,4.15,850,42,42.5,35m,1%,1.75,470,23,23.5
Sat 09:00:00,87m,4%,4.35,850,42,42.5,49m,2%,2.45,470,23,23.5
Sat 09:01:00,85m,4%,4.25,850,42,42.5,34m,1%,1.7,396,19,19.8
Sat 09:02:00,85m,4%,4.25,850,42,42.5,34m,1%,1.7,396,19,19.8
Sat 09:03:00,85m,4%,4.25,850,42,42.5,48m,2%,2.4,396,19,19.8
Sat 09:04:00,84m,4%,4.2,850,42,42.5,32m,1%,1.6,396,19,19.8
Sat 09:05:00,86m,4%,4.3,850,42,42.5,45m,2%,2.25,322,16,16.1
Sat 09:06:01,83m,4%,4.15,850,42,42.5,34m,1%,1.7,396,19,19.8
Sat 09:07:00,87m,4%,4.35,850,42,42.5,44m,2%,2.2,396,19,19.8
Sat 09:08:00,84m,4%,4.2,850,42,42.5,32m,1%,1.6,322,16,16.1
Sat 09:09:00,84m,4%,4.2,850,42,42.5,33m,1%,1.65,396,19,19.8
Sat 09:10:00,87m,4%,4.35,850,42,42.5,44m,2%,2.2,322,16,16.1
Sat 09:11:00,83m,4%,4.15,850,42,42.5,35m,1%,1.75,396,19,19.8
Sat 09:12:00,86m,4%,4.3,850,42,42.5,44m,2%,2.2,322,16,16.1
Sat 09:13:00,83m,4%,4.15,850,42,42.5,33m,1%,1.65,322,16,16.1
Sat 09:14:00,84m,4%,4.2,850,42,42.5,31m,1%,1.55,396,19,19.8
Sat 09:15:00,85m,4%,4.25,850,42,42.5,44m,2%,2.2,322,16,16.1
Sat 09:16:00,85m,4%,4.25,850,42,42.5,33m,1%,1.65,396,19,19.8
Sat 09:17:00,85m,4%,4.25,850,42,42.5,45m,2%,2.25,322,16,16.1
Sat 09:18:00,85m,4%,4.25,850,42,42.5,34m,1%,1.7,396,19,19.8
Sat 09:19:00,85m,4%,4.25,850,42,42.5,45m,2%,2.25,396,19,19.8
Sat 09:20:00,82m,4%,4.1,850,42,42.5,31m,1%,1.55,322,16,16.1
Sat 09:21:00,83m,4%,4.15,850,42,42.5,33m,1%,1.65,396,19,19.8
Sat 09:22:00,84m,4%,4.2,850,42,42.5,42m,2%,2.1,322,16,16.1
Sat 09:23:00,83m,4%,4.15,850,42,42.5,32m,1%,1.6,396,19,19.8
Sat 09:24:00,86m,4%,4.3,850,42,42.5,43m,2%,2.15,322,16,16.1
Sat 09:25:00,84m,4%,4.2,850,42,42.5,33m,1%,1.65,322,16,16.1
Sat 09:26:00,84m,4%,4.2,850,42,42.5,30m,1%,1.5,396,19,19.8
Sat 09:27:00,85m,4%,4.25,850,42,42.5,43m,2%,2.15,322,16,16.1
Sat 09:28:00,85m,4%,4.25,850,42,42.5,32m,1%,1.6,396,19,19.8
Sat 09:29:00,86m,4%,4.3,850,42,42.5,43m,2%,2.15,322,16,16.1
Sat 09:30:00,85m,4%,4.25,850,42,42.5,33m,1%,1.65,396,19,19.8
Sat 09:31:00,86m,4%,4.3,850,42,42.5,44m,2%,2.2,396,19,19.8
Sat 09:32:00,84m,4%,4.2,850,42,42.5,31m,1%,1.55,322,16,16.1
Sat 09:33:00,83m,4%,4.15,850,42,42.5,33m,1%,1.65,396,19,19.8
Sat 09:34:00,84m,4%,4.2,850,42,42.5,43m,2%,2.15,322,16,16.1
Sat 09:35:00,84m,4%,4.2,850,42,42.5,33m,1%,1.65,396,19,19.8
Sat 09:36:00,85m,4%,4.25,850,42,42.5,44m,2%,2.2,322,16,16.1
Sat 09:37:00,83m,4%,4.15,850,42,42.5,34m,1%,1.7,322,16,16.1
Sat 09:38:00,84m,4%,4.2,850,42,42.5,31m,1%,1.55,396,19,19.8
Sat 09:39:00,85m,4%,4.25,850,42,42.5,44m,2%,2.2,322,16,16.1
Sat 09:40:00,85m,4%,4.25,850,42,42.5,33m,1%,1.65,396,19,19.8
Sat 09:41:00,87m,4%,4.35,850,42,42.5,45m,2%,2.25,322,16,16.1
Sat 09:42:00,91m,4%,4.55,850,42,42.5,36m,1%,1.8,396,19,19.8
Sat 09:43:00,100m,5%,5,850,42,42.5,51m,2%,2.55,396,19,19.8
Sat 09:44:00,97m,4%,4.85,850,42,42.5,38m,1%,1.9,322,16,16.1
Sat 09:45:00,95m,4%,4.75,850,42,42.5,34m,1%,1.7,396,19,19.8
Sat 09:46:00,98m,4%,4.9,850,42,42.5,48m,2%,2.4,322,16,16.1
Sat 09:47:00,94m,4%,4.7,850,42,42.5,38m,1%,1.9,396,19,19.8
Sat 09:48:00,97m,4%,4.85,850,42,42.5,48m,2%,2.4,322,16,16.1
Sat 09:49:00,94m,4%,4.7,850,42,42.5,37m,1%,1.85,322,16,16.1
Sat 09:50:00,97m,4%,4.85,850,42,42.5,35m,1%,1.75,396,19,19.8
Sat 09:51:00,93m,4%,4.65,850,42,42.5,47m,2%,2.35,322,16,16.1
Sat 09:52:00,93m,4%,4.65,850,42,42.5,36m,1%,1.8,396,19,19.8
Sat 09:53:00,93m,4%,4.65,850,42,42.5,46m,2%,2.3,322,16,16.1
Sat 09:54:00,92m,4%,4.6,850,42,42.5,36m,1%,1.8,396,19,19.8
Sat 09:55:00,96m,4%,4.8,850,42,42.5,46m,2%,2.3,396,19,19.8
Sat 09:56:00,95m,4%,4.75,850,42,42.5,37m,1%,1.85,322,16,16.1
Sat 09:57:00,92m,4%,4.6,850,42,42.5,33m,1%,1.65,396,19,19.8
Sat 09:58:00,101m,5%,5.05,850,42,42.5,47m,2%,2.35,322,16,16.1
Sat 09:59:00,97m,4%,4.85,850,42,42.5,38m,1%,1.9,396,19,19.8
Sat 10:00:00,89m,4%,4.45,850,42,42.5,44m,2%,2.2,322,16,16.1
Sat 10:01:00,89m,4%,4.45,850,42,42.5,36m,1%,1.8,396,19,19.8
Sat 10:02:00,93m,4%,4.65,850,42,42.5,46m,2%,2.3,396,19,19.8
Sat 10:03:00,93m,4%,4.65,850,42,42.5,34m,1%,1.7,396,19,19.8
Sat 10:04:00,93m,4%,4.65,850,42,42.5,36m,1%,1.8,396,19,19.8
Sat 10:05:00,90m,4%,4.5,850,42,42.5,46m,2%,2.3,322,16,16.1
Sat 10:06:00,88m,4%,4.4,850,42,42.5,36m,1%,1.8,396,19,19.8
Sat 10:07:00,95m,4%,4.75,850,42,42.5,50m,2%,2.5,322,16,16.1
Sat 10:08:01,89m,4%,4.45,850,42,42.5,36m,1%,1.8,396,19,19.8
Sat 10:09:00,92m,4%,4.6,850,42,42.5,46m,2%,2.3,396,19,19.8
Sat 10:10:00,95m,4%,4.75,850,42,42.5,34m,1%,1.7,396,19,19.8
Sat 10:11:00,95m,4%,4.75,850,42,42.5,50m,2%,2.5,396,19,19.8
Sat 10:12:00,91m,4%,4.55,850,42,42.5,34m,1%,1.7,396,19,19.8
Sat 10:13:00,92m,4%,4.6,850,42,42.5,48m,2%,2.4,396,19,19.8
Sat 10:14:00,86m,4%,4.3,850,42,42.5,33m,1%,1.65,396,19,19.8
Sat 10:15:00,91m,4%,4.55,850,42,42.5,36m,1%,1.8,396,19,19.8
Sat 10:16:00,94m,4%,4.7,850,42,42.5,46m,2%,2.3,322,16,16.1
Sat 10:17:00,89m,4%,4.45,850,42,42.5,36m,1%,1.8,396,19,19.8
Sat 10:18:00,93m,4%,4.65,850,42,42.5,47m,2%,2.35,322,16,16.1
Sat 10:19:00,89m,4%,4.45,850,42,42.5,34m,1%,1.7,396,19,19.8
Sat 10:20:00,96m,4%,4.8,850,42,42.5,50m,2%,2.5,396,19,19.8
Sat 10:21:00,92m,4%,4.6,850,42,42.5,34m,1%,1.7,396,19,19.8
Sat 10:22:00,93m,4%,4.65,850,42,42.5,49m,2%,2.45,396,19,19.8
Sat 10:23:00,91m,4%,4.55,850,42,42.5,33m,1%,1.65,396,19,19.8
Sat 10:24:00,90m,4%,4.5,850,42,42.5,48m,2%,2.4,396,19,19.8
Sat 10:25:00,88m,4%,4.4,850,42,42.5,33m,1%,1.65,322,16,16.1
Sat 10:26:00,87m,4%,4.35,850,42,42.5,36m,1%,1.8,396,19,19.8
Sat 10:27:00,89m,4%,4.45,850,42,42.5,45m,2%,2.25,322,16,16.1
Sat 10:28:00,88m,4%,4.4,850,42,42.5,35m,1%,1.75,396,19,19.8
Sat 10:29:00,94m,4%,4.7,850,42,42.5,47m,2%,2.35,322,16,16.1
Sat 10:30:00,94m,4%,4.7,850,42,42.5,35m,1%,1.75,396,19,19.8
Sat 10:31:00,91m,4%,4.55,850,42,42.5,49m,2%,2.45,396,19,19.8
Sat 10:32:00,90m,4%,4.5,850,42,42.5,33m,1%,1.65,396,19,19.8
Sat 10:33:00,90m,4%,4.5,850,42,42.5,48m,2%,2.4,396,19,19.8
Sat 10:34:00,90m,4%,4.5,850,42,42.5,34m,1%,1.7,396,19,19.8
Sat 10:35:00,91m,4%,4.55,850,42,42.5,42m,2%,2.1,396,19,19.8
Sat 10:36:00,92m,4%,4.6,850,42,42.5,44m,2%,2.2,322,16,16.1
Sat 10:37:00,89m,4%,4.45,850,42,42.5,35m,1%,1.75,396,19,19.8
Sat 10:38:00,92m,4%,4.6,850,42,42.5,47m,2%,2.35,322,16,16.1
Sat 10:39:00,88m,4%,4.4,850,42,42.5,36m,1%,1.8,396,19,19.8
Sat 10:40:00,96m,4%,4.8,850,42,42.5,48m,2%,2.4,396,19,19.8
Sat 10:41:00,90m,4%,4.5,850,42,42.5,35m,1%,1.75,396,19,19.8
Sat 10:42:00,90m,4%,4.5,850,42,42.5,46m,2%,2.3,396,19,19.8
Sat 10:43:00,82m,4%,4.1,850,42,42.5,31m,1%,1.55,396,19,19.8
Sat 10:44:00,86m,4%,4.3,850,42,42.5,46m,2%,2.3,396,19,19.8
Sat 10:45:00,84m,4%,4.2,850,42,42.5,31m,1%,1.55,322,16,16.1
Sat 10:46:01,87m,4%,4.35,850,42,42.5,34m,1%,1.7,396,19,19.8
Sat 10:47:00,85m,4%,4.25,850,42,42.5,45m,2%,2.25,322,16,16.1
Sat 10:48:00,85m,4%,4.25,850,42,42.5,33m,1%,1.65,396,19,19.8
Sat 10:49:00,85m,4%,4.25,850,42,42.5,44m,2%,2.2,322,16,16.1
Sat 10:50:00,87m,4%,4.35,850,42,42.5,34m,1%,1.7,396,19,19.8
Sat 10:51:00,87m,4%,4.35,850,42,42.5,44m,2%,2.2,396,19,19.8
Sat 10:52:00,84m,4%,4.2,850,42,42.5,31m,1%,1.55,396,19,19.8
Sat 10:53:00,85m,4%,4.25,850,42,42.5,46m,2%,2.3,396,19,19.8
Sat 10:54:00,89m,4%,4.45,850,42,42.5,33m,1%,1.65,396,19,19.8
Sat 10:55:00,88m,4%,4.4,850,42,42.5,46m,2%,2.3,396,19,19.8
Sat 10:56:00,88m,4%,4.4,850,42,42.5,32m,1%,1.6,322,16,16.1
Sat 10:57:00,89m,4%,4.45,850,42,42.5,35m,1%,1.75,396,19,19.8
Sat 10:58:00,90m,4%,4.5,850,42,42.5,46m,2%,2.3,396,19,19.8
Sat 10:59:00,91m,4%,4.55,850,42,42.5,49m,2%,2.45,396,19,19.8
Sat 11:00:00,95m,4%,4.75,850,42,42.5,35m,1%,1.75,470,23,23.5
Sat 11:01:00,91m,4%,4.55,850,42,42.5,47m,2%,2.35,396,19,19.8
Sat 11:02:00,89m,4%,4.45,850,42,42.5,37m,1%,1.85,470,23,23.5
Sat 11:03:00,93m,4%,4.65,850,42,42.5,47m,2%,2.35,396,19,19.8
Sat 11:04:00,90m,4%,4.5,850,42,42.5,36m,1%,1.8,470,23,23.5
Sat 11:05:00,92m,4%,4.6,850,42,42.5,48m,2%,2.4,470,23,23.5
Sat 11:06:00,90m,4%,4.5,850,42,42.5,49m,2%,2.45,470,23,23.5
Sat 11:07:00,88m,4%,4.4,850,42,42.5,35m,1%,1.75,470,23,23.5
Sat 11:08:00,91m,4%,4.55,850,42,42.5,49m,2%,2.45,396,19,19.8
Sat 11:09:00,91m,4%,4.55,850,42,42.5,37m,1%,1.85,470,23,23.5
Sat 11:10:00,92m,4%,4.6,850,42,42.5,49m,2%,2.45,396,19,19.8
Sat 11:11:00,89m,4%,4.45,850,42,42.5,37m,1%,1.85,470,23,23.5
Sat 11:12:00,92m,4%,4.6,850,42,42.5,48m,2%,2.4,470,23,23.5
Sat 11:13:00,91m,4%,4.55,850,42,42.5,50m,2%,2.5,470,23,23.5
Sat 11:14:01,91m,4%,4.55,850,42,42.5,35m,1%,1.75,470,23,23.5
Sat 11:15:00,85m,4%,4.25,850,42,42.5,47m,2%,2.35,396,19,19.8
Sat 11:16:00,83m,4%,4.15,850,42,42.5,36m,1%,1.8,470,23,23.5
Sat 11:17:00,85m,4%,4.25,850,42,42.5,46m,2%,2.3,396,19,19.8
Sat 11:18:00,89m,4%,4.45,850,42,42.5,37m,1%,1.85,470,23,23.5
Sat 11:19:00,93m,4%,4.65,850,42,42.5,48m,2%,2.4,470,23,23.5
Sat 11:20:00,94m,4%,4.7,850,42,42.5,50m,2%,2.5,470,23,23.5
Sat 11:21:00,88m,4%,4.4,850,42,42.5,34m,1%,1.7,470,23,23.5
Sat 11:22:00,93m,4%,4.65,850,42,42.5,50m,2%,2.5,396,19,19.8
Sat 11:23:00,92m,4%,4.6,850,42,42.5,38m,1%,1.9,470,23,23.5
Sat 11:24:00,96m,4%,4.8,850,42,42.5,50m,2%,2.5,396,19,19.8
Sat 11:25:00,95m,4%,4.75,850,42,42.5,38m,1%,1.9,470,23,23.5
Sat 11:26:00,95m,4%,4.75,850,42,42.5,50m,2%,2.5,470,23,23.5
Sat 11:27:00,91m,4%,4.55,850,42,42.5,50m,2%,2.5,470,23,23.5
Sat 11:28:00,92m,4%,4.6,850,42,42.5,36m,1%,1.8,470,23,23.5
Sat 11:29:00,91m,4%,4.55,850,42,42.5,50m,2%,2.5,396,19,19.8
Sat 11:30:00,92m,4%,4.6,850,42,42.5,38m,1%,1.9,470,23,23.5
Sat 11:31:00,91m,4%,4.55,850,42,42.5,48m,2%,2.4,396,19,19.8
Sat 11:32:00,89m,4%,4.45,850,42,42.5,35m,1%,1.75,470,23,23.5
Sat 11:33:00,93m,4%,4.65,850,42,42.5,49m,2%,2.45,470,23,23.5
Sat 11:34:00,87m,4%,4.35,850,42,42.5,47m,2%,2.35,470,23,23.5
Sat 11:35:00,87m,4%,4.35,850,42,42.5,34m,1%,1.7,470,23,23.5
Sat 11:36:00,91m,4%,4.55,850,42,42.5,51m,2%,2.55,396,19,19.8
Sat 11:37:00,90m,4%,4.5,850,42,42.5,38m,1%,1.9,470,23,23.5
Sat 11:38:00,91m,4%,4.55,850,42,42.5,47m,2%,2.35,396,19,19.8
Sat 11:39:00,87m,4%,4.35,850,42,42.5,36m,1%,1.8,470,23,23.5
Sat 11:40:00,92m,4%,4.6,850,42,42.5,49m,2%,2.45,470,23,23.5
Sat 11:41:00,88m,4%,4.4,850,42,42.5,49m,2%,2.45,470,23,23.5
Sat 11:42:00,89m,4%,4.45,850,42,42.5,36m,1%,1.8,470,23,23.5
Sat 11:43:00,92m,4%,4.6,850,42,42.5,50m,2%,2.5,396,19,19.8
Sat 11:44:00,88m,4%,4.4,850,42,42.5,37m,1%,1.85,470,23,23.5
Sat 11:45:00,91m,4%,4.55,850,42,42.5,47m,2%,2.35,396,19,19.8
Sat 11:46:00,90m,4%,4.5,850,42,42.5,37m,1%,1.85,470,23,23.5
Sat 11:47:00,90m,4%,4.5,850,42,42.5,49m,2%,2.45,470,23,23.5
Sat 11:48:00,94m,4%,4.7,850,42,42.5,50m,2%,2.5,470,23,23.5
Sat 11:49:00,89m,4%,4.45,850,42,42.5,35m,1%,1.75,470,23,23.5
Sat 11:50:00,91m,4%,4.55,850,42,42.5,49m,2%,2.45,396,19,19.8
Sat 11:51:00,86m,4%,4.3,850,42,42.5,38m,1%,1.9,470,23,23.5
Sat 11:52:00,86m,4%,4.3,850,42,42.5,46m,2%,2.3,396,19,19.8
Sat 11:53:00,83m,4%,4.15,850,42,42.5,34m,1%,1.7,470,23,23.5
Sat 11:54:00,89m,4%,4.45,850,42,42.5,47m,2%,2.35,470,23,23.5
Sat 11:55:00,87m,4%,4.35,850,42,42.5,47m,2%,2.35,470,23,23.5
Sat 11:56:00,84m,4%,4.2,850,42,42.5,34m,1%,1.7,470,23,23.5
Sat 11:57:01,90m,4%,4.5,850,42,42.5,48m,2%,2.4,470,23,23.5
Sat 11:58:00,88m,4%,4.4,850,42,42.5,48m,2%,2.4,544,27,27.2
Sat 11:59:00,86m,4%,4.3,850,42,42.5,48m,2%,2.4,544,27,27.2
Sat 12:00:00,87m,4%,4.35,850,42,42.5,49m,2%,2.45,618,30,30.9
Sat 12:01:00,86m,4%,4.3,850,42,42.5,49m,2%,2.45,618,30,30.9
Sat 12:02:01,87m,4%,4.35,850,42,42.5,50m,2%,2.5,692,34,34.6
Sat 12:03:00,85m,4%,4.25,850,42,42.5,49m,2%,2.45,692,34,34.6
Sat 12:04:00,87m,4%,4.35,924,46,46.2,54m,2%,2.7,618,30,30.9
Sat 12:05:00,94m,4%,4.7,924,46,46.2,42m,2%,2.1,618,30,30.9
Sat 12:06:00,88m,4%,4.4,924,46,46.2,53m,2%,2.65,618,30,30.9
Sat 12:07:00,85m,4%,4.25,924,46,46.2,51m,2%,2.55,618,30,30.9
Sat 12:08:00,87m,4%,4.35,924,46,46.2,51m,2%,2.55,618,30,30.9
Sat 12:09:00,86m,4%,4.3,924,46,46.2,51m,2%,2.55,618,30,30.9
Sat 12:10:00,87m,4%,4.35,924,46,46.2,51m,2%,2.55,618,30,30.9
Sat 12:11:00,85m,4%,4.25,924,46,46.2,51m,2%,2.55,618,30,30.9
Sat 12:12:00,86m,4%,4.3,850,42,42.5,51m,2%,2.55,692,34,34.6
Sat 12:13:00,89m,4%,4.45,924,46,46.2,49m,2%,2.45,618,30,30.9
Sat 12:14:00,96m,4%,4.8,924,46,46.2,42m,2%,2.1,618,30,30.9
Sat 12:15:00,87m,4%,4.35,924,46,46.2,51m,2%,2.55,618,30,30.9
Sat 12:16:00,87m,4%,4.35,924,46,46.2,49m,2%,2.45,618,30,30.9
Sat 12:17:00,86m,4%,4.3,924,46,46.2,51m,2%,2.55,618,30,30.9
Sat 12:18:00,87m,4%,4.35,924,46,46.2,50m,2%,2.5,618,30,30.9
Sat 12:19:00,86m,4%,4.3,924,46,46.2,50m,2%,2.5,618,30,30.9
Sat 12:20:00,88m,4%,4.4,924,46,46.2,50m,2%,2.5,618,30,30.9
Sat 12:21:00,86m,4%,4.3,850,42,42.5,52m,2%,2.6,692,34,34.6
Sat 12:22:00,89m,4%,4.45,924,46,46.2,48m,2%,2.4,618,30,30.9
Sat 12:23:00,94m,4%,4.7,924,46,46.2,42m,2%,2.1,618,30,30.9
Sat 12:24:00,86m,4%,4.3,924,46,46.2,50m,2%,2.5,618,30,30.9
Sat 12:25:00,87m,4%,4.35,924,46,46.2,51m,2%,2.55,618,30,30.9
Sat 12:26:00,89m,4%,4.45,924,46,46.2,53m,2%,2.65,618,30,30.9
Sat 12:27:00,87m,4%,4.35,924,46,46.2,50m,2%,2.5,618,30,30.9
Sat 12:28:00,86m,4%,4.3,924,46,46.2,51m,2%,2.55,618,30,30.9
Sat 12:29:01,88m,4%,4.4,924,46,46.2,51m,2%,2.55,618,30,30.9
Sat 12:30:00,86m,4%,4.3,850,42,42.5,51m,2%,2.55,692,34,34.6
Sat 12:31:00,95m,4%,4.75,924,46,46.2,50m,2%,2.5,692,34,34.6
Sat 12:32:00,89m,4%,4.45,924,46,46.2,43m,2%,2.15,692,34,34.6
Sat 12:33:00,87m,4%,4.35,924,46,46.2,52m,2%,2.6,692,34,34.6
Sat 12:34:00,85m,4%,4.25,924,46,46.2,50m,2%,2.5,692,34,34.6
Sat 12:35:00,87m,4%,4.35,924,46,46.2,52m,2%,2.6,692,34,34.6
Sat 12:36:00,86m,4%,4.3,924,46,46.2,56m,2%,2.8,692,34,34.6
Sat 12:37:00,80m,4%,4,924,46,46.2,57m,2%,2.85,692,34,34.6
Sat 12:38:00,88m,4%,4.4,924,46,46.2,53m,2%,2.65,692,34,34.6
Sat 12:39:00,87m,4%,4.35,924,46,46.2,50m,2%,2.5,692,34,34.6
Sat 12:40:00,94m,4%,4.7,924,46,46.2,41m,2%,2.05,692,34,34.6
Sat 12:41:00,90m,4%,4.5,924,46,46.2,50m,2%,2.5,692,34,34.6
Sat 12:42:00,87m,4%,4.35,924,46,46.2,51m,2%,2.55,692,34,34.6
Sat 12:43:00,87m,4%,4.35,924,46,46.2,52m,2%,2.6,692,34,34.6
Sat 12:44:00,87m,4%,4.35,924,46,46.2,52m,2%,2.6,692,34,34.6
Sat 12:45:00,87m,4%,4.35,924,46,46.2,51m,2%,2.55,692,34,34.6
Sat 12:46:00,100m,5%,5,924,46,46.2,55m,2%,2.75,692,34,34.6
Sat 12:47:00,89m,4%,4.45,924,46,46.2,53m,2%,2.65,692,34,34.6
Sat 12:48:00,86m,4%,4.3,924,46,46.2,51m,2%,2.55,692,34,34.6
Sat 12:49:00,97m,4%,4.85,924,46,46.2,42m,2%,2.1,692,34,34.6
Sat 12:50:00,87m,4%,4.35,924,46,46.2,50m,2%,2.5,692,34,34.6
Sat 12:51:00,86m,4%,4.3,924,46,46.2,50m,2%,2.5,692,34,34.6
Sat 12:52:00,87m,4%,4.35,924,46,46.2,51m,2%,2.55,692,34,34.6
Sat 12:53:00,87m,4%,4.35,924,46,46.2,51m,2%,2.55,692,34,34.6
Sat 12:54:00,86m,4%,4.3,924,46,46.2,52m,2%,2.6,692,34,34.6
Sat 12:55:01,88m,4%,4.4,924,46,46.2,51m,2%,2.55,692,34,34.6
Sat 12:56:00,88m,4%,4.4,924,46,46.2,50m,2%,2.5,692,34,34.6
Sat 12:57:00,86m,4%,4.3,924,46,46.2,50m,2%,2.5,692,34,34.6
Sat 12:58:00,98m,4%,4.9,924,46,46.2,42m,2%,2.1,618,30,30.9
Sat 12:59:00,85m,4%,4.25,998,49,49.9,52m,2%,2.6,618,30,30.9
Sat 13:00:00,89m,4%,4.45,998,49,49.9,57m,2%,2.85,618,30,30.9
Sat 13:01:00,96m,4%,4.8,998,49,49.9,51m,2%,2.55,618,30,30.9
Sat 13:02:00,88m,4%,4.4,998,49,49.9,50m,2%,2.5,618,30,30.9
Sat 13:03:00,90m,4%,4.5,998,49,49.9,50m,2%,2.5,618,30,30.9
Sat 13:04:00,88m,4%,4.4,1072,53,53.6,50m,2%,2.5,618,30,30.9
Sat 13:05:00,95m,4%,4.75,998,49,49.9,56m,2%,2.8,692,34,34.6
Sat 13:06:00,95m,4%,4.75,1072,53,53.6,49m,2%,2.45,618,30,30.9
Sat 13:07:00,98m,4%,4.9,1072,53,53.6,43m,2%,2.15,618,30,30.9
Sat 13:08:00,88m,4%,4.4,998,49,49.9,49m,2%,2.45,692,34,34.6
Sat 13:09:00,93m,4%,4.65,1072,53,53.6,49m,2%,2.45,618,30,30.9
Sat 13:10:00,98m,4%,4.9,1072,53,53.6,60m,3%,3,618,30,30.9
Sat 13:11:00,92m,4%,4.6,1072,53,53.6,51m,2%,2.55,618,30,30.9
Sat 13:12:00,88m,4%,4.4,1072,53,53.6,50m,2%,2.5,618,30,30.9
Sat 13:13:00,89m,4%,4.45,998,49,49.9,50m,2%,2.5,692,34,34.6
Sat 13:14:00,92m,4%,4.6,998,49,49.9,50m,2%,2.5,692,34,34.6
Sat 13:15:00,96m,4%,4.8,1072,53,53.6,56m,2%,2.8,618,30,30.9
Sat 13:16:00,102m,5%,5.1,1072,53,53.6,43m,2%,2.15,618,30,30.9
Sat 13:17:00,90m,4%,4.5,1072,53,53.6,52m,2%,2.6,618,30,30.9
Sat 13:18:00,87m,4%,4.35,998,49,49.9,51m,2%,2.55,692,34,34.6
Sat 13:19:00,92m,4%,4.6,998,49,49.9,49m,2%,2.45,692,34,34.6
Sat 13:20:00,91m,4%,4.55,1072,53,53.6,68m,3%,3.4,618,30,30.9
Sat 13:21:00,97m,4%,4.85,1072,53,53.6,44m,2%,2.2,618,30,30.9
Sat 13:22:00,91m,4%,4.55,1072,53,53.6,50m,2%,2.5,618,30,30.9
Sat 13:23:00,89m,4%,4.45,998,49,49.9,51m,2%,2.55,692,34,34.6
Sat 13:24:00,92m,4%,4.6,998,49,49.9,49m,2%,2.45,692,34,34.6
Sat 13:25:00,101m,5%,5.05,1072,53,53.6,56m,2%,2.8,618,30,30.9
Sat 13:26:00,98m,4%,4.9,1072,53,53.6,45m,2%,2.25,618,30,30.9
Sat 13:27:00,89m,4%,4.45,1072,53,53.6,50m,2%,2.5,618,30,30.9
Sat 13:28:00,89m,4%,4.45,1072,53,53.6,50m,2%,2.5,618,30,30.9
Sat 13:29:00,89m,4%,4.45,1072,53,53.6,51m,2%,2.55,692,34,34.6
Sat 13:30:00,99m,4%,4.95,1072,53,53.6,56m,2%,2.8,618,30,30.9
Sat 13:31:00,93m,4%,4.65,1072,53,53.6,51m,2%,2.55,618,30,30.9
Sat 13:32:00,87m,4%,4.35,998,49,49.9,50m,2%,2.5,692,34,34.6
Sat 13:33:00,91m,4%,4.55,1072,53,53.6,48m,2%,2.4,618,30,30.9
Sat 13:34:00,98m,4%,4.9,1072,53,53.6,42m,2%,2.1,618,30,30.9
Sat 13:35:00,101m,5%,5.05,1072,53,53.6,55m,2%,2.75,618,30,30.9
Sat 13:36:00,91m,4%,4.55,1072,53,53.6,51m,2%,2.55,618,30,30.9
Sat 13:37:00,90m,4%,4.5,1072,53,53.6,50m,2%,2.5,618,30,30.9
Sat 13:38:00,90m,4%,4.5,998,49,49.9,50m,2%,2.5,692,34,34.6
Sat 13:39:00,93m,4%,4.65,1072,53,53.6,48m,2%,2.4,618,30,30.9
Sat 13:40:00,100m,5%,5,1072,53,53.6,56m,2%,2.8,618,30,30.9
Sat 13:41:00,91m,4%,4.55,998,49,49.9,51m,2%,2.55,692,34,34.6
Sat 13:42:00,91m,4%,4.55,1072,53,53.6,49m,2%,2.45,618,30,30.9
Sat 13:43:00,98m,4%,4.9,998,49,49.9,43m,2%,2.15,692,34,34.6
Sat 13:44:00,92m,4%,4.6,1072,53,53.6,49m,2%,2.45,618,30,30.9
Sat 13:45:01,98m,4%,4.9,1072,53,53.6,56m,2%,2.8,618,30,30.9
Sat 13:46:00,91m,4%,4.55,1072,53,53.6,51m,2%,2.55,618,30,30.9
Sat 13:47:00,90m,4%,4.5,998,49,49.9,50m,2%,2.5,692,34,34.6
Sat 13:48:00,93m,4%,4.65,1072,53,53.6,47m,2%,2.35,618,30,30.9
Sat 13:49:00,98m,4%,4.9,1072,53,53.6,43m,2%,2.15,618,30,30.9
Sat 13:50:00,91m,4%,4.55,998,49,49.9,66m,3%,3.3,692,34,34.6
Sat 13:51:00,93m,4%,4.65,998,49,49.9,49m,2%,2.45,692,34,34.6
Sat 13:52:00,89m,4%,4.45,924,46,46.2,52m,2%,2.6,766,38,38.3
Sat 13:53:00,92m,4%,4.6,924,46,46.2,51m,2%,2.55,766,38,38.3
Sat 13:54:00,89m,4%,4.45,998,49,49.9,51m,2%,2.55,692,34,34.6
Sat 13:55:01,100m,5%,5,1072,53,53.6,44m,2%,2.2,618,30,30.9
Sat 13:56:00,97m,4%,4.85,998,49,49.9,58m,2%,2.9,692,34,34.6
Sat 13:57:00,92m,4%,4.6,998,49,49.9,49m,2%,2.45,692,34,34.6
Sat 13:58:00,90m,4%,4.5,998,49,49.9,51m,2%,2.55,692,34,34.6
Sat 13:59:00,89m,4%,4.45,998,49,49.9,48m,2%,2.4,544,27,27.2
Sat 14:00:01,86m,4%,4.3,998,49,49.9,42m,2%,2.1,544,27,27.2
Sat 14:01:00,89m,4%,4.45,998,49,49.9,54m,2%,2.7,544,27,27.2
Sat 14:02:00,87m,4%,4.35,924,46,46.2,50m,2%,2.5,618,30,30.9
Sat 14:03:00,92m,4%,4.6,924,46,46.2,49m,2%,2.45,618,30,30.9
Sat 14:04:00,88m,4%,4.4,924,46,46.2,49m,2%,2.45,544,27,27.2
Sat 14:05:00,103m,5%,5.15,924,46,46.2,42m,2%,2.1,618,30,30.9
Sat 14:06:00,95m,4%,4.75,924,46,46.2,52m,2%,2.6,618,30,30.9
Sat 14:07:00,91m,4%,4.55,924,46,46.2,39m,1%,1.95,544,27,27.2
Sat 14:08:00,89m,4%,4.45,924,46,46.2,50m,2%,2.5,544,27,27.2
Sat 14:09:00,91m,4%,4.55,924,46,46.2,53m,2%,2.65,544,27,27.2
Sat 14:10:00,97m,4%,4.85,924,46,46.2,53m,2%,2.65,544,27,27.2
Sat 14:11:00,93m,4%,4.65,924,46,46.2,54m,2%,2.7,544,27,27.2
Sat 14:12:01,93m,4%,4.65,850,42,42.5,53m,2%,2.65,618,30,30.9
Sat 14:13:00,101m,5%,5.05,924,46,46.2,54m,2%,2.7,618,30,30.9
Sat 14:14:00,97m,4%,4.85,924,46,46.2,42m,2%,2.1,618,30,30.9
Sat 14:15:00,94m,4%,4.7,924,46,46.2,38m,1%,1.9,544,27,27.2
Sat 14:16:00,94m,4%,4.7,924,46,46.2,54m,2%,2.7,544,27,27.2
Sat 14:17:00,100m,5%,5,924,46,46.2,56m,2%,2.8,544,27,27.2
Sat 14:18:00,98m,4%,4.9,924,46,46.2,57m,2%,2.85,544,27,27.2
Sat 14:19:00,98m,4%,4.9,924,46,46.2,56m,2%,2.8,544,27,27.2
Sat 14:20:00,98m,4%,4.9,924,46,46.2,58m,2%,2.9,618,30,30.9
Sat 14:21:00,93m,4%,4.65,924,46,46.2,50m,2%,2.5,618,30,30.9
Sat 14:22:00,94m,4%,4.7,850,42,42.5,51m,2%,2.55,618,30,30.9
Sat 14:23:00,89m,4%,4.45,924,46,46.2,36m,1%,1.8,544,27,27.2
Sat 14:24:00,102m,5%,5.1,924,46,46.2,42m,2%,2.1,544,27,27.2
Sat 14:25:00,95m,4%,4.75,924,46,46.2,53m,2%,2.65,544,27,27.2
Sat 14:26:00,90m,4%,4.5,924,46,46.2,51m,2%,2.55,544,27,27.2
Sat 14:27:00,91m,4%,4.55,924,46,46.2,51m,2%,2.55,544,27,27.2
Sat 14:28:00,89m,4%,4.45,924,46,46.2,47m,2%,2.35,618,30,30.9
Sat 14:29:00,88m,4%,4.4,924,46,46.2,50m,2%,2.5,618,30,30.9
Sat 14:30:00,90m,4%,4.5,924,46,46.2,49m,2%,2.45,544,27,27.2
Sat 14:31:00,87m,4%,4.35,850,42,42.5,41m,2%,2.05,618,30,30.9
Sat 14:32:00,96m,4%,4.8,924,46,46.2,51m,2%,2.55,544,27,27.2
Sat 14:33:00,100m,5%,5,924,46,46.2,44m,2%,2.2,544,27,27.2
Sat 14:34:00,93m,4%,4.65,924,46,46.2,53m,2%,2.65,544,27,27.2
Sat 14:35:00,96m,4%,4.8,924,46,46.2,54m,2%,2.7,618,30,30.9
Sat 14:36:00,90m,4%,4.5,924,46,46.2,49m,2%,2.45,618,30,30.9
Sat 14:37:00,90m,4%,4.5,924,46,46.2,51m,2%,2.55,618,30,30.9
Sat 14:38:00,95m,4%,4.75,924,46,46.2,40m,2%,2,544,27,27.2
Sat 14:39:00,96m,4%,4.8,924,46,46.2,54m,2%,2.7,544,27,27.2
Sat 14:40:00,96m,4%,4.8,850,42,42.5,55m,2%,2.75,618,30,30.9
Sat 14:41:00,101m,5%,5.05,850,42,42.5,52m,2%,2.6,618,30,30.9
Sat 14:42:00,114m,5%,5.7,924,46,46.2,66m,3%,3.3,544,27,27.2
Sat 14:43:00,130m,6%,6.5,924,46,46.2,56m,2%,2.8,618,30,30.9
Sat 14:44:00,129m,6%,6.45,924,46,46.2,68m,3%,3.4,618,30,30.9
Sat 14:45:00,117m,5%,5.85,924,46,46.2,62m,3%,3.1,544,27,27.2
Sat 14:46:00,111m,5%,5.55,924,46,46.2,47m,2%,2.35,544,27,27.2
Sat 14:47:00,116m,5%,5.8,924,46,46.2,64m,3%,3.2,544,27,27.2
Sat 14:48:00,114m,5%,5.7,924,46,46.2,63m,3%,3.15,544,27,27.2
Sat 14:49:01,116m,5%,5.8,924,46,46.2,62m,3%,3.1,544,27,27.2
Sat 14:50:00,112m,5%,5.6,850,42,42.5,61m,3%,3.05,618,30,30.9
Sat 14:51:00,112m,5%,5.6,850,42,42.5,59m,2%,2.95,692,34,34.6
Sat 14:52:00,115m,5%,5.75,924,46,46.2,59m,2%,2.95,618,30,30.9
Sat 14:53:00,107m,5%,5.35,924,46,46.2,53m,2%,2.65,544,27,27.2
Sat 14:54:00,124m,6%,6.2,924,46,46.2,45m,2%,2.25,544,27,27.2
Sat 14:55:00,115m,5%,5.75,924,46,46.2,65m,3%,3.25,544,27,27.2
Sat 14:56:00,112m,5%,5.6,924,46,46.2,62m,3%,3.1,544,27,27.2
Sat 14:57:00,111m,5%,5.55,924,46,46.2,62m,3%,3.1,544,27,27.2
Sat 14:58:00,106m,5%,5.3,924,46,46.2,57m,2%,2.85,544,27,27.2
Sat 14:59:00,106m,5%,5.3,924,46,46.2,58m,2%,2.9,544,27,27.2
Sat 15:00:00,112m,5%,5.6,924,46,46.2,46m,2%,2.3,544,27,27.2
Sat 15:01:00,108m,5%,5.4,850,42,42.5,59m,2%,2.95,618,30,30.9
Sat 15:02:00,112m,5%,5.6,850,42,42.5,55m,2%,2.75,618,30,30.9
Sat 15:03:00,107m,5%,5.35,850,42,42.5,60m,3%,3,544,27,27.2
Sat 15:04:00,104m,5%,5.2,850,42,42.5,46m,2%,2.3,544,27,27.2
Sat 15:05:01,107m,5%,5.35,850,42,42.5,62m,3%,3.1,618,30,30.9
Sat 15:06:00,108m,5%,5.4,850,42,42.5,58m,2%,2.9,618,30,30.9
Sat 15:07:00,113m,5%,5.65,850,42,42.5,62m,3%,3.1,544,27,27.2
Sat 15:08:00,110m,5%,5.5,850,42,42.5,47m,2%,2.35,544,27,27.2
Sat 15:09:00,110m,5%,5.5,850,42,42.5,62m,3%,3.1,544,27,27.2
Sat 15:10:00,114m,5%,5.7,850,42,42.5,61m,3%,3.05,618,30,30.9
Sat 15:11:00,109m,5%,5.45,850,42,42.5,59m,2%,2.95,618,30,30.9
Sat 15:12:00,111m,5%,5.55,850,42,42.5,63m,3%,3.15,544,27,27.2
Sat 15:13:00,113m,5%,5.65,850,42,42.5,48m,2%,2.4,544,27,27.2
Sat 15:14:00,112m,5%,5.6,850,42,42.5,61m,3%,3.05,618,30,30.9
Sat 15:15:00,112m,5%,5.6,850,42,42.5,59m,2%,2.95,618,30,30.9
Sat 15:16:01,111m,5%,5.55,850,42,42.5,61m,3%,3.05,544,27,27.2
Sat 15:17:00,108m,5%,5.4,850,42,42.5,47m,2%,2.35,544,27,27.2
Sat 15:18:00,112m,5%,5.6,850,42,42.5,62m,3%,3.1,618,30,30.9
Sat 15:19:00,110m,5%,5.5,850,42,42.5,58m,2%,2.9,618,30,30.9
Sat 15:20:00,107m,5%,5.35,850,42,42.5,61m,3%,3.05,544,27,27.2
Sat 15:21:00,107m,5%,5.35,850,42,42.5,46m,2%,2.3,544,27,27.2
Sat 15:22:00,110m,5%,5.5,850,42,42.5,63m,3%,3.15,544,27,27.2
Sat 15:23:00,113m,5%,5.65,850,42,42.5,64m,3%,3.2,618,30,30.9
Sat 15:24:00,107m,5%,5.35,850,42,42.5,59m,2%,2.95,618,30,30.9
Sat 15:25:00,110m,5%,5.5,850,42,42.5,64m,3%,3.2,544,27,27.2
Sat 15:26:00,111m,5%,5.55,850,42,42.5,47m,2%,2.35,544,27,27.2
Sat 15:27:01,112m,5%,5.6,850,42,42.5,62m,3%,3.1,618,30,30.9
Sat 15:28:00,108m,5%,5.4,850,42,42.5,59m,2%,2.95,618,30,30.9
Sat 15:29:00,97m,4%,4.85,850,42,42.5,49m,2%,2.45,544,27,27.2
Sat 15:30:00,88m,4%,4.4,850,42,42.5,48m,2%,2.4,544,27,27.2
Sat 15:31:00,89m,4%,4.45,850,42,42.5,51m,2%,2.55,618,30,30.9
Sat 15:32:00,87m,4%,4.35,850,42,42.5,49m,2%,2.45,618,30,30.9
Sat 15:33:00,89m,4%,4.45,850,42,42.5,51m,2%,2.55,544,27,27.2
Sat 15:34:00,85m,4%,4.25,850,42,42.5,39m,1%,1.95,544,27,27.2
Sat 15:35:00,90m,4%,4.5,850,42,42.5,52m,2%,2.6,544,27,27.2
Sat 15:36:00,87m,4%,4.35,850,42,42.5,50m,2%,2.5,618,30,30.9
Sat 15:37:00,90m,4%,4.5,850,42,42.5,52m,2%,2.6,618,30,30.9
Sat 15:38:00,93m,4%,4.65,850,42,42.5,40m,2%,2,544,27,27.2
Sat 15:39:00,94m,4%,4.7,850,42,42.5,54m,2%,2.7,544,27,27.2
Sat 15:40:00,94m,4%,4.7,850,42,42.5,53m,2%,2.65,618,30,30.9
Sat 15:41:00,95m,4%,4.75,850,42,42.5,52m,2%,2.6,618,30,30.9
Sat 15:42:00,95m,4%,4.75,850,42,42.5,51m,2%,2.55,544,27,27.2
Sat 15:43:00,97m,4%,4.85,850,42,42.5,45m,2%,2.25,544,27,27.2
Sat 15:44:00,96m,4%,4.8,850,42,42.5,55m,2%,2.75,618,30,30.9
Sat 15:45:00,99m,4%,4.95,850,42,42.5,53m,2%,2.65,618,30,30.9
Sat 15:46:00,96m,4%,4.8,850,42,42.5,57m,2%,2.85,544,27,27.2
Sat 15:47:00,96m,4%,4.8,850,42,42.5,41m,2%,2.05,544,27,27.2
Sat 15:48:00,88m,4%,4.4,850,42,42.5,52m,2%,2.6,544,27,27.2
Sat 15:49:00,89m,4%,4.45,850,42,42.5,49m,2%,2.45,618,30,30.9
Sat 15:50:00,86m,4%,4.3,850,42,42.5,49m,2%,2.45,618,30,30.9
Sat 15:51:00,87m,4%,4.35,850,42,42.5,39m,1%,1.95,544,27,27.2
Sat 15:52:00,87m,4%,4.35,850,42,42.5,52m,2%,2.6,544,27,27.2
Sat 15:53:00,89m,4%,4.45,850,42,42.5,50m,2%,2.5,618,30,30.9
Sat 15:54:00,86m,4%,4.3,850,42,42.5,48m,2%,2.4,618,30,30.9
Sat 15:55:00,89m,4%,4.45,850,42,42.5,51m,2%,2.55,544,27,27.2
Sat 15:56:00,86m,4%,4.3,850,42,42.5,38m,1%,1.9,544,27,27.2
Sat 15:57:00,89m,4%,4.45,850,42,42.5,52m,2%,2.6,544,27,27.2
Sat 15:58:00,84m,4%,4.2,850,42,42.5,34m,1%,1.7,544,27,27.2
Sat 15:59:00,89m,4%,4.45,850,42,42.5,49m,2%,2.45,470,23,23.5
Sat 16:00:00,86m,4%,4.3,850,42,42.5,36m,1%,1.8,470,23,23.5
Sat 16:01:00,89m,4%,4.45,850,42,42.5,50m,2%,2.5,396,19,19.8
Sat 16:02:00,85m,4%,4.25,850,42,42.5,33m,1%,1.65,470,23,23.5
Sat 16:03:00,87m,4%,4.35,850,42,42.5,48m,2%,2.4,396,19,19.8
Sat 16:04:00,85m,4%,4.25,850,42,42.5,35m,1%,1.75,396,19,19.8
Sat 16:05:00,88m,4%,4.4,850,42,42.5,48m,2%,2.4,396,19,19.8
Sat 16:06:00,85m,4%,4.25,850,42,42.5,33m,1%,1.65,396,19,19.8
Sat 16:07:00,90m,4%,4.5,850,42,42.5,48m,2%,2.4,396,19,19.8
Sat 16:08:00,85m,4%,4.25,850,42,42.5,32m,1%,1.6,396,19,19.8
Sat 16:09:00,86m,4%,4.3,850,42,42.5,34m,1%,1.7,396,19,19.8
Sat 16:10:00,85m,4%,4.25,850,42,42.5,44m,2%,2.2,322,16,16.1
Sat 16:11:00,84m,4%,4.2,850,42,42.5,33m,1%,1.65,396,19,19.8
Sat 16:12:00,85m,4%,4.25,850,42,42.5,47m,2%,2.35,396,19,19.8
Sat 16:13:00,84m,4%,4.2,850,42,42.5,31m,1%,1.55,396,19,19.8
Sat 16:14:00,85m,4%,4.25,850,42,42.5,47m,2%,2.35,396,19,19.8
Sat 16:15:00,86m,4%,4.3,850,42,42.5,31m,1%,1.55,396,19,19.8
Sat 16:16:00,86m,4%,4.3,850,42,42.5,45m,2%,2.25,396,19,19.8
Sat 16:17:00,84m,4%,4.2,850,42,42.5,32m,1%,1.6,396,19,19.8
Sat 16:18:00,87m,4%,4.35,850,42,42.5,48m,2%,2.4,396,19,19.8
Sat 16:19:01,85m,4%,4.25,850,42,42.5,31m,1%,1.55,396,19,19.8
Sat 16:20:00,86m,4%,4.3,850,42,42.5,46m,2%,2.3,396,19,19.8
Sat 16:21:00,86m,4%,4.3,850,42,42.5,32m,1%,1.6,396,19,19.8
Sat 16:22:00,85m,4%,4.25,850,42,42.5,46m,2%,2.3,396,19,19.8
Sat 16:23:00,84m,4%,4.2,850,42,42.5,31m,1%,1.55,396,19,19.8
Sat 16:24:00,87m,4%,4.35,850,42,42.5,46m,2%,2.3,396,19,19.8
Sat 16:25:00,86m,4%,4.3,850,42,42.5,33m,1%,1.65,322,16,16.1
Sat 16:26:00,85m,4%,4.25,850,42,42.5,35m,1%,1.75,396,19,19.8
Sat 16:27:00,87m,4%,4.35,850,42,42.5,45m,2%,2.25,322,16,16.1
Sat 16:28:00,85m,4%,4.25,850,42,42.5,31m,1%,1.55,396,19,19.8
Sat 16:29:00,87m,4%,4.35,850,42,42.5,47m,2%,2.35,396,19,19.8
Sat 16:30:00,84m,4%,4.2,850,42,42.5,31m,1%,1.55,396,19,19.8
Sat 16:31:00,88m,4%,4.4,850,42,42.5,47m,2%,2.35,396,19,19.8
Sat 16:32:00,84m,4%,4.2,850,42,42.5,31m,1%,1.55,396,19,19.8
Sat 16:33:00,86m,4%,4.3,850,42,42.5,46m,2%,2.3,396,19,19.8
Sat 16:34:00,83m,4%,4.15,850,42,42.5,31m,1%,1.55,396,19,19.8
Sat 16:35:00,86m,4%,4.3,850,42,42.5,47m,2%,2.35,396,19,19.8
Sat 16:36:00,84m,4%,4.2,850,42,42.5,32m,1%,1.6,396,19,19.8
Sat 16:37:00,87m,4%,4.35,850,42,42.5,48m,2%,2.4,396,19,19.8
Sat 16:38:00,83m,4%,4.15,850,42,42.5,31m,1%,1.55,396,19,19.8
Sat 16:39:00,86m,4%,4.3,850,42,42.5,49m,2%,2.45,396,19,19.8
Sat 16:40:01,85m,4%,4.25,850,42,42.5,32m,1%,1.6,396,19,19.8
Sat 16:41:00,87m,4%,4.35,850,42,42.5,39m,1%,1.95,396,19,19.8
Sat 16:42:00,84m,4%,4.2,850,42,42.5,40m,2%,2,322,16,16.1
Sat 16:43:00,86m,4%,4.3,850,42,42.5,34m,1%,1.7,396,19,19.8
Sat 16:44:00,86m,4%,4.3,850,42,42.5,45m,2%,2.25,396,19,19.8
Sat 16:45:00,85m,4%,4.25,850,42,42.5,31m,1%,1.55,396,19,19.8
Sat 16:46:00,86m,4%,4.3,850,42,42.5,47m,2%,2.35,396,19,19.8
Sat 16:47:00,84m,4%,4.2,850,42,42.5,31m,1%,1.55,396,19,19.8
Sat 16:48:00,102m,5%,5.1,850,42,42.5,53m,2%,2.65,396,19,19.8
Sat 16:49:00,86m,4%,4.3,850,42,42.5,31m,1%,1.55,396,19,19.8
Sat 16:50:00,88m,4%,4.4,850,42,42.5,48m,2%,2.4,396,19,19.8
Sat 16:51:00,86m,4%,4.3,850,42,42.5,32m,1%,1.6,396,19,19.8
Sat 16:52:00,86m,4%,4.3,850,42,42.5,47m,2%,2.35,396,19,19.8
Sat 16:53:00,84m,4%,4.2,850,42,42.5,31m,1%,1.55,396,19,19.8
Sat 16:54:00,86m,4%,4.3,850,42,42.5,46m,2%,2.3,396,19,19.8
Sat 16:55:00,86m,4%,4.3,850,42,42.5,32m,1%,1.6,322,16,16.1
Sat 16:56:00,84m,4%,4.2,850,42,42.5,34m,1%,1.7,322,16,16.1
Sat 16:57:00,86m,4%,4.3,850,42,42.5,29m,1%,1.45,248,12,12.4
Sat 16:58:00,84m,4%,4.2,850,42,42.5,31m,1%,1.55,248,12,12.4
Sat 16:59:00,85m,4%,4.25,850,42,42.5,29m,1%,1.45,248,12,12.4
Sat 17:00:00,84m,4%,4.2,850,42,42.5,31m,1%,1.55,174,8,8.7
