Sun 05:00:00,93m,4%,4.65,850,42,42.5,31m,1%,1.55,174,8,8.7,2
Sun 05:01:00,93m,4%,4.65,850,42,42.5,31m,1%,1.55,174,8,8.7,0
Sun 05:02:00,99m,4%,4.95,850,42,42.5,325m,16%,16.25,248,12,12.4,0
Sun 05:03:00,95m,4%,4.75,850,42,42.5,42m,2%,2.1,248,12,12.4,0
Sun 05:04:00,94m,4%,4.7,850,42,42.5,34m,1%,1.7,322,16,16.1,0
Sun 05:05:00,96m,4%,4.8,850,42,42.5,44m,2%,2.2,396,19,19.8,0
Sun 05:06:00,94m,4%,4.7,850,42,42.5,36m,1%,1.8,396,19,19.8,0
Sun 05:07:00,97m,4%,4.85,850,42,42.5,47m,2%,2.35,470,23,23.5,0
Sun 05:08:00,97m,4%,4.85,850,42,42.5,46m,2%,2.3,470,23,23.5,0
Sun 05:09:00,96m,4%,4.8,850,42,42.5,39m,1%,1.95,470,23,23.5,0
Sun 05:10:00,96m,4%,4.8,850,42,42.5,50m,2%,2.5,544,27,27.2,2
Sun 05:11:00,95m,4%,4.75,850,42,42.5,40m,2%,2,470,23,23.5,0
Sun 05:12:00,96m,4%,4.8,850,42,42.5,52m,2%,2.6,470,23,23.5,0
Sun 05:13:00,95m,4%,4.75,850,42,42.5,51m,2%,2.55,470,23,23.5,0
Sun 05:14:00,95m,4%,4.75,850,42,42.5,40m,2%,2,470,23,23.5,0
Sun 05:15:01,96m,4%,4.8,850,42,42.5,49m,2%,2.45,544,27,27.2,2
Sun 05:16:00,79m,3%,3.95,850,42,42.5,31m,1%,1.55,470,23,23.5,0
Sun 05:17:00,84m,4%,4.2,850,42,42.5,44m,2%,2.2,470,23,23.5,0
Sun 05:18:00,80m,4%,4,850,42,42.5,42m,2%,2.1,470,23,23.5,0
Sun 05:19:00,80m,4%,4,850,42,42.5,33m,1%,1.65,470,23,23.5,0
Sun 05:20:00,80m,4%,4,850,42,42.5,43m,2%,2.15,544,27,27.2,2
Sun 05:21:00,80m,4%,4,850,42,42.5,32m,1%,1.6,470,23,23.5,0
Sun 05:22:01,80m,4%,4,850,42,42.5,43m,2%,2.15,470,23,23.5,0
Sun 05:23:00,81m,4%,4.05,850,42,42.5,43m,2%,2.15,470,23,23.5,0
Sun 05:24:00,78m,3%,3.9,850,42,42.5,32m,1%,1.6,470,23,23.5,0
Sun 05:25:00,80m,4%,4,850,42,42.5,42m,2%,2.1,544,27,27.2,0
Sun 05:26:00,79m,3%,3.95,850,42,42.5,32m,1%,1.6,470,23,23.5,0
Sun 05:27:00,82m,4%,4.1,850,42,42.5,43m,2%,2.15,470,23,23.5,0
Sun 05:28:00,80m,4%,4,850,42,42.5,43m,2%,2.15,470,23,23.5,0
Sun 05:29:00,79m,3%,3.95,850,42,42.5,32m,1%,1.6,470,23,23.5,0
Sun 05:30:00,79m,3%,3.95,850,42,42.5,42m,2%,2.1,544,27,27.2,2
Sun 05:31:00,80m,4%,4,850,42,42.5,37m,1%,1.85,470,23,23.5,0
Sun 05:32:00,80m,4%,4,850,42,42.5,38m,1%,1.9,470,23,23.5,0
Sun 05:33:00,80m,4%,4,850,42,42.5,43m,2%,2.15,470,23,23.5,0
Sun 05:34:00,79m,3%,3.95,850,42,42.5,32m,1%,1.6,470,23,23.5,0
Sun 05:35:00,82m,4%,4.1,850,42,42.5,43m,2%,2.15,544,27,27.2,2
Sun 05:36:00,79m,3%,3.95,850,42,42.5,37m,1%,1.85,470,23,23.5,0
Sun 05:37:00,81m,4%,4.05,850,42,42.5,36m,1%,1.8,470,23,23.5,0
Sun 05:38:00,80m,4%,4,850,42,42.5,43m,2%,2.15,470,23,23.5,0
Sun 05:39:00,80m,4%,4,850,42,42.5,32m,1%,1.6,470,23,23.5,0
Sun 05:40:00,80m,4%,4,850,42,42.5,43m,2%,2.15,470,23,23.5,0
Sun 05:41:00,80m,4%,4,850,42,42.5,38m,1%,1.9,470,23,23.5,0
Sun 05:42:00,81m,4%,4.05,850,42,42.5,36m,1%,1.8,470,23,23.5,0
Sun 05:43:00,81m,4%,4.05,850,42,42.5,43m,2%,2.15,470,23,23.5,0
Sun 05:44:00,79m,3%,3.95,850,42,42.5,33m,1%,1.65,470,23,23.5,0
Sun 05:45:00,88m,4%,4.4,850,42,42.5,47m,2%,2.35,544,27,27.2,2
Sun 05:46:00,90m,4%,4.5,850,42,42.5,43m,2%,2.15,470,23,23.5,0
Sun 05:47:00,92m,4%,4.6,850,42,42.5,41m,2%,2.05,470,23,23.5,0
Sun 05:48:00,92m,4%,4.6,850,42,42.5,49m,2%,2.45,470,23,23.5,0
Sun 05:49:00,91m,4%,4.55,850,42,42.5,37m,1%,1.85,470,23,23.5,0
Sun 05:50:00,92m,4%,4.6,850,42,42.5,53m,2%,2.65,544,27,27.2,0
Sun 05:51:00,93m,4%,4.65,850,42,42.5,36m,1%,1.8,470,23,23.5,0
Sun 05:52:00,93m,4%,4.65,850,42,42.5,51m,2%,2.55,470,23,23.5,0
Sun 05:53:00,93m,4%,4.65,850,42,42.5,48m,2%,2.4,470,23,23.5,0
Sun 05:54:00,89m,4%,4.45,850,42,42.5,35m,1%,1.75,470,23,23.5,0
Sun 05:55:00,95m,4%,4.75,850,42,42.5,47m,2%,2.35,544,27,27.2,2
Sun 05:56:00,91m,4%,4.55,850,42,42.5,36m,1%,1.8,470,23,23.5,0
Sun 05:57:00,94m,4%,4.7,850,42,42.5,48m,2%,2.4,470,23,23.5,0
Sun 05:58:00,93m,4%,4.65,850,42,42.5,47m,2%,2.35,470,23,23.5,0
Sun 05:59:00,91m,4%,4.55,850,42,42.5,36m,1%,1.8,470,23,23.5,0
Sun 06:00:00,93m,4%,4.65,850,42,42.5,49m,2%,2.45,544,27,27.2,0
Sun 06:01:00,96m,4%,4.8,850,42,42.5,37m,1%,1.85,470,23,23.5,0
Sun 06:02:00,93m,4%,4.65,850,42,42.5,48m,2%,2.4,396,19,19.8,0
Sun 06:03:00,91m,4%,4.55,850,42,42.5,37m,1%,1.85,470,23,23.5,0
Sun 06:04:00,90m,4%,4.5,850,42,42.5,45m,2%,2.25,396,19,19.8,0
Sun 06:05:00,89m,4%,4.45,850,42,42.5,37m,1%,1.85,396,19,19.8,2
Sun 06:06:00,86m,4%,4.3,850,42,42.5,34m,1%,1.7,396,19,19.8,0
Sun 06:07:00,90m,4%,4.5,850,42,42.5,47m,2%,2.35,322,16,16.1,0
Sun 06:08:00,87m,4%,4.35,850,42,42.5,36m,1%,1.8,396,19,19.8,0
Sun 06:09:00,85m,4%,4.25,850,42,42.5,40m,2%,2,322,16,16.1,0
Sun 06:10:00,86m,4%,4.3,850,42,42.5,35m,1%,1.75,396,19,19.8,0
Sun 06:11:00,89m,4%,4.45,850,42,42.5,33m,1%,1.65,322,16,16.1,0
Sun 06:12:00,89m,4%,4.45,850,42,42.5,42m,2%,2.1,322,16,16.1,0
Sun 06:13:00,87m,4%,4.35,850,42,42.5,35m,1%,1.75,396,19,19.8,0
Sun 06:14:00,84m,4%,4.2,850,42,42.5,40m,2%,2,322,16,16.1,0
Sun 06:15:00,94m,4%,4.7,850,42,42.5,38m,1%,1.9,396,19,19.8,2
Sun 06:16:00,86m,4%,4.3,850,42,42.5,32m,1%,1.6,322,16,16.1,0
Sun 06:17:00,90m,4%,4.5,850,42,42.5,42m,2%,2.1,322,16,16.1,0
Sun 06:18:00,84m,4%,4.2,850,42,42.5,34m,1%,1.7,396,19,19.8,0
Sun 06:19:00,86m,4%,4.3,850,42,42.5,41m,2%,2.05,322,16,16.1,0
Sun 06:20:00,84m,4%,4.2,850,42,42.5,34m,1%,1.7,396,19,19.8,0
Sun 06:21:00,85m,4%,4.25,850,42,42.5,32m,1%,1.6,322,16,16.1,0
Sun 06:22:00,91m,4%,4.55,850,42,42.5,42m,2%,2.1,322,16,16.1,0
Sun 06:23:00,92m,4%,4.6,850,42,42.5,36m,1%,1.8,396,19,19.8,0
Sun 06:24:00,86m,4%,4.3,850,42,42.5,40m,2%,2,322,16,16.1,0
Sun 06:25:01,87m,4%,4.35,850,42,42.5,35m,1%,1.75,396,19,19.8,2
Sun 06:26:00,86m,4%,4.3,850,42,42.5,32m,1%,1.6,322,16,16.1,0
Sun 06:27:00,89m,4%,4.45,850,42,42.5,42m,2%,2.1,322,16,16.1,0
Sun 06:28:00,86m,4%,4.3,850,42,42.5,36m,1%,1.8,396,19,19.8,0
Sun 06:29:00,87m,4%,4.35,850,42,42.5,42m,2%,2.1,322,16,16.1,0
Sun 06:30:01,86m,4%,4.3,850,42,42.5,35m,1%,1.75,396,19,19.8,2
Sun 06:31:00,85m,4%,4.25,850,42,42.5,32m,1%,1.6,322,16,16.1,0
Sun 06:32:00,87m,4%,4.35,850,42,42.5,43m,2%,2.15,322,16,16.1,0
Sun 06:33:00,87m,4%,4.35,850,42,42.5,33m,1%,1.65,396,19,19.8,0
Sun 06:34:00,86m,4%,4.3,850,42,42.5,40m,2%,2,322,16,16.1,0
Sun 06:35:00,87m,4%,4.35,850,42,42.5,34m,1%,1.7,396,19,19.8,2
Sun 06:36:00,86m,4%,4.3,850,42,42.5,31m,1%,1.55,322,16,16.1,0
Sun 06:37:00,88m,4%,4.4,850,42,42.5,41m,2%,2.05,322,16,16.1,0
Sun 06:38:00,87m,4%,4.35,850,42,42.5,34m,1%,1.7,396,19,19.8,0
Sun 06:39:00,86m,4%,4.3,850,42,42.5,39m,1%,1.95,322,16,16.1,0
Sun 06:40:00,86m,4%,4.3,850,42,42.5,34m,1%,1.7,396,19,19.8,2
Sun 06:41:00,88m,4%,4.4,850,42,42.5,31m,1%,1.55,322,16,16.1,0
Sun 06:42:00,87m,4%,4.35,850,42,42.5,42m,2%,2.1,322,16,16.1,0
Sun 06:43:01,88m,4%,4.4,850,42,42.5,33m,1%,1.65,396,19,19.8,0
Sun 06:44:00,86m,4%,4.3,850,42,42.5,40m,2%,2,322,16,16.1,0
Sun 06:45:00,87m,4%,4.35,850,42,42.5,35m,1%,1.75,396,19,19.8,2
Sun 06:46:00,87m,4%,4.35,850,42,42.5,31m,1%,1.55,322,16,16.1,0
Sun 06:47:00,89m,4%,4.45,850,42,42.5,42m,2%,2.1,322,16,16.1,0
Sun 06:48:00,87m,4%,4.35,850,42,42.5,33m,1%,1.65,396,19,19.8,0
Sun 06:49:00,89m,4%,4.45,850,42,42.5,40m,2%,2,322,16,16.1,0
Sun 06:50:00,85m,4%,4.25,850,42,42.5,34m,1%,1.7,322,16,16.1,0
Sun 06:51:00,86m,4%,4.3,850,42,42.5,32m,1%,1.6,322,16,16.1,0
Sun 06:52:00,86m,4%,4.3,850,42,42.5,42m,2%,2.1,322,16,16.1,0
Sun 06:53:00,86m,4%,4.3,850,42,42.5,32m,1%,1.6,396,19,19.8,0
Sun 06:54:01,86m,4%,4.3,850,42,42.5,39m,1%,1.95,322,16,16.1,0
Sun 06:55:00,85m,4%,4.25,850,42,42.5,35m,1%,1.75,322,16,16.1,0
Sun 06:56:00,85m,4%,4.25,850,42,42.5,31m,1%,1.55,322,16,16.1,0
Sun 06:57:00,87m,4%,4.35,850,42,42.5,44m,2%,2.2,322,16,16.1,0
Sun 06:58:00,86m,4%,4.3,850,42,42.5,32m,1%,1.6,396,19,19.8,0
Sun 06:59:00,85m,4%,4.25,850,42,42.5,40m,2%,2,322,16,16.1,0
Sun 07:00:00,84m,4%,4.2,850,42,42.5,34m,1%,1.7,396,19,19.8,2
Sun 07:01:00,88m,4%,4.4,850,42,42.5,31m,1%,1.55,322,16,16.1,0
Sun 07:02:00,85m,4%,4.25,850,42,42.5,44m,2%,2.2,322,16,16.1,0
Sun 07:03:00,85m,4%,4.25,850,42,42.5,32m,1%,1.6,322,16,16.1,0
Sun 07:04:00,85m,4%,4.25,850,42,42.5,31m,1%,1.55,322,16,16.1,0
Sun 07:05:00,87m,4%,4.35,850,42,42.5,42m,2%,2.1,322,16,16.1,0
Sun 07:06:00,84m,4%,4.2,850,42,42.5,32m,1%,1.6,248,12,12.4,0
Sun 07:07:00,85m,4%,4.25,850,42,42.5,34m,1%,1.7,248,12,12.4,0
Sun 07:08:00,82m,4%,4.1,850,42,42.5,31m,1%,1.55,322,16,16.1,0
Sun 07:09:00,86m,4%,4.3,850,42,42.5,38m,1%,1.9,248,12,12.4,0
Sun 07:10:00,83m,4%,4.15,850,42,42.5,33m,1%,1.65,248,12,12.4,0
Sun 07:11:00,95m,4%,4.75,850,42,42.5,34m,1%,1.7,248,12,12.4,0
Sun 07:12:00,91m,4%,4.55,850,42,42.5,32m,1%,1.6,322,16,16.1,0
Sun 07:13:00,87m,4%,4.35,850,42,42.5,39m,1%,1.95,248,12,12.4,0
Sun 07:14:00,84m,4%,4.2,850,42,42.5,31m,1%,1.55,248,12,12.4,0
Sun 07:15:00,85m,4%,4.25,850,42,42.5,29m,1%,1.45,322,16,16.1,0
Sun 07:16:00,84m,4%,4.2,850,42,42.5,28m,1%,1.4,248,12,12.4,0
Sun 07:17:00,86m,4%,4.3,850,42,42.5,41m,2%,2.05,248,12,12.4,0
Sun 07:18:00,83m,4%,4.15,850,42,42.5,29m,1%,1.45,248,12,12.4,0
Sun 07:19:00,84m,4%,4.2,850,42,42.5,29m,1%,1.45,322,16,16.1,0
Sun 07:20:00,86m,4%,4.3,850,42,42.5,37m,1%,1.85,248,12,12.4,0
Sun 07:21:00,86m,4%,4.3,850,42,42.5,33m,1%,1.65,248,12,12.4,0
Sun 07:22:00,85m,4%,4.25,850,42,42.5,30m,1%,1.5,248,12,12.4,0
Sun 07:23:00,86m,4%,4.3,850,42,42.5,30m,1%,1.5,322,16,16.1,0
Sun 07:24:00,86m,4%,4.3,850,42,42.5,38m,1%,1.9,248,12,12.4,0
Sun 07:25:00,87m,4%,4.35,850,42,42.5,33m,1%,1.65,248,12,12.4,0
Sun 07:26:00,84m,4%,4.2,850,42,42.5,30m,1%,1.5,248,12,12.4,0
Sun 07:27:01,85m,4%,4.25,850,42,42.5,29m,1%,1.45,322,16,16.1,0
Sun 07:28:00,86m,4%,4.3,850,42,42.5,39m,1%,1.95,248,12,12.4,0
Sun 07:29:00,85m,4%,4.25,850,42,42.5,32m,1%,1.6,248,12,12.4,0
Sun 07:30:00,84m,4%,4.2,850,42,42.5,29m,1%,1.45,322,16,16.1,2
Sun 07:31:00,86m,4%,4.3,850,42,42.5,29m,1%,1.45,248,12,12.4,0
Sun 07:32:00,85m,4%,4.25,850,42,42.5,42m,2%,2.1,248,12,12.4,0
Sun 07:33:00,85m,4%,4.25,850,42,42.5,29m,1%,1.45,248,12,12.4,0
Sun 07:34:00,84m,4%,4.2,850,42,42.5,29m,1%,1.45,322,16,16.1,0
Sun 07:35:00,87m,4%,4.35,850,42,42.5,39m,1%,1.95,248,12,12.4,0
Sun 07:36:00,85m,4%,4.25,850,42,42.5,32m,1%,1.6,248,12,12.4,0
Sun 07:37:00,86m,4%,4.3,850,42,42.5,29m,1%,1.45,248,12,12.4,0
Sun 07:38:00,85m,4%,4.25,850,42,42.5,29m,1%,1.45,322,16,16.1,0
Sun 07:39:00,87m,4%,4.35,850,42,42.5,37m,1%,1.85,248,12,12.4,0
Sun 07:40:00,86m,4%,4.3,850,42,42.5,32m,1%,1.6,248,12,12.4,0
Sun 07:41:00,87m,4%,4.35,850,42,42.5,29m,1%,1.45,248,12,12.4,0
Sun 07:42:00,86m,4%,4.3,850,42,42.5,29m,1%,1.45,322,16,16.1,0
Sun 07:43:00,91m,4%,4.55,850,42,42.5,40m,2%,2,248,12,12.4,0
Sun 07:44:01,86m,4%,4.3,850,42,42.5,32m,1%,1.6,248,12,12.4,0
Sun 07:45:00,88m,4%,4.4,850,42,42.5,29m,1%,1.45,322,16,16.1,2
Sun 07:46:00,85m,4%,4.25,850,42,42.5,29m,1%,1.45,248,12,12.4,0
Sun 07:47:00,88m,4%,4.4,850,42,42.5,42m,2%,2.1,248,12,12.4,0
Sun 07:48:00,84m,4%,4.2,850,42,42.5,30m,1%,1.5,248,12,12.4,0
Sun 07:49:00,87m,4%,4.35,850,42,42.5,29m,1%,1.45,322,16,16.1,0
Sun 07:50:00,86m,4%,4.3,850,42,42.5,37m,1%,1.85,248,12,12.4,0
Sun 07:51:00,84m,4%,4.2,850,42,42.5,33m,1%,1.65,248,12,12.4,0
Sun 07:52:00,84m,4%,4.2,850,42,42.5,29m,1%,1.45,248,12,12.4,0
Sun 07:53:00,85m,4%,4.25,850,42,42.5,30m,1%,1.5,322,16,16.1,0
Sun 07:54:00,84m,4%,4.2,850,42,42.5,37m,1%,1.85,248,12,12.4,0
Sun 07:55:00,86m,4%,4.3,850,42,42.5,32m,1%,1.6,248,12,12.4,0
Sun 07:56:00,85m,4%,4.25,850,42,42.5,30m,1%,1.5,248,12,12.4,0
Sun 07:57:00,85m,4%,4.25,850,42,42.5,29m,1%,1.45,322,16,16.1,0
Sun 07:58:00,86m,4%,4.3,850,42,42.5,39m,1%,1.95,248,12,12.4,0
Sun 07:59:00,85m,4%,4.25,850,42,42.5,32m,1%,1.6,248,12,12.4,0
Sun 08:00:00,85m,4%,4.25,850,42,42.5,30m,1%,1.5,322,16,16.1,0
Sun 08:01:00,86m,4%,4.3,850,42,42.5,36m,1%,1.8,248,12,12.4,0
Sun 08:02:00,87m,4%,4.35,850,42,42.5,35m,1%,1.75,322,16,16.1,0
Sun 08:03:00,87m,4%,4.35,850,42,42.5,39m,1%,1.95,396,19,19.8,0
Sun 08:04:00,85m,4%,4.25,850,42,42.5,39m,1%,1.95,396,19,19.8,0
Sun 08:05:00,86m,4%,4.3,850,42,42.5,33m,1%,1.65,396,19,19.8,0
Sun 08:06:00,85m,4%,4.25,850,42,42.5,43m,2%,2.15,470,23,23.5,0
Sun 08:07:00,88m,4%,4.4,850,42,42.5,41m,2%,2.05,470,23,23.5,0
Sun 08:08:00,85m,4%,4.25,850,42,42.5,34m,1%,1.7,544,27,27.2,0
Sun 08:09:00,86m,4%,4.3,850,42,42.5,43m,2%,2.15,544,27,27.2,0
Sun 08:10:00,86m,4%,4.3,850,42,42.5,46m,2%,2.3,470,23,23.5,0
Sun 08:11:00,86m,4%,4.3,850,42,42.5,38m,1%,1.9,544,27,27.2,0
Sun 08:12:00,86m,4%,4.3,850,42,42.5,44m,2%,2.2,544,27,27.2,0
Sun 08:13:00,86m,4%,4.3,850,42,42.5,48m,2%,2.4,470,23,23.5,0
Sun 08:14:00,86m,4%,4.3,850,42,42.5,38m,1%,1.9,544,27,27.2,0
Sun 08:15:00,87m,4%,4.35,850,42,42.5,45m,2%,2.25,544,27,27.2,0
Sun 08:16:00,85m,4%,4.25,850,42,42.5,46m,2%,2.3,544,27,27.2,0
Sun 08:17:00,87m,4%,4.35,850,42,42.5,39m,1%,1.95,544,27,27.2,0
Sun 08:18:00,86m,4%,4.3,850,42,42.5,45m,2%,2.25,544,27,27.2,0
Sun 08:19:00,88m,4%,4.4,850,42,42.5,47m,2%,2.35,544,27,27.2,0
Sun 08:20:00,86m,4%,4.3,850,42,42.5,44m,2%,2.2,470,23,23.5,0
Sun 08:21:00,87m,4%,4.35,850,42,42.5,38m,1%,1.9,544,27,27.2,0
Sun 08:22:00,87m,4%,4.35,850,42,42.5,45m,2%,2.25,544,27,27.2,0
Sun 08:23:00,91m,4%,4.55,850,42,42.5,47m,2%,2.35,470,23,23.5,0
Sun 08:24:00,85m,4%,4.25,850,42,42.5,37m,1%,1.85,544,27,27.2,0
Sun 08:25:00,85m,4%,4.25,850,42,42.5,44m,2%,2.2,544,27,27.2,0
Sun 08:26:01,85m,4%,4.25,850,42,42.5,45m,2%,2.25,470,23,23.5,0
Sun 08:27:00,86m,4%,4.3,850,42,42.5,37m,1%,1.85,544,27,27.2,0
Sun 08:28:00,84m,4%,4.2,850,42,42.5,44m,2%,2.2,544,27,27.2,0
Sun 08:29:00,90m,4%,4.5,850,42,42.5,47m,2%,2.35,544,27,27.2,0
Sun 08:30:00,85m,4%,4.25,850,42,42.5,37m,1%,1.85,544,27,27.2,0
Sun 08:31:00,86m,4%,4.3,850,42,42.5,43m,2%,2.15,544,27,27.2,0
Sun 08:32:00,85m,4%,4.25,850,42,42.5,44m,2%,2.2,544,27,27.2,0
Sun 08:33:00,86m,4%,4.3,850,42,42.5,37m,1%,1.85,544,27,27.2,0
Sun 08:34:01,83m,4%,4.15,850,42,42.5,42m,2%,2.1,544,27,27.2,0
Sun 08:35:00,85m,4%,4.25,850,42,42.5,46m,2%,2.3,544,27,27.2,0
Sun 08:36:00,84m,4%,4.2,850,42,42.5,45m,2%,2.25,470,23,23.5,0
Sun 08:37:00,85m,4%,4.25,850,42,42.5,34m,1%,1.7,544,27,27.2,0
Sun 08:38:00,84m,4%,4.2,850,42,42.5,46m,2%,2.3,544,27,27.2,0
Sun 08:39:00,85m,4%,4.25,850,42,42.5,44m,2%,2.2,470,23,23.5,0
Sun 08:40:00,84m,4%,4.2,850,42,42.5,37m,1%,1.85,544,27,27.2,0
Sun 08:41:00,85m,4%,4.25,850,42,42.5,42m,2%,2.1,544,27,27.2,0
Sun 08:42:00,85m,4%,4.25,850,42,42.5,45m,2%,2.25,470,23,23.5,0
Sun 08:43:00,83m,4%,4.15,850,42,42.5,37m,1%,1.85,544,27,27.2,0
Sun 08:44:00,85m,4%,4.25,850,42,42.5,44m,2%,2.2,544,27,27.2,0
Sun 08:45:00,86m,4%,4.3,850,42,42.5,45m,2%,2.25,544,27,27.2,0
Sun 08:46:00,83m,4%,4.15,850,42,42.5,38m,1%,1.9,544,27,27.2,0
Sun 08:47:00,85m,4%,4.25,850,42,42.5,44m,2%,2.2,544,27,27.2,0
Sun 08:48:00,85m,4%,4.25,850,42,42.5,47m,2%,2.35,544,27,27.2,0
Sun 08:49:00,85m,4%,4.25,850,42,42.5,45m,2%,2.25,470,23,23.5,0
Sun 08:50:00,84m,4%,4.2,850,42,42.5,36m,1%,1.8,544,27,27.2,0
Sun 08:51:00,85m,4%,4.25,850,42,42.5,45m,2%,2.25,544,27,27.2,0
Sun 08:52:00,85m,4%,4.25,850,42,42.5,45m,2%,2.25,470,23,23.5,0
Sun 08:53:00,85m,4%,4.25,850,42,42.5,37m,1%,1.85,544,27,27.2,0
Sun 08:54:00,84m,4%,4.2,850,42,42.5,43m,2%,2.15,544,27,27.2,0
Sun 08:55:00,86m,4%,4.3,850,42,42.5,44m,2%,2.2,470,23,23.5,0
Sun 08:56:00,83m,4%,4.15,850,42,42.5,37m,1%,1.85,544,27,27.2,0
Sun 08:57:00,85m,4%,4.25,850,42,42.5,43m,2%,2.15,544,27,27.2,0
Sun 08:58:00,83m,4%,4.15,850,42,42.5,44m,2%,2.2,544,27,27.2,2
Sun 08:59:00,84m,4%,4.2,850,42,42.5,37m,1%,1.85,544,27,27.2,0
Sun 09:00:00,85m,4%,4.25,850,42,42.5,43m,2%,2.15,544,27,27.2,0
Sun 09:01:00,85m,4%,4.25,850,42,42.5,45m,2%,2.25,470,23,23.5,0
Sun 09:02:00,83m,4%,4.15,850,42,42.5,37m,1%,1.85,544,27,27.2,0
Sun 09:03:01,84m,4%,4.2,850,42,42.5,43m,2%,2.15,470,23,23.5,0
Sun 09:04:00,82m,4%,4.1,850,42,42.5,36m,1%,1.8,396,19,19.8,0
Sun 09:05:00,84m,4%,4.2,850,42,42.5,34m,1%,1.7,396,19,19.8,0
Sun 09:06:00,84m,4%,4.2,850,42,42.5,43m,2%,2.15,396,19,19.8,0
Sun 09:07:00,84m,4%,4.2,850,42,42.5,32m,1%,1.6,396,19,19.8,0
Sun 09:08:00,85m,4%,4.25,850,42,42.5,44m,2%,2.2,322,16,16.1,0
Sun 09:09:00,83m,4%,4.15,850,42,42.5,33m,1%,1.65,322,16,16.1,0
Sun 09:10:00,82m,4%,4.1,850,42,42.5,31m,1%,1.55,396,19,19.8,0
Sun 09:11:00,80m,4%,4,850,42,42.5,38m,1%,1.9,322,16,16.1,0
Sun 09:12:00,81m,4%,4.05,850,42,42.5,32m,1%,1.6,396,19,19.8,0
Sun 09:13:00,82m,4%,4.1,850,42,42.5,38m,1%,1.9,322,16,16.1,0
Sun 09:14:00,80m,4%,4,850,42,42.5,33m,1%,1.65,396,19,19.8,0
Sun 09:15:00,82m,4%,4.1,850,42,42.5,37m,1%,1.85,396,19,19.8,0
Sun 09:16:00,79m,3%,3.95,850,42,42.5,31m,1%,1.55,322,16,16.1,0
Sun 09:17:00,81m,4%,4.05,850,42,42.5,32m,1%,1.6,396,19,19.8,0
Sun 09:18:00,80m,4%,4,850,42,42.5,38m,1%,1.9,322,16,16.1,0
Sun 09:19:00,79m,3%,3.95,850,42,42.5,32m,1%,1.6,396,19,19.8,0
Sun 09:20:00,80m,4%,4,850,42,42.5,37m,1%,1.85,322,16,16.1,0
Sun 09:21:00,79m,3%,3.95,850,42,42.5,33m,1%,1.65,322,16,16.1,0
Sun 09:22:00,80m,4%,4,850,42,42.5,28m,1%,1.4,396,19,19.8,0
Sun 09:23:00,83m,4%,4.15,850,42,42.5,39m,1%,1.95,322,16,16.1,0
Sun 09:24:00,79m,3%,3.95,850,42,42.5,32m,1%,1.6,396,19,19.8,0
Sun 09:25:00,83m,4%,4.15,850,42,42.5,39m,1%,1.95,322,16,16.1,0
Sun 09:26:00,78m,3%,3.9,850,42,42.5,33m,1%,1.65,396,19,19.8,0
Sun 09:27:01,82m,4%,4.1,850,42,42.5,38m,1%,1.9,396,19,19.8,0
Sun 09:28:00,81m,4%,4.05,850,42,42.5,30m,1%,1.5,322,16,16.1,0
Sun 09:29:00,83m,4%,4.15,850,42,42.5,32m,1%,1.6,396,19,19.8,0
Sun 09:30:01,80m,4%,4,850,42,42.5,38m,1%,1.9,322,16,16.1,0
Sun 09:31:00,81m,4%,4.05,850,42,42.5,33m,1%,1.65,396,19,19.8,0
Sun 09:32:00,82m,4%,4.1,850,42,42.5,38m,1%,1.9,322,16,16.1,0
Sun 09:33:00,79m,3%,3.95,850,42,42.5,32m,1%,1.6,322,16,16.1,0
Sun 09:34:00,79m,3%,3.95,850,42,42.5,29m,1%,1.45,396,19,19.8,0
Sun 09:35:00,83m,4%,4.15,850,42,42.5,38m,1%,1.9,322,16,16.1,0
Sun 09:36:00,79m,3%,3.95,850,42,42.5,32m,1%,1.6,396,19,19.8,0
Sun 09:37:00,81m,4%,4.05,850,42,42.5,38m,1%,1.9,322,16,16.1,0
Sun 09:38:00,80m,4%,4,850,42,42.5,33m,1%,1.65,396,19,19.8,0
Sun 09:39:00,82m,4%,4.1,850,42,42.5,38m,1%,1.9,396,19,19.8,0
Sun 09:40:00,79m,3%,3.95,850,42,42.5,30m,1%,1.5,322,16,16.1,0
Sun 09:41:00,81m,4%,4.05,850,42,42.5,33m,1%,1.65,396,19,19.8,0
Sun 09:42:00,82m,4%,4.1,850,42,42.5,38m,1%,1.9,322,16,16.1,0
Sun 09:43:00,81m,4%,4.05,850,42,42.5,33m,1%,1.65,396,19,19.8,0
Sun 09:44:00,81m,4%,4.05,850,42,42.5,38m,1%,1.9,322,16,16.1,0
Sun 09:45:00,81m,4%,4.05,850,42,42.5,32m,1%,1.6,322,16,16.1,0
Sun 09:46:01,80m,4%,4,850,42,42.5,30m,1%,1.5,396,19,19.8,0
Sun 09:47:00,82m,4%,4.1,850,42,42.5,38m,1%,1.9,322,16,16.1,0
Sun 09:48:00,80m,4%,4,850,42,42.5,32m,1%,1.6,396,19,19.8,0
Sun 09:49:00,82m,4%,4.1,850,42,42.5,38m,1%,1.9,322,16,16.1,0
Sun 09:50:00,79m,3%,3.95,850,42,42.5,32m,1%,1.6,396,19,19.8,0
Sun 09:51:00,81m,4%,4.05,850,42,42.5,38m,1%,1.9,396,19,19.8,0
Sun 09:52:00,79m,3%,3.95,850,42,42.5,30m,1%,1.5,322,16,16.1,0
Sun 09:53:00,81m,4%,4.05,850,42,42.5,33m,1%,1.65,396,19,19.8,0
Sun 09:54:00,78m,3%,3.9,850,42,42.5,38m,1%,1.9,322,16,16.1,0
Sun 09:55:00,80m,4%,4,850,42,42.5,32m,1%,1.6,396,19,19.8,0
Sun 09:56:01,80m,4%,4,850,42,42.5,39m,1%,1.95,322,16,16.1,0
Sun 09:57:00,82m,4%,4.1,850,42,42.5,32m,1%,1.6,322,16,16.1,0
Sun 09:58:00,79m,3%,3.95,850,42,42.5,30m,1%,1.5,396,19,19.8,0
Sun 09:59:00,80m,4%,4,850,42,42.5,38m,1%,1.9,322,16,16.1,0
Sun 10:00:00,79m,3%,3.95,850,42,42.5,32m,1%,1.6,396,19,19.8,0
Sun 10:01:00,81m,4%,4.05,850,42,42.5,39m,1%,1.95,322,16,16.1,0
Sun 10:02:00,80m,4%,4,850,42,42.5,31m,1%,1.55,396,19,19.8,0
Sun 10:03:00,82m,4%,4.1,850,42,42.5,38m,1%,1.9,396,19,19.8,0
Sun 10:04:00,79m,3%,3.95,850,42,42.5,30m,1%,1.5,396,19,19.8,0
Sun 10:05:00,82m,4%,4.1,850,42,42.5,41m,2%,2.05,396,19,19.8,0
Sun 10:06:00,80m,4%,4,850,42,42.5,30m,1%,1.5,322,16,16.1,0
Sun 10:07:00,81m,4%,4.05,850,42,42.5,33m,1%,1.65,396,19,19.8,0
Sun 10:08:00,82m,4%,4.1,850,42,42.5,39m,1%,1.95,322,16,16.1,0
Sun 10:09:00,80m,4%,4,850,42,42.5,32m,1%,1.6,396,19,19.8,0
Sun 10:10:00,79m,3%,3.95,850,42,42.5,38m,1%,1.9,396,19,19.8,0
Sun 10:11:00,80m,4%,4,850,42,42.5,31m,1%,1.55,396,19,19.8,0
Sun 10:12:01,81m,4%,4.05,850,42,42.5,41m,2%,2.05,396,19,19.8,0
Sun 10:13:00,80m,4%,4,850,42,42.5,31m,1%,1.55,396,19,19.8,0
Sun 10:14:00,80m,4%,4,850,42,42.5,41m,2%,2.05,396,19,19.8,0
Sun 10:15:00,81m,4%,4.05,850,42,42.5,31m,1%,1.55,396,19,19.8,0
Sun 10:16:00,79m,3%,3.95,850,42,42.5,40m,2%,2,396,19,19.8,0
Sun 10:17:00,82m,4%,4.1,850,42,42.5,31m,1%,1.55,322,16,16.1,0
Sun 10:18:00,80m,4%,4,850,42,42.5,32m,1%,1.6,396,19,19.8,0
Sun 10:19:00,81m,4%,4.05,850,42,42.5,40m,2%,2,322,16,16.1,0
Sun 10:20:00,79m,3%,3.95,850,42,42.5,32m,1%,1.6,396,19,19.8,0
Sun 10:21:00,81m,4%,4.05,850,42,42.5,39m,1%,1.95,396,19,19.8,0
Sun 10:22:00,80m,4%,4,850,42,42.5,30m,1%,1.5,396,19,19.8,0
Sun 10:23:00,82m,4%,4.1,850,42,42.5,42m,2%,2.1,396,19,19.8,0
Sun 10:24:00,80m,4%,4,850,42,42.5,30m,1%,1.5,396,19,19.8,0
Sun 10:25:00,83m,4%,4.15,850,42,42.5,41m,2%,2.05,396,19,19.8,0
Sun 10:26:00,80m,4%,4,850,42,42.5,31m,1%,1.55,322,16,16.1,0
Sun 10:27:00,80m,4%,4,850,42,42.5,33m,1%,1.65,396,19,19.8,0
Sun 10:28:00,81m,4%,4.05,850,42,42.5,40m,2%,2,322,16,16.1,0
Sun 10:29:00,81m,4%,4.05,850,42,42.5,33m,1%,1.65,396,19,19.8,0
Sun 10:30:00,81m,4%,4.05,850,42,42.5,39m,1%,1.95,322,16,16.1,0
Sun 10:31:00,80m,4%,4,850,42,42.5,30m,1%,1.5,396,19,19.8,0
Sun 10:32:00,81m,4%,4.05,850,42,42.5,41m,2%,2.05,396,19,19.8,0
Sun 10:33:00,81m,4%,4.05,850,42,42.5,31m,1%,1.55,396,19,19.8,0
Sun 10:34:00,81m,4%,4.05,850,42,42.5,41m,2%,2.05,396,19,19.8,0
Sun 10:35:00,81m,4%,4.05,850,42,42.5,32m,1%,1.6,396,19,19.8,0
Sun 10:36:00,80m,4%,4,850,42,42.5,33m,1%,1.65,396,19,19.8,0
Sun 10:37:00,83m,4%,4.15,850,42,42.5,40m,2%,2,322,16,16.1,0
Sun 10:38:00,80m,4%,4,850,42,42.5,33m,1%,1.65,396,19,19.8,0
Sun 10:39:00,82m,4%,4.1,850,42,42.5,39m,1%,1.95,322,16,16.1,0
Sun 10:40:00,80m,4%,4,850,42,42.5,33m,1%,1.65,396,19,19.8,0
Sun 10:41:00,83m,4%,4.15,850,42,42.5,39m,1%,1.95,396,19,19.8,0
Sun 10:42:00,79m,3%,3.95,850,42,42.5,30m,1%,1.5,396,19,19.8,0
Sun 10:43:00,82m,4%,4.1,850,42,42.5,42m,2%,2.1,396,19,19.8,0
Sun 10:44:00,80m,4%,4,850,42,42.5,30m,1%,1.5,396,19,19.8,0
Sun 10:45:00,82m,4%,4.1,850,42,42.5,41m,2%,2.05,396,19,19.8,0
Sun 10:46:00,80m,4%,4,850,42,42.5,31m,1%,1.55,396,19,19.8,2
Sun 10:47:00,82m,4%,4.1,850,42,42.5,33m,1%,1.65,396,19,19.8,0
Sun 10:48:00,81m,4%,4.05,850,42,42.5,40m,2%,2,322,16,16.1,0
Sun 10:49:00,80m,4%,4,850,42,42.5,33m,1%,1.65,396,19,19.8,0
Sun 10:50:00,81m,4%,4.05,850,42,42.5,39m,1%,1.95,322,16,16.1,0
Sun 10:51:00,80m,4%,4,850,42,42.5,30m,1%,1.5,396,19,19.8,0
Sun 10:52:00,81m,4%,4.05,850,42,42.5,41m,2%,2.05,396,19,19.8,0
Sun 10:53:00,81m,4%,4.05,850,42,42.5,30m,1%,1.5,396,19,19.8,0
Sun 10:54:00,80m,4%,4,850,42,42.5,41m,2%,2.05,396,19,19.8,0
Sun 10:55:00,82m,4%,4.1,850,42,42.5,31m,1%,1.55,396,19,19.8,0
Sun 10:56:00,81m,4%,4.05,850,42,42.5,40m,2%,2,396,19,19.8,0
Sun 10:57:00,82m,4%,4.1,850,42,42.5,31m,1%,1.55,322,16,16.1,0
Sun 10:58:00,78m,3%,3.9,850,42,42.5,33m,1%,1.65,396,19,19.8,0
Sun 10:59:00,82m,4%,4.1,850,42,42.5,39m,1%,1.95,322,16,16.1,0
Sun 11:00:00,80m,4%,4,850,42,42.5,33m,1%,1.65,396,19,19.8,0
Sun 11:01:00,82m,4%,4.1,850,42,42.5,39m,1%,1.95,396,19,19.8,0
Sun 11:02:00,81m,4%,4.05,850,42,42.5,30m,1%,1.5,396,19,19.8,0
Sun 11:03:00,80m,4%,4,850,42,42.5,42m,2%,2.1,470,23,23.5,0
Sun 11:04:01,81m,4%,4.05,850,42,42.5,39m,1%,1.95,396,19,19.8,0
Sun 11:05:00,82m,4%,4.1,850,42,42.5,33m,1%,1.65,470,23,23.5,0
Sun 11:06:00,80m,4%,4,850,42,42.5,39m,1%,1.95,396,19,19.8,0
Sun 11:07:00,81m,4%,4.05,850,42,42.5,34m,1%,1.7,470,23,23.5,0
Sun 11:08:00,81m,4%,4.05,850,42,42.5,40m,2%,2,396,19,19.8,0
Sun 11:09:00,81m,4%,4.05,850,42,42.5,34m,1%,1.7,470,23,23.5,0
Sun 11:10:00,81m,4%,4.05,850,42,42.5,41m,2%,2.05,470,23,23.5,0
Sun 11:11:00,81m,4%,4.05,850,42,42.5,41m,2%,2.05,470,23,23.5,0
Sun 11:12:00,80m,4%,4,850,42,42.5,32m,1%,1.6,470,23,23.5,0
Sun 11:13:00,82m,4%,4.1,850,42,42.5,42m,2%,2.1,396,19,19.8,0
Sun 11:14:01,79m,3%,3.95,850,42,42.5,35m,1%,1.75,470,23,23.5,0
Sun 11:15:00,82m,4%,4.1,850,42,42.5,40m,2%,2,396,19,19.8,0
Sun 11:16:00,80m,4%,4,850,42,42.5,34m,1%,1.7,470,23,23.5,0
Sun 11:17:00,82m,4%,4.1,850,42,42.5,40m,2%,2,470,23,23.5,0
Sun 11:18:00,81m,4%,4.05,850,42,42.5,41m,2%,2.05,470,23,23.5,0
Sun 11:19:00,81m,4%,4.05,850,42,42.5,32m,1%,1.6,470,23,23.5,0
Sun 11:20:00,80m,4%,4,850,42,42.5,42m,2%,2.1,396,19,19.8,0
Sun 11:21:00,80m,4%,4,850,42,42.5,35m,1%,1.75,470,23,23.5,0
Sun 11:22:00,81m,4%,4.05,850,42,42.5,40m,2%,2,396,19,19.8,0
Sun 11:23:00,82m,4%,4.1,850,42,42.5,34m,1%,1.7,470,23,23.5,0
Sun 11:24:00,81m,4%,4.05,850,42,42.5,41m,2%,2.05,470,23,23.5,0
Sun 11:25:00,82m,4%,4.1,850,42,42.5,42m,2%,2.1,470,23,23.5,0
Sun 11:26:00,80m,4%,4,850,42,42.5,32m,1%,1.6,470,23,23.5,0
Sun 11:27:00,83m,4%,4.15,850,42,42.5,41m,2%,2.05,396,19,19.8,0
Sun 11:28:00,79m,3%,3.95,850,42,42.5,34m,1%,1.7,470,23,23.5,0
Sun 11:29:00,82m,4%,4.1,850,42,42.5,40m,2%,2,396,19,19.8,0
Sun 11:30:00,79m,3%,3.95,850,42,42.5,34m,1%,1.7,470,23,23.5,0
Sun 11:31:00,82m,4%,4.1,850,42,42.5,41m,2%,2.05,470,23,23.5,0
Sun 11:32:00,81m,4%,4.05,850,42,42.5,41m,2%,2.05,470,23,23.5,0
Sun 11:33:00,81m,4%,4.05,850,42,42.5,33m,1%,1.65,470,23,23.5,0
Sun 11:34:00,81m,4%,4.05,850,42,42.5,41m,2%,2.05,396,19,19.8,0
Sun 11:35:00,82m,4%,4.1,850,42,42.5,34m,1%,1.7,470,23,23.5,0
Sun 11:36:00,79m,3%,3.95,850,42,42.5,41m,2%,2.05,396,19,19.8,0
Sun 11:37:00,82m,4%,4.1,850,42,42.5,33m,1%,1.65,470,23,23.5,0
Sun 11:38:00,81m,4%,4.05,850,42,42.5,41m,2%,2.05,470,23,23.5,0
Sun 11:39:00,83m,4%,4.15,850,42,42.5,42m,2%,2.1,470,23,23.5,0
Sun 11:40:00,81m,4%,4.05,850,42,42.5,32m,1%,1.6,470,23,23.5,0
Sun 11:41:00,82m,4%,4.1,850,42,42.5,42m,2%,2.1,396,19,19.8,0
Sun 11:42:00,79m,3%,3.95,850,42,42.5,34m,1%,1.7,470,23,23.5,0
Sun 11:43:00,82m,4%,4.1,850,42,42.5,40m,2%,2,396,19,19.8,0
Sun 11:44:00,80m,4%,4,850,42,42.5,33m,1%,1.65,470,23,23.5,0
Sun 11:45:00,82m,4%,4.1,850,42,42.5,40m,2%,2,470,23,23.5,0
Sun 11:46:00,80m,4%,4,850,42,42.5,42m,2%,2.1,470,23,23.5,0
Sun 11:47:00,82m,4%,4.1,850,42,42.5,32m,1%,1.6,470,23,23.5,0
Sun 11:48:00,81m,4%,4.05,850,42,42.5,43m,2%,2.15,396,19,19.8,0
Sun 11:49:00,81m,4%,4.05,850,42,42.5,36m,1%,1.8,470,23,23.5,0
Sun 11:50:00,80m,4%,4,850,42,42.5,40m,2%,2,396,19,19.8,0
Sun 11:51:00,80m,4%,4,850,42,42.5,34m,1%,1.7,470,23,23.5,0
Sun 11:52:00,82m,4%,4.1,850,42,42.5,41m,2%,2.05,470,23,23.5,0
Sun 11:53:00,82m,4%,4.1,850,42,42.5,43m,2%,2.15,470,23,23.5,0
Sun 11:54:00,80m,4%,4,850,42,42.5,33m,1%,1.65,470,23,23.5,0
Sun 11:55:00,82m,4%,4.1,850,42,42.5,43m,2%,2.15,396,19,19.8,0
Sun 11:56:00,78m,3%,3.9,850,42,42.5,34m,1%,1.7,470,23,23.5,0
Sun 11:57:00,83m,4%,4.15,850,42,42.5,40m,2%,2,396,19,19.8,0
Sun 11:58:00,114m,5%,5.7,850,42,42.5,54m,2%,2.7,470,23,23.5,0
Sun 11:59:00,90m,4%,4.5,850,42,42.5,46m,2%,2.3,470,23,23.5,0
Sun 12:00:00,91m,4%,4.55,850,42,42.5,44m,2%,2.2,544,27,27.2,0
Sun 12:01:00,83m,4%,4.15,850,42,42.5,44m,2%,2.2,544,27,27.2,0
Sun 12:02:00,86m,4%,4.3,850,42,42.5,45m,2%,2.25,544,27,27.2,0
Sun 12:03:00,84m,4%,4.2,850,42,42.5,46m,2%,2.3,618,30,30.9,0
Sun 12:04:00,88m,4%,4.4,850,42,42.5,44m,2%,2.2,618,30,30.9,0
Sun 12:05:00,89m,4%,4.45,850,42,42.5,50m,2%,2.5,692,34,34.6,0
Sun 12:06:00,94m,4%,4.7,924,46,46.2,48m,2%,2.4,618,30,30.9,2
Sun 12:07:00,246m,12%,12.3,924,46,46.2,42m,2%,2.1,692,34,34.6,0
Sun 12:08:00,247m,12%,12.35,924,46,46.2,46m,2%,2.3,692,34,34.6,0
Sun 12:09:00,88m,4%,4.4,924,46,46.2,50m,2%,2.5,692,34,34.6,0
Sun 12:10:00,89m,4%,4.45,924,46,46.2,48m,2%,2.4,692,34,34.6,0
Sun 12:11:00,87m,4%,4.35,924,46,46.2,50m,2%,2.5,692,34,34.6,0
Sun 12:12:00,90m,4%,4.5,924,46,46.2,49m,2%,2.45,692,34,34.6,0
Sun 12:13:00,89m,4%,4.45,924,46,46.2,50m,2%,2.5,618,30,30.9,0
Sun 12:14:00,91m,4%,4.55,924,46,46.2,52m,2%,2.6,692,34,34.6,0
Sun 12:15:00,87m,4%,4.35,924,46,46.2,47m,2%,2.35,618,30,30.9,0
Sun 12:16:00,100m,5%,5,924,46,46.2,41m,2%,2.05,618,30,30.9,0
Sun 12:17:00,90m,4%,4.5,924,46,46.2,49m,2%,2.45,618,30,30.9,0
Sun 12:18:00,89m,4%,4.45,924,46,46.2,50m,2%,2.5,618,30,30.9,0
Sun 12:19:00,90m,4%,4.5,924,46,46.2,49m,2%,2.45,618,30,30.9,0
Sun 12:20:00,90m,4%,4.5,924,46,46.2,50m,2%,2.5,618,30,30.9,0
Sun 12:21:00,90m,4%,4.5,924,46,46.2,50m,2%,2.5,618,30,30.9,0
Sun 12:22:00,90m,4%,4.5,924,46,46.2,48m,2%,2.4,618,30,30.9,0
Sun 12:23:00,87m,4%,4.35,850,42,42.5,51m,2%,2.55,692,34,34.6,0
Sun 12:24:00,93m,4%,4.65,924,46,46.2,46m,2%,2.3,618,30,30.9,0
Sun 12:25:00,96m,4%,4.8,924,46,46.2,40m,2%,2,618,30,30.9,0
Sun 12:26:00,91m,4%,4.55,924,46,46.2,48m,2%,2.4,618,30,30.9,0
Sun 12:27:00,88m,4%,4.4,924,46,46.2,48m,2%,2.4,618,30,30.9,0
Sun 12:28:00,89m,4%,4.45,924,46,46.2,49m,2%,2.45,618,30,30.9,0
Sun 12:29:00,90m,4%,4.5,924,46,46.2,49m,2%,2.45,618,30,30.9,0
Sun 12:30:00,90m,4%,4.5,924,46,46.2,50m,2%,2.5,618,30,30.9,0
Sun 12:31:00,87m,4%,4.35,924,46,46.2,48m,2%,2.4,618,30,30.9,0
Sun 12:32:00,90m,4%,4.5,850,42,42.5,49m,2%,2.45,692,34,34.6,0
Sun 12:33:00,90m,4%,4.5,924,46,46.2,47m,2%,2.35,618,30,30.9,0
Sun 12:34:00,97m,4%,4.85,924,46,46.2,40m,2%,2,618,30,30.9,0
Sun 12:35:01,88m,4%,4.4,924,46,46.2,49m,2%,2.45,618,30,30.9,0
Sun 12:36:00,88m,4%,4.4,924,46,46.2,48m,2%,2.4,618,30,30.9,0
Sun 12:37:00,89m,4%,4.45,924,46,46.2,49m,2%,2.45,618,30,30.9,0
Sun 12:38:00,89m,4%,4.45,924,46,46.2,50m,2%,2.5,618,30,30.9,0
Sun 12:39:00,88m,4%,4.4,924,46,46.2,49m,2%,2.45,618,30,30.9,0
Sun 12:40:00,90m,4%,4.5,924,46,46.2,48m,2%,2.4,618,30,30.9,0
Sun 12:41:00,83m,4%,4.15,850,42,42.5,47m,2%,2.35,692,34,34.6,0
Sun 12:42:00,87m,4%,4.35,924,46,46.2,45m,2%,2.25,618,30,30.9,0
Sun 12:43:00,97m,4%,4.85,924,46,46.2,42m,2%,2.1,618,30,30.9,0
Sun 12:44:00,94m,4%,4.7,924,46,46.2,53m,2%,2.65,618,30,30.9,0
Sun 12:45:00,88m,4%,4.4,924,46,46.2,50m,2%,2.5,618,30,30.9,0
Sun 12:46:00,90m,4%,4.5,924,46,46.2,50m,2%,2.5,692,34,34.6,2
Sun 12:47:00,88m,4%,4.4,924,46,46.2,49m,2%,2.45,692,34,34.6,0
Sun 12:48:00,89m,4%,4.45,924,46,46.2,50m,2%,2.5,692,34,34.6,2
Sun 12:49:00,88m,4%,4.4,924,46,46.2,50m,2%,2.5,692,34,34.6,0
Sun 12:50:00,89m,4%,4.45,924,46,46.2,49m,2%,2.45,692,34,34.6,0
Sun 12:51:00,90m,4%,4.5,924,46,46.2,46m,2%,2.3,692,34,34.6,0
Sun 12:52:00,99m,4%,4.95,924,46,46.2,40m,2%,2,692,34,34.6,0
Sun 12:53:00,88m,4%,4.4,924,46,46.2,56m,2%,2.8,692,34,34.6,0
Sun 12:54:00,89m,4%,4.45,924,46,46.2,50m,2%,2.5,692,34,34.6,0
Sun 12:55:00,89m,4%,4.45,924,46,46.2,52m,2%,2.6,692,34,34.6,0
Sun 12:56:00,89m,4%,4.45,924,46,46.2,50m,2%,2.5,692,34,34.6,0
Sun 12:57:00,89m,4%,4.45,924,46,46.2,50m,2%,2.5,692,34,34.6,0
Sun 12:58:00,89m,4%,4.45,924,46,46.2,49m,2%,2.45,692,34,34.6,0
Sun 12:59:00,89m,4%,4.45,924,46,46.2,49m,2%,2.45,692,34,34.6,0
Sun 13:00:00,99m,4%,4.95,924,46,46.2,38m,1%,1.9,692,34,34.6,0
Sun 13:01:00,91m,4%,4.55,924,46,46.2,49m,2%,2.45,692,34,34.6,0
Sun 13:02:00,92m,4%,4.6,924,46,46.2,51m,2%,2.55,692,34,34.6,0
Sun 13:03:00,89m,4%,4.45,998,49,49.9,51m,2%,2.55,692,34,34.6,0
Sun 13:04:00,100m,5%,5,998,49,49.9,41m,2%,2.05,692,34,34.6,0
Sun 13:05:00,91m,4%,4.55,998,49,49.9,59m,2%,2.95,692,34,34.6,0
Sun 13:06:00,92m,4%,4.6,998,49,49.9,49m,2%,2.45,692,34,34.6,0
Sun 13:07:00,92m,4%,4.6,998,49,49.9,50m,2%,2.5,692,34,34.6,0
Sun 13:08:00,91m,4%,4.55,924,46,46.2,51m,2%,2.55,766,38,38.3,0
Sun 13:09:00,92m,4%,4.6,998,49,49.9,49m,2%,2.45,692,34,34.6,0
Sun 13:10:00,100m,5%,5,1072,53,53.6,55m,2%,2.75,618,30,30.9,0
Sun 13:11:00,100m,5%,5,998,49,49.9,42m,2%,2.1,692,34,34.6,0
Sun 13:12:00,96m,4%,4.8,1072,53,53.6,46m,2%,2.3,618,30,30.9,0
Sun 13:13:00,100m,5%,5,1072,53,53.6,40m,2%,2,618,30,30.9,0
Sun 13:14:00,92m,4%,4.6,1072,53,53.6,49m,2%,2.45,618,30,30.9,0
Sun 13:15:00,93m,4%,4.65,1072,53,53.6,60m,3%,3,618,30,30.9,0
Sun 13:16:00,93m,4%,4.65,1072,53,53.6,48m,2%,2.4,618,30,30.9,0
Sun 13:17:00,92m,4%,4.6,1072,53,53.6,49m,2%,2.45,618,30,30.9,0
Sun 13:18:00,93m,4%,4.65,998,49,49.9,51m,2%,2.55,766,38,38.3,0
Sun 13:19:00,96m,4%,4.8,924,46,46.2,49m,2%,2.45,766,38,38.3,0
Sun 13:20:00,95m,4%,4.75,850,42,42.5,60m,3%,3,840,42,42,0
Sun 13:21:00,92m,4%,4.6,924,46,46.2,49m,2%,2.45,766,38,38.3,0
Sun 13:22:00,99m,4%,4.95,998,49,49.9,43m,2%,2.15,692,34,34.6,0
Sun 13:23:00,99m,4%,4.95,1072,53,53.6,44m,2%,2.2,618,30,30.9,0
Sun 13:24:00,101m,5%,5.05,1072,53,53.6,40m,2%,2,618,30,30.9,0
Sun 13:25:00,94m,4%,4.7,1072,53,53.6,62m,3%,3.1,618,30,30.9,0
Sun 13:26:00,93m,4%,4.65,1072,53,53.6,50m,2%,2.5,618,30,30.9,0
Sun 13:27:00,91m,4%,4.55,1072,53,53.6,50m,2%,2.5,618,30,30.9,0
Sun 13:28:00,92m,4%,4.6,1072,53,53.6,50m,2%,2.5,618,30,30.9,0
Sun 13:29:01,91m,4%,4.55,998,49,49.9,50m,2%,2.5,692,34,34.6,0
Sun 13:30:00,97m,4%,4.85,998,49,49.9,57m,2%,2.85,692,34,34.6,0
Sun 13:31:00,102m,5%,5.1,998,49,49.9,38m,1%,1.9,692,34,34.6,0
Sun 13:32:00,104m,5%,5.2,1072,53,53.6,39m,1%,1.95,618,30,30.9,0
Sun 13:33:00,100m,5%,5,1072,53,53.6,42m,2%,2.1,618,30,30.9,0
Sun 13:34:01,93m,4%,4.65,1072,53,53.6,55m,2%,2.75,618,30,30.9,0
Sun 13:35:00,94m,4%,4.7,1072,53,53.6,55m,2%,2.75,618,30,30.9,0
Sun 13:36:00,94m,4%,4.7,1072,53,53.6,49m,2%,2.45,618,30,30.9,0
Sun 13:37:00,91m,4%,4.55,1072,53,53.6,49m,2%,2.45,618,30,30.9,0
Sun 13:38:00,93m,4%,4.65,998,49,49.9,50m,2%,2.5,692,34,34.6,0
Sun 13:39:00,90m,4%,4.5,998,49,49.9,55m,2%,2.75,692,34,34.6,0
Sun 13:40:00,106m,5%,5.3,924,46,46.2,41m,2%,2.05,766,38,38.3,0
Sun 13:41:00,93m,4%,4.65,998,49,49.9,47m,2%,2.35,692,34,34.6,0
Sun 13:42:00,101m,5%,5.05,998,49,49.9,41m,2%,2.05,692,34,34.6,0
Sun 13:43:00,90m,4%,4.5,998,49,49.9,51m,2%,2.55,692,34,34.6,0
Sun 13:44:01,93m,4%,4.65,1072,53,53.6,57m,2%,2.85,618,30,30.9,0
Sun 13:45:00,98m,4%,4.9,1072,53,53.6,46m,2%,2.3,618,30,30.9,0
Sun 13:46:00,91m,4%,4.55,1072,53,53.6,48m,2%,2.4,618,30,30.9,0
Sun 13:47:00,92m,4%,4.6,1072,53,53.6,50m,2%,2.5,618,30,30.9,0
Sun 13:48:00,92m,4%,4.6,1072,53,53.6,50m,2%,2.5,618,30,30.9,0
Sun 13:49:00,100m,5%,5,998,49,49.9,49m,2%,2.45,692,34,34.6,0
Sun 13:50:00,99m,4%,4.95,998,49,49.9,49m,2%,2.45,692,34,34.6,0
Sun 13:51:00,104m,5%,5.2,1072,53,53.6,56m,2%,2.8,618,30,30.9,0
Sun 13:52:00,103m,5%,5.15,1072,53,53.6,41m,2%,2.05,618,30,30.9,0
Sun 13:53:00,94m,4%,4.7,998,49,49.9,51m,2%,2.55,692,34,34.6,0
Sun 13:54:00,94m,4%,4.7,998,49,49.9,60m,3%,3,692,34,34.6,0
Sun 13:55:00,93m,4%,4.65,998,49,49.9,52m,2%,2.6,692,34,34.6,0
Sun 13:56:00,90m,4%,4.5,998,49,49.9,51m,2%,2.55,692,34,34.6,0
Sun 13:57:00,92m,4%,4.6,998,49,49.9,51m,2%,2.55,692,34,34.6,0
Sun 13:58:00,101m,5%,5.05,1072,53,53.6,40m,2%,2,618,30,30.9,0
Sun 13:59:00,102m,5%,5.1,998,49,49.9,52m,2%,2.6,692,34,34.6,0
Sun 14:00:00,94m,4%,4.7,998,49,49.9,47m,2%,2.35,692,34,34.6,0
Sun 14:01:00,97m,4%,4.85,998,49,49.9,54m,2%,2.7,618,30,30.9,0
Sun 14:02:01,85m,4%,4.25,998,49,49.9,39m,1%,1.95,618,30,30.9,0
Sun 14:03:00,85m,4%,4.25,998,49,49.9,47m,2%,2.35,544,27,27.2,0
Sun 14:04:00,85m,4%,4.25,998,49,49.9,50m,2%,2.5,544,27,27.2,0
Sun 14:05:00,86m,4%,4.3,924,46,46.2,46m,2%,2.3,618,30,30.9,0
Sun 14:06:00,85m,4%,4.25,924,46,46.2,42m,2%,2.1,618,30,30.9,0
Sun 14:07:00,85m,4%,4.25,850,42,42.5,45m,2%,2.25,692,34,34.6,0
Sun 14:08:00,85m,4%,4.25,924,46,46.2,44m,2%,2.2,618,30,30.9,2
Sun 14:09:00,90m,4%,4.5,924,46,46.2,38m,1%,1.9,544,27,27.2,0
Sun 14:10:00,83m,4%,4.15,924,46,46.2,37m,1%,1.85,544,27,27.2,0
Sun 14:11:01,83m,4%,4.15,924,46,46.2,44m,2%,2.2,544,27,27.2,0
Sun 14:12:00,83m,4%,4.15,924,46,46.2,46m,2%,2.3,544,27,27.2,0
Sun 14:13:00,85m,4%,4.25,924,46,46.2,46m,2%,2.3,544,27,27.2,0
Sun 14:14:01,81m,4%,4.05,924,46,46.2,45m,2%,2.25,618,30,30.9,0
Sun 14:15:00,83m,4%,4.15,924,46,46.2,43m,2%,2.15,618,30,30.9,0
Sun 14:16:00,84m,4%,4.2,924,46,46.2,37m,1%,1.85,544,27,27.2,0
Sun 14:17:01,84m,4%,4.2,850,42,42.5,45m,2%,2.25,618,30,30.9,0
Sun 14:18:00,84m,4%,4.2,850,42,42.5,44m,2%,2.2,618,30,30.9,0
Sun 14:19:00,85m,4%,4.25,850,42,42.5,46m,2%,2.3,618,30,30.9,0
Sun 14:20:00,83m,4%,4.15,850,42,42.5,47m,2%,2.35,618,30,30.9,0
Sun 14:21:00,82m,4%,4.1,850,42,42.5,48m,2%,2.4,618,30,30.9,0
Sun 14:22:00,85m,4%,4.25,924,46,46.2,44m,2%,2.2,618,30,30.9,0
Sun 14:23:00,90m,4%,4.5,924,46,46.2,38m,1%,1.9,618,30,30.9,0
Sun 14:24:00,85m,4%,4.25,924,46,46.2,36m,1%,1.8,544,27,27.2,0
Sun 14:25:00,82m,4%,4.1,924,46,46.2,45m,2%,2.25,544,27,27.2,0
Sun 14:26:00,84m,4%,4.2,924,46,46.2,46m,2%,2.3,544,27,27.2,0
Sun 14:27:00,84m,4%,4.2,924,46,46.2,45m,2%,2.25,544,27,27.2,0
Sun 14:28:00,84m,4%,4.2,924,46,46.2,47m,2%,2.35,544,27,27.2,0
Sun 14:29:00,83m,4%,4.15,924,46,46.2,45m,2%,2.25,618,30,30.9,0
Sun 14:30:00,84m,4%,4.2,924,46,46.2,42m,2%,2.1,618,30,30.9,0
Sun 14:31:00,84m,4%,4.2,850,42,42.5,46m,2%,2.3,692,34,34.6,2
Sun 14:32:01,87m,4%,4.35,850,42,42.5,36m,1%,1.8,618,30,30.9,0
Sun 14:33:00,77m,3%,3.85,924,46,46.2,47m,2%,2.35,544,27,27.2,0
Sun 14:34:00,90m,4%,4.5,924,46,46.2,37m,1%,1.85,544,27,27.2,0
Sun 14:35:00,84m,4%,4.2,924,46,46.2,46m,2%,2.3,544,27,27.2,0
Sun 14:36:00,84m,4%,4.2,924,46,46.2,45m,2%,2.25,544,27,27.2,0
Sun 14:37:00,85m,4%,4.25,924,46,46.2,43m,2%,2.15,618,30,30.9,0
Sun 14:38:00,82m,4%,4.1,924,46,46.2,45m,2%,2.25,618,30,30.9,0
Sun 14:39:00,83m,4%,4.15,924,46,46.2,42m,2%,2.1,544,27,27.2,0
Sun 14:40:00,82m,4%,4.1,924,46,46.2,39m,1%,1.95,544,27,27.2,0
Sun 14:41:01,84m,4%,4.2,850,42,42.5,44m,2%,2.2,618,30,30.9,0
Sun 14:42:00,85m,4%,4.25,850,42,42.5,44m,2%,2.2,618,30,30.9,0
Sun 14:43:00,83m,4%,4.15,924,46,46.2,46m,2%,2.3,544,27,27.2,0
Sun 14:44:01,91m,4%,4.55,924,46,46.2,38m,1%,1.9,544,27,27.2,0
Sun 14:45:00,84m,4%,4.2,924,46,46.2,42m,2%,2.1,618,30,30.9,0
Sun 14:46:00,83m,4%,4.15,924,46,46.2,45m,2%,2.25,618,30,30.9,0
Sun 14:47:01,81m,4%,4.05,924,46,46.2,37m,1%,1.85,544,27,27.2,0
Sun 14:48:00,80m,4%,4,924,46,46.2,45m,2%,2.25,544,27,27.2,0
Sun 14:49:00,83m,4%,4.15,924,46,46.2,44m,2%,2.2,544,27,27.2,0
Sun 14:50:00,82m,4%,4.1,924,46,46.2,46m,2%,2.3,544,27,27.2,0
Sun 14:51:00,83m,4%,4.15,850,42,42.5,46m,2%,2.3,618,30,30.9,0
Sun 14:52:00,84m,4%,4.2,850,42,42.5,43m,2%,2.15,618,30,30.9,0
Sun 14:53:00,83m,4%,4.15,850,42,42.5,43m,2%,2.15,692,34,34.6,0
Sun 14:54:00,82m,4%,4.1,924,46,46.2,46m,2%,2.3,618,30,30.9,2
Sun 14:55:00,80m,4%,4,924,46,46.2,38m,1%,1.9,544,27,27.2,0
Sun 14:56:00,91m,4%,4.55,924,46,46.2,37m,1%,1.85,544,27,27.2,0
Sun 14:57:00,84m,4%,4.2,924,46,46.2,46m,2%,2.3,544,27,27.2,0
Sun 14:58:00,81m,4%,4.05,924,46,46.2,46m,2%,2.3,544,27,27.2,0
Sun 14:59:00,84m,4%,4.2,924,46,46.2,46m,2%,2.3,544,27,27.2,0
Sun 15:00:00,83m,4%,4.15,924,46,46.2,45m,2%,2.25,618,30,30.9,0
Sun 15:01:00,83m,4%,4.15,924,46,46.2,42m,2%,2.1,544,27,27.2,0
Sun 15:02:00,81m,4%,4.05,924,46,46.2,38m,1%,1.9,544,27,27.2,0
Sun 15:03:00,81m,4%,4.05,850,42,42.5,45m,2%,2.25,618,30,30.9,0
Sun 15:04:00,83m,4%,4.15,850,42,42.5,43m,2%,2.15,618,30,30.9,0
Sun 15:05:00,81m,4%,4.05,850,42,42.5,46m,2%,2.3,544,27,27.2,0
Sun 15:06:00,80m,4%,4,850,42,42.5,38m,1%,1.9,544,27,27.2,0
Sun 15:07:00,82m,4%,4.1,850,42,42.5,44m,2%,2.2,544,27,27.2,0
Sun 15:08:00,81m,4%,4.05,850,42,42.5,44m,2%,2.2,618,30,30.9,0
Sun 15:09:01,82m,4%,4.1,850,42,42.5,45m,2%,2.25,618,30,30.9,0
Sun 15:10:00,79m,3%,3.95,850,42,42.5,37m,1%,1.85,544,27,27.2,0
Sun 15:11:00,81m,4%,4.05,850,42,42.5,45m,2%,2.25,544,27,27.2,0
Sun 15:12:00,82m,4%,4.1,850,42,42.5,46m,2%,2.3,618,30,30.9,0
Sun 15:13:00,82m,4%,4.1,850,42,42.5,42m,2%,2.1,618,30,30.9,0
Sun 15:14:00,80m,4%,4,850,42,42.5,44m,2%,2.2,544,27,27.2,0
Sun 15:15:00,82m,4%,4.1,850,42,42.5,37m,1%,1.85,544,27,27.2,0
Sun 15:16:00,80m,4%,4,850,42,42.5,45m,2%,2.25,618,30,30.9,0
Sun 15:17:00,82m,4%,4.1,850,42,42.5,43m,2%,2.15,618,30,30.9,0
Sun 15:18:00,81m,4%,4.05,850,42,42.5,45m,2%,2.25,544,27,27.2,0
Sun 15:19:00,79m,3%,3.95,850,42,42.5,37m,1%,1.85,544,27,27.2,0
Sun 15:20:00,81m,4%,4.05,850,42,42.5,46m,2%,2.3,544,27,27.2,0
Sun 15:21:00,81m,4%,4.05,850,42,42.5,44m,2%,2.2,618,30,30.9,0
Sun 15:22:00,81m,4%,4.05,850,42,42.5,45m,2%,2.25,618,30,30.9,2
Sun 15:23:00,81m,4%,4.05,850,42,42.5,37m,1%,1.85,544,27,27.2,0
Sun 15:24:00,81m,4%,4.05,850,42,42.5,46m,2%,2.3,544,27,27.2,0
Sun 15:25:00,82m,4%,4.1,850,42,42.5,45m,2%,2.25,618,30,30.9,0
Sun 15:26:00,81m,4%,4.05,850,42,42.5,42m,2%,2.1,618,30,30.9,0
Sun 15:27:00,82m,4%,4.1,850,42,42.5,44m,2%,2.2,544,27,27.2,0
Sun 15:28:01,80m,4%,4,850,42,42.5,37m,1%,1.85,544,27,27.2,0
Sun 15:29:00,82m,4%,4.1,850,42,42.5,45m,2%,2.25,618,30,30.9,0
Sun 15:30:00,81m,4%,4.05,850,42,42.5,42m,2%,2.1,618,30,30.9,0
Sun 15:31:01,82m,4%,4.1,850,42,42.5,45m,2%,2.25,544,27,27.2,0
Sun 15:32:00,81m,4%,4.05,850,42,42.5,36m,1%,1.8,544,27,27.2,0
Sun 15:33:00,82m,4%,4.1,850,42,42.5,46m,2%,2.3,544,27,27.2,0
Sun 15:34:00,82m,4%,4.1,850,42,42.5,45m,2%,2.25,618,30,30.9,0
Sun 15:35:00,81m,4%,4.05,850,42,42.5,42m,2%,2.1,618,30,30.9,0
Sun 15:36:00,80m,4%,4,850,42,42.5,35m,1%,1.75,544,27,27.2,0
Sun 15:37:00,83m,4%,4.15,850,42,42.5,46m,2%,2.3,544,27,27.2,0
Sun 15:38:00,81m,4%,4.05,850,42,42.5,46m,2%,2.3,618,30,30.9,0
Sun 15:39:00,82m,4%,4.1,850,42,42.5,42m,2%,2.1,618,30,30.9,0
Sun 15:40:00,81m,4%,4.05,850,42,42.5,45m,2%,2.25,544,27,27.2,0
Sun 15:41:00,82m,4%,4.1,850,42,42.5,37m,1%,1.85,544,27,27.2,0
Sun 15:42:00,81m,4%,4.05,850,42,42.5,44m,2%,2.2,618,30,30.9,0
Sun 15:43:00,83m,4%,4.15,850,42,42.5,42m,2%,2.1,618,30,30.9,0
Sun 15:44:00,81m,4%,4.05,850,42,42.5,45m,2%,2.25,544,27,27.2,0
Sun 15:45:00,81m,4%,4.05,850,42,42.5,36m,1%,1.8,544,27,27.2,0
Sun 15:46:00,81m,4%,4.05,850,42,42.5,46m,2%,2.3,544,27,27.2,0
Sun 15:47:00,83m,4%,4.15,850,42,42.5,45m,2%,2.25,618,30,30.9,0
Sun 15:48:00,81m,4%,4.05,850,42,42.5,43m,2%,2.15,618,30,30.9,2
Sun 15:49:00,81m,4%,4.05,850,42,42.5,37m,1%,1.85,544,27,27.2,0
Sun 15:50:00,80m,4%,4,850,42,42.5,46m,2%,2.3,544,27,27.2,0
Sun 15:51:00,80m,4%,4,850,42,42.5,45m,2%,2.25,618,30,30.9,0
Sun 15:52:00,82m,4%,4.1,850,42,42.5,43m,2%,2.15,618,30,30.9,0
Sun 15:53:01,82m,4%,4.1,850,42,42.5,45m,2%,2.25,544,27,27.2,0
Sun 15:54:00,80m,4%,4,850,42,42.5,37m,1%,1.85,544,27,27.2,0
Sun 15:55:00,82m,4%,4.1,850,42,42.5,45m,2%,2.25,618,30,30.9,0
Sun 15:56:00,81m,4%,4.05,850,42,42.5,43m,2%,2.15,618,30,30.9,0
Sun 15:57:00,83m,4%,4.15,850,42,42.5,45m,2%,2.25,544,27,27.2,0
Sun 15:58:00,80m,4%,4,850,42,42.5,37m,1%,1.85,544,27,27.2,0
Sun 15:59:00,82m,4%,4.1,850,42,42.5,46m,2%,2.3,544,27,27.2,0
Sun 16:00:00,80m,4%,4,850,42,42.5,45m,2%,2.25,544,27,27.2,0
Sun 16:01:00,81m,4%,4.05,850,42,42.5,34m,1%,1.7,544,27,27.2,0
Sun 16:02:00,81m,4%,4.05,850,42,42.5,45m,2%,2.25,470,23,23.5,0
Sun 16:03:00,81m,4%,4.05,850,42,42.5,36m,1%,1.8,470,23,23.5,0
Sun 16:04:00,80m,4%,4,850,42,42.5,43m,2%,2.15,470,23,23.5,0
Sun 16:05:00,77m,3%,3.85,850,42,42.5,32m,1%,1.6,470,23,23.5,0
Sun 16:06:00,80m,4%,4,850,42,42.5,43m,2%,2.15,396,19,19.8,0
Sun 16:07:00,81m,4%,4.05,850,42,42.5,33m,1%,1.65,396,19,19.8,0
Sun 16:08:00,81m,4%,4.05,850,42,42.5,42m,2%,2.1,396,19,19.8,0
Sun 16:09:00,79m,3%,3.95,850,42,42.5,31m,1%,1.55,322,16,16.1,0
Sun 16:10:00,79m,3%,3.95,850,42,42.5,33m,1%,1.65,396,19,19.8,0
Sun 16:11:00,83m,4%,4.15,850,42,42.5,40m,2%,2,396,19,19.8,0
Sun 16:12:00,81m,4%,4.05,850,42,42.5,32m,1%,1.6,396,19,19.8,0
Sun 16:13:00,83m,4%,4.15,850,42,42.5,40m,2%,2,396,19,19.8,0
Sun 16:14:00,81m,4%,4.05,850,42,42.5,31m,1%,1.55,396,19,19.8,0
Sun 16:15:00,81m,4%,4.05,850,42,42.5,41m,2%,2.05,396,19,19.8,0
Sun 16:16:02,81m,4%,4.05,850,42,42.5,30m,1%,1.5,396,19,19.8,0
Sun 16:17:00,83m,4%,4.15,850,42,42.5,42m,2%,2.1,396,19,19.8,0
Sun 16:18:00,80m,4%,4,850,42,42.5,31m,1%,1.55,396,19,19.8,0
Sun 16:19:00,83m,4%,4.15,850,42,42.5,42m,2%,2.1,396,19,19.8,0
Sun 16:20:00,80m,4%,4,850,42,42.5,30m,1%,1.5,396,19,19.8,0
Sun 16:21:00,82m,4%,4.1,850,42,42.5,41m,2%,2.05,396,19,19.8,0
Sun 16:22:00,81m,4%,4.05,850,42,42.5,31m,1%,1.55,396,19,19.8,0
Sun 16:23:00,81m,4%,4.05,850,42,42.5,42m,2%,2.1,396,19,19.8,0
Sun 16:24:00,80m,4%,4,850,42,42.5,31m,1%,1.55,396,19,19.8,2
Sun 16:25:00,82m,4%,4.1,850,42,42.5,32m,1%,1.6,396,19,19.8,0
Sun 16:26:00,80m,4%,4,850,42,42.5,39m,1%,1.95,322,16,16.1,0
Sun 16:27:00,81m,4%,4.05,850,42,42.5,30m,1%,1.5,396,19,19.8,0
Sun 16:28:00,81m,4%,4.05,850,42,42.5,41m,2%,2.05,396,19,19.8,0
Sun 16:29:01,81m,4%,4.05,850,42,42.5,31m,1%,1.55,396,19,19.8,0
Sun 16:30:00,81m,4%,4.05,850,42,42.5,42m,2%,2.1,396,19,19.8,0
Sun 16:31:00,81m,4%,4.05,850,42,42.5,29m,1%,1.45,396,19,19.8,0
Sun 16:32:00,80m,4%,4,850,42,42.5,42m,2%,2.1,396,19,19.8,0
Sun 16:33:00,82m,4%,4.1,850,42,42.5,31m,1%,1.55,396,19,19.8,0
Sun 16:34:00,82m,4%,4.1,850,42,42.5,42m,2%,2.1,396,19,19.8,0
Sun 16:35:01,81m,4%,4.05,850,42,42.5,31m,1%,1.55,396,19,19.8,0
Sun 16:36:00,81m,4%,4.05,850,42,42.5,41m,2%,2.05,396,19,19.8,0
Sun 16:37:00,81m,4%,4.05,850,42,42.5,31m,1%,1.55,396,19,19.8,0
Sun 16:38:00,81m,4%,4.05,850,42,42.5,42m,2%,2.1,396,19,19.8,0
Sun 16:39:00,82m,4%,4.1,850,42,42.5,31m,1%,1.55,396,19,19.8,0
Sun 16:40:00,82m,4%,4.1,850,42,42.5,40m,2%,2,396,19,19.8,0
Sun 16:41:00,81m,4%,4.05,850,42,42.5,33m,1%,1.65,322,16,16.1,0
Sun 16:42:00,80m,4%,4,850,42,42.5,33m,1%,1.65,396,19,19.8,0
Sun 16:43:00,81m,4%,4.05,850,42,42.5,40m,2%,2,396,19,19.8,0
Sun 16:44:00,81m,4%,4.05,850,42,42.5,30m,1%,1.5,396,19,19.8,0
Sun 16:45:00,82m,4%,4.1,850,42,42.5,42m,2%,2.1,396,19,19.8,0
Sun 16:46:00,78m,3%,3.9,850,42,42.5,30m,1%,1.5,396,19,19.8,0
Sun 16:47:00,83m,4%,4.15,850,42,42.5,42m,2%,2.1,396,19,19.8,0
Sun 16:48:00,80m,4%,4,850,42,42.5,31m,1%,1.55,396,19,19.8,0
Sun 16:49:00,82m,4%,4.1,850,42,42.5,41m,2%,2.05,396,19,19.8,0
Sun 16:50:00,79m,3%,3.95,850,42,42.5,31m,1%,1.55,396,19,19.8,0
Sun 16:51:00,81m,4%,4.05,850,42,42.5,41m,2%,2.05,396,19,19.8,0
Sun 16:52:00,80m,4%,4,850,42,42.5,32m,1%,1.6,396,19,19.8,0
Sun 16:53:00,81m,4%,4.05,850,42,42.5,41m,2%,2.05,396,19,19.8,0
Sun 16:54:01,80m,4%,4,850,42,42.5,31m,1%,1.55,396,19,19.8,0
Sun 16:55:00,81m,4%,4.05,850,42,42.5,41m,2%,2.05,396,19,19.8,0
Sun 16:56:00,80m,4%,4,850,42,42.5,31m,1%,1.55,396,19,19.8,0
Sun 16:57:01,83m,4%,4.15,850,42,42.5,33m,1%,1.65,396,19,19.8,0
Sun 16:58:00,81m,4%,4.05,850,42,42.5,40m,2%,2,322,16,16.1,0
Sun 16:59:00,81m,4%,4.05,850,42,42.5,31m,1%,1.55,396,19,19.8,0
Sun 17:00:00,82m,4%,4.1,850,42,42.5,42m,2%,2.1,470,23,23.5,0
Sun 17:01:00,80m,4%,4,850,42,42.5,39m,1%,1.95,470,23,23.5,0
Sun 17:02:00,81m,4%,4.05,850,42,42.5,44m,2%,2.2,544,27,27.2,0
Sun 17:03:00,82m,4%,4.1,850,42,42.5,41m,2%,2.05,544,27,27.2,0
Sun 17:04:00,81m,4%,4.05,850,42,42.5,44m,2%,2.2,618,30,30.9,0
Sun 17:05:00,82m,4%,4.1,850,42,42.5,42m,2%,2.1,618,30,30.9,0
Sun 17:06:00,81m,4%,4.05,924,46,46.2,45m,2%,2.25,618,30,30.9,0
Sun 17:07:00,90m,4%,4.5,924,46,46.2,35m,1%,1.75,618,30,30.9,0
Sun 17:08:00,82m,4%,4.1,924,46,46.2,45m,2%,2.25,544,27,27.2,0
Sun 17:09:00,83m,4%,4.15,924,46,46.2,38m,1%,1.9,544,27,27.2,0
Sun 17:10:00,82m,4%,4.1,924,46,46.2,46m,2%,2.3,544,27,27.2,0
Sun 17:11:00,84m,4%,4.2,924,46,46.2,46m,2%,2.3,544,27,27.2,0
Sun 17:12:00,83m,4%,4.15,924,46,46.2,46m,2%,2.3,544,27,27.2,0
Sun 17:13:00,83m,4%,4.15,924,46,46.2,46m,2%,2.3,618,30,30.9,0
Sun 17:14:00,82m,4%,4.1,924,46,46.2,42m,2%,2.1,618,30,30.9,0
Sun 17:15:00,84m,4%,4.2,924,46,46.2,45m,2%,2.25,618,30,30.9,0
Sun 17:16:00,91m,4%,4.55,924,46,46.2,34m,1%,1.7,618,30,30.9,0
Sun 17:17:00,85m,4%,4.25,924,46,46.2,44m,2%,2.2,618,30,30.9,0
Sun 17:18:00,84m,4%,4.2,924,46,46.2,46m,2%,2.3,618,30,30.9,0
Sun 17:19:00,84m,4%,4.2,924,46,46.2,46m,2%,2.3,544,27,27.2,0
Sun 17:20:00,82m,4%,4.1,924,46,46.2,38m,1%,1.9,544,27,27.2,0
Sun 17:21:00,85m,4%,4.25,924,46,46.2,45m,2%,2.25,544,27,27.2,0
Sun 17:22:00,83m,4%,4.15,924,46,46.2,46m,2%,2.3,544,27,27.2,0
Sun 17:23:00,84m,4%,4.2,850,42,42.5,46m,2%,2.3,618,30,30.9,0
Sun 17:24:00,82m,4%,4.1,924,46,46.2,43m,2%,2.15,618,30,30.9,0
Sun 17:25:00,94m,4%,4.7,924,46,46.2,35m,1%,1.75,618,30,30.9,0
Sun 17:26:00,83m,4%,4.15,924,46,46.2,45m,2%,2.25,618,30,30.9,0
Sun 17:27:00,85m,4%,4.25,924,46,46.2,43m,2%,2.15,618,30,30.9,0
Sun 17:28:00,83m,4%,4.15,924,46,46.2,46m,2%,2.3,618,30,30.9,0
Sun 17:29:00,84m,4%,4.2,924,46,46.2,46m,2%,2.3,618,30,30.9,0
Sun 17:30:00,79m,3%,3.95,924,46,46.2,46m,2%,2.3,544,27,27.2,0
Sun 17:31:00,81m,4%,4.05,924,46,46.2,37m,1%,1.85,544,27,27.2,0
Sun 17:32:00,83m,4%,4.15,850,42,42.5,46m,2%,2.3,618,30,30.9,0
Sun 17:33:00,86m,4%,4.3,850,42,42.5,44m,2%,2.2,618,30,30.9,0
Sun 17:34:00,82m,4%,4.1,924,46,46.2,45m,2%,2.25,544,27,27.2,0
Sun 17:35:00,91m,4%,4.55,924,46,46.2,39m,1%,1.95,618,30,30.9,0
Sun 17:36:00,82m,4%,4.1,924,46,46.2,43m,2%,2.15,618,30,30.9,0
Sun 17:37:00,84m,4%,4.2,924,46,46.2,46m,2%,2.3,618,30,30.9,0
Sun 17:38:00,82m,4%,4.1,924,46,46.2,45m,2%,2.25,618,30,30.9,0
Sun 17:39:00,84m,4%,4.2,924,46,46.2,45m,2%,2.25,618,30,30.9,0
Sun 17:40:00,82m,4%,4.1,924,46,46.2,47m,2%,2.35,618,30,30.9,0
Sun 17:41:00,83m,4%,4.15,924,46,46.2,45m,2%,2.25,544,27,27.2,0
Sun 17:42:00,82m,4%,4.1,850,42,42.5,37m,1%,1.85,618,30,30.9,0
Sun 17:43:00,86m,4%,4.3,924,46,46.2,44m,2%,2.2,544,27,27.2,0
Sun 17:44:00,91m,4%,4.55,924,46,46.2,38m,1%,1.9,544,27,27.2,0
Sun 17:45:00,81m,4%,4.05,924,46,46.2,46m,2%,2.3,544,27,27.2,0
Sun 17:46:00,82m,4%,4.1,924,46,46.2,45m,2%,2.25,618,30,30.9,0
Sun 17:47:00,84m,4%,4.2,924,46,46.2,43m,2%,2.15,618,30,30.9,0
Sun 17:48:00,83m,4%,4.15,924,46,46.2,46m,2%,2.3,618,30,30.9,0
Sun 17:49:00,83m,4%,4.15,924,46,46.2,46m,2%,2.3,618,30,30.9,0
Sun 17:50:00,82m,4%,4.1,924,46,46.2,46m,2%,2.3,618,30,30.9,0
Sun 17:51:00,83m,4%,4.15,850,42,42.5,46m,2%,2.3,692,34,34.6,0
Sun 17:52:00,85m,4%,4.25,850,42,42.5,44m,2%,2.2,618,30,30.9,0
Sun 17:53:00,82m,4%,4.1,924,46,46.2,38m,1%,1.9,544,27,27.2,0
Sun 17:54:00,90m,4%,4.5,924,46,46.2,37m,1%,1.85,544,27,27.2,0
Sun 17:55:00,85m,4%,4.25,924,46,46.2,46m,2%,2.3,544,27,27.2,0
Sun 17:56:00,83m,4%,4.15,924,46,46.2,46m,2%,2.3,544,27,27.2,0
Sun 17:57:00,83m,4%,4.15,924,46,46.2,46m,2%,2.3,618,30,30.9,0
Sun 17:58:00,83m,4%,4.15,924,46,46.2,44m,2%,2.2,618,30,30.9,0
Sun 17:59:00,84m,4%,4.2,924,46,46.2,45m,2%,2.25,618,30,30.9,0
Sun 18:00:00,81m,4%,4.05,924,46,46.2,45m,2%,2.25,618,30,30.9,0
Sun 18:01:00,84m,4%,4.2,850,42,42.5,45m,2%,2.25,618,30,30.9,0
Sun 18:02:00,85m,4%,4.25,850,42,42.5,34m,1%,1.7,618,30,30.9,0
Sun 18:03:00,84m,4%,4.2,924,46,46.2,46m,2%,2.3,544,27,27.2,0
Sun 18:04:00,90m,4%,4.5,924,46,46.2,38m,1%,1.9,544,27,27.2,0
Sun 18:05:00,85m,4%,4.25,924,46,46.2,46m,2%,2.3,544,27,27.2,0
Sun 18:06:00,83m,4%,4.15,924,46,46.2,45m,2%,2.25,544,27,27.2,0
Sun 18:07:00,83m,4%,4.15,924,46,46.2,45m,2%,2.25,544,27,27.2,0
Sun 18:08:00,83m,4%,4.15,924,46,46.2,38m,1%,1.9,544,27,27.2,0
Sun 18:09:00,84m,4%,4.2,924,46,46.2,43m,2%,2.15,544,27,27.2,0
Sun 18:10:00,81m,4%,4.05,924,46,46.2,44m,2%,2.2,544,27,27.2,0
Sun 18:11:00,84m,4%,4.2,850,42,42.5,44m,2%,2.2,618,30,30.9,0
Sun 18:12:00,85m,4%,4.25,850,42,42.5,43m,2%,2.15,618,30,30.9,0
Sun 18:13:00,83m,4%,4.15,850,42,42.5,46m,2%,2.3,618,30,30.9,0
Sun 18:14:00,80m,4%,4,850,42,42.5,37m,1%,1.85,618,30,30.9,0
Sun 18:15:00,83m,4%,4.15,850,42,42.5,43m,2%,2.15,618,30,30.9,0
Sun 18:16:00,81m,4%,4.05,850,42,42.5,45m,2%,2.25,618,30,30.9,0
Sun 18:17:00,83m,4%,4.15,850,42,42.5,46m,2%,2.3,618,30,30.9,0
Sun 18:18:00,81m,4%,4.05,850,42,42.5,46m,2%,2.3,618,30,30.9,0
Sun 18:19:00,82m,4%,4.1,850,42,42.5,46m,2%,2.3,618,30,30.9,0
Sun 18:20:00,81m,4%,4.05,850,42,42.5,38m,1%,1.9,618,30,30.9,0
Sun 18:21:00,82m,4%,4.1,850,42,42.5,44m,2%,2.2,618,30,30.9,0
Sun 18:22:00,82m,4%,4.1,850,42,42.5,46m,2%,2.3,618,30,30.9,0
Sun 18:23:00,84m,4%,4.2,850,42,42.5,46m,2%,2.3,618,30,30.9,0
Sun 18:24:00,80m,4%,4,850,42,42.5,46m,2%,2.3,618,30,30.9,0
Sun 18:25:00,83m,4%,4.15,850,42,42.5,38m,1%,1.9,618,30,30.9,0
Sun 18:26:00,83m,4%,4.15,850,42,42.5,44m,2%,2.2,618,30,30.9,0
Sun 18:27:00,84m,4%,4.2,850,42,42.5,47m,2%,2.35,618,30,30.9,0
Sun 18:28:00,79m,3%,3.95,850,42,42.5,47m,2%,2.35,618,30,30.9,0
Sun 18:29:00,84m,4%,4.2,850,42,42.5,46m,2%,2.3,618,30,30.9,0
Sun 18:30:00,82m,4%,4.1,850,42,42.5,46m,2%,2.3,618,30,30.9,0
Sun 18:31:00,81m,4%,4.05,850,42,42.5,38m,1%,1.9,618,30,30.9,0
Sun 18:32:00,82m,4%,4.1,850,42,42.5,44m,2%,2.2,618,30,30.9,0
Sun 18:33:00,83m,4%,4.15,850,42,42.5,46m,2%,2.3,618,30,30.9,0
Sun 18:34:00,81m,4%,4.05,850,42,42.5,45m,2%,2.25,618,30,30.9,0
Sun 18:35:00,83m,4%,4.15,850,42,42.5,46m,2%,2.3,618,30,30.9,0
Sun 18:36:00,80m,4%,4,850,42,42.5,46m,2%,2.3,618,30,30.9,0
Sun 18:37:00,83m,4%,4.15,850,42,42.5,38m,1%,1.9,618,30,30.9,0
Sun 18:38:00,81m,4%,4.05,850,42,42.5,43m,2%,2.15,618,30,30.9,0
Sun 18:39:00,82m,4%,4.1,850,42,42.5,46m,2%,2.3,618,30,30.9,0
Sun 18:40:00,82m,4%,4.1,850,42,42.5,46m,2%,2.3,618,30,30.9,0
Sun 18:41:00,83m,4%,4.15,850,42,42.5,46m,2%,2.3,618,30,30.9,0
Sun 18:42:00,80m,4%,4,850,42,42.5,46m,2%,2.3,618,30,30.9,0
Sun 18:43:00,82m,4%,4.1,850,42,42.5,44m,2%,2.2,618,30,30.9,0
Sun 18:44:00,82m,4%,4.1,850,42,42.5,37m,1%,1.85,618,30,30.9,0
Sun 18:45:00,82m,4%,4.1,850,42,42.5,46m,2%,2.3,618,30,30.9,0
Sun 18:46:00,81m,4%,4.05,850,42,42.5,46m,2%,2.3,618,30,30.9,0
Sun 18:47:00,84m,4%,4.2,850,42,42.5,46m,2%,2.3,618,30,30.9,0
Sun 18:48:00,81m,4%,4.05,850,42,42.5,47m,2%,2.35,618,30,30.9,0
Sun 18:49:00,82m,4%,4.1,850,42,42.5,44m,2%,2.2,618,30,30.9,0
Sun 18:50:00,80m,4%,4,850,42,42.5,39m,1%,1.95,618,30,30.9,0
Sun 18:51:00,82m,4%,4.1,850,42,42.5,46m,2%,2.3,618,30,30.9,0
Sun 18:52:00,82m,4%,4.1,850,42,42.5,47m,2%,2.35,618,30,30.9,0
Sun 18:53:00,84m,4%,4.2,850,42,42.5,47m,2%,2.35,618,30,30.9,0
Sun 18:54:00,81m,4%,4.05,850,42,42.5,47m,2%,2.35,618,30,30.9,0
Sun 18:55:00,83m,4%,4.15,850,42,42.5,44m,2%,2.2,618,30,30.9,0
Sun 18:56:00,78m,3%,3.9,850,42,42.5,38m,1%,1.9,618,30,30.9,0
Sun 18:57:00,83m,4%,4.15,850,42,42.5,47m,2%,2.35,618,30,30.9,0
Sun 18:58:00,81m,4%,4.05,850,42,42.5,48m,2%,2.4,618,30,30.9,0
Sun 18:59:00,82m,4%,4.1,850,42,42.5,46m,2%,2.3,544,27,27.2,0
Mon 19:00:00,80m,4%,4,850,42,42.5,38m,1%,1.9,544,27,27.2,0
Mon 19:01:00,82m,4%,4.1,850,42,42.5,45m,2%,2.25,618,30,30.9,0
Mon 19:02:00,83m,4%,4.15,850,42,42.5,43m,2%,2.15,544,27,27.2,0
Mon 19:03:00,80m,4%,4,850,42,42.5,36m,1%,1.8,544,27,27.2,0
Mon 19:04:00,81m,4%,4.05,850,42,42.5,44m,2%,2.2,470,23,23.5,0
Mon 19:05:00,81m,4%,4.05,850,42,42.5,36m,1%,1.8,470,23,23.5,0
Mon 19:06:00,80m,4%,4,850,42,42.5,44m,2%,2.2,470,23,23.5,0
Mon 19:07:00,82m,4%,4.1,850,42,42.5,43m,2%,2.15,470,23,23.5,0
Mon 19:08:00,80m,4%,4,850,42,42.5,34m,1%,1.7,470,23,23.5,0
Mon 19:09:00,82m,4%,4.1,850,42,42.5,44m,2%,2.2,470,23,23.5,0
Mon 19:10:00,79m,3%,3.95,850,42,42.5,34m,1%,1.7,470,23,23.5,0
Mon 19:11:00,82m,4%,4.1,850,42,42.5,42m,2%,2.1,470,23,23.5,0
Mon 19:12:00,81m,4%,4.05,850,42,42.5,43m,2%,2.15,470,23,23.5,0
Mon 19:13:00,80m,4%,4,850,42,42.5,33m,1%,1.65,470,23,23.5,0
Mon 19:14:00,81m,4%,4.05,850,42,42.5,43m,2%,2.15,470,23,23.5,0
Mon 19:15:00,80m,4%,4,850,42,42.5,33m,1%,1.65,470,23,23.5,0
Mon 19:16:00,80m,4%,4,850,42,42.5,43m,2%,2.15,470,23,23.5,0
Mon 19:17:00,84m,4%,4.2,850,42,42.5,42m,2%,2.1,470,23,23.5,0
Mon 19:18:00,81m,4%,4.05,850,42,42.5,33m,1%,1.65,470,23,23.5,0
Mon 19:19:00,82m,4%,4.1,850,42,42.5,43m,2%,2.15,470,23,23.5,0
Mon 19:20:00,81m,4%,4.05,850,42,42.5,32m,1%,1.6,470,23,23.5,0
Mon 19:21:00,82m,4%,4.1,850,42,42.5,42m,2%,2.1,470,23,23.5,0
Mon 19:22:01,81m,4%,4.05,850,42,42.5,43m,2%,2.15,470,23,23.5,0
Mon 19:23:00,81m,4%,4.05,850,42,42.5,33m,1%,1.65,470,23,23.5,0
Mon 19:24:00,81m,4%,4.05,850,42,42.5,43m,2%,2.15,470,23,23.5,0
Mon 19:25:00,79m,3%,3.95,850,42,42.5,32m,1%,1.6,470,23,23.5,0
Mon 19:26:00,80m,4%,4,850,42,42.5,42m,2%,2.1,470,23,23.5,0
Mon 19:27:00,82m,4%,4.1,850,42,42.5,42m,2%,2.1,470,23,23.5,0
Mon 19:28:00,79m,3%,3.95,850,42,42.5,32m,1%,1.6,470,23,23.5,0
Mon 19:29:00,82m,4%,4.1,850,42,42.5,42m,2%,2.1,470,23,23.5,0
Mon 19:30:00,80m,4%,4,850,42,42.5,32m,1%,1.6,470,23,23.5,0
Mon 19:31:00,82m,4%,4.1,850,42,42.5,43m,2%,2.15,470,23,23.5,0
Mon 19:32:00,82m,4%,4.1,850,42,42.5,44m,2%,2.2,470,23,23.5,0
Mon 19:33:00,81m,4%,4.05,850,42,42.5,34m,1%,1.7,470,23,23.5,0
Mon 19:34:00,80m,4%,4,850,42,42.5,44m,2%,2.2,470,23,23.5,0
Mon 19:35:00,81m,4%,4.05,850,42,42.5,33m,1%,1.65,470,23,23.5,0
Mon 19:36:00,80m,4%,4,850,42,42.5,43m,2%,2.15,470,23,23.5,0
Mon 19:37:00,82m,4%,4.1,850,42,42.5,43m,2%,2.15,470,23,23.5,0
Mon 19:38:00,80m,4%,4,850,42,42.5,33m,1%,1.65,470,23,23.5,0
Mon 19:39:00,81m,4%,4.05,850,42,42.5,42m,2%,2.1,470,23,23.5,0
Mon 19:40:00,79m,3%,3.95,850,42,42.5,33m,1%,1.65,470,23,23.5,0
Mon 19:41:00,82m,4%,4.1,850,42,42.5,42m,2%,2.1,470,23,23.5,0
Mon 19:42:00,82m,4%,4.1,850,42,42.5,43m,2%,2.15,470,23,23.5,0
Mon 19:43:00,82m,4%,4.1,850,42,42.5,33m,1%,1.65,470,23,23.5,0
Mon 19:44:00,81m,4%,4.05,850,42,42.5,42m,2%,2.1,470,23,23.5,0
Mon 19:45:00,81m,4%,4.05,850,42,42.5,33m,1%,1.65,470,23,23.5,0
Mon 19:46:00,81m,4%,4.05,850,42,42.5,43m,2%,2.15,470,23,23.5,0
Mon 19:47:01,83m,4%,4.15,850,42,42.5,44m,2%,2.2,470,23,23.5,0
Mon 19:48:00,80m,4%,4,850,42,42.5,33m,1%,1.65,470,23,23.5,0
Mon 19:49:00,82m,4%,4.1,850,42,42.5,42m,2%,2.1,470,23,23.5,0
Mon 19:50:00,80m,4%,4,850,42,42.5,33m,1%,1.65,470,23,23.5,0
Mon 19:51:00,82m,4%,4.1,850,42,42.5,42m,2%,2.1,470,23,23.5,0
Mon 19:52:00,81m,4%,4.05,850,42,42.5,43m,2%,2.15,470,23,23.5,0
Mon 19:53:00,81m,4%,4.05,850,42,42.5,32m,1%,1.6,470,23,23.5,0
Mon 19:54:00,81m,4%,4.05,850,42,42.5,43m,2%,2.15,470,23,23.5,0
Mon 19:55:00,82m,4%,4.1,850,42,42.5,33m,1%,1.65,470,23,23.5,0
Mon 19:56:00,79m,3%,3.95,850,42,42.5,43m,2%,2.15,470,23,23.5,0
Mon 19:57:00,83m,4%,4.15,850,42,42.5,42m,2%,2.1,470,23,23.5,0
Mon 19:58:00,79m,3%,3.95,850,42,42.5,33m,1%,1.65,470,23,23.5,0
Mon 19:59:00,83m,4%,4.15,850,42,42.5,43m,2%,2.15,544,27,27.2,0
Mon 20:00:00,80m,4%,4,850,42,42.5,41m,2%,2.05,544,27,27.2,0
Mon 20:01:00,82m,4%,4.1,850,42,42.5,44m,2%,2.2,544,27,27.2,0
Mon 20:02:00,82m,4%,4.1,850,42,42.5,44m,2%,2.2,618,30,30.9,0
Mon 20:03:00,82m,4%,4.1,850,42,42.5,42m,2%,2.1,618,30,30.9,0
Mon 20:04:00,80m,4%,4,850,42,42.5,45m,2%,2.25,618,30,30.9,0
Mon 20:05:00,81m,4%,4.05,924,46,46.2,36m,1%,1.8,544,27,27.2,0
Mon 20:06:01,90m,4%,4.5,924,46,46.2,37m,1%,1.85,544,27,27.2,0
Mon 20:07:00,84m,4%,4.2,924,46,46.2,46m,2%,2.3,544,27,27.2,0
Mon 20:08:00,83m,4%,4.15,924,46,46.2,45m,2%,2.25,544,27,27.2,0
Mon 20:09:01,83m,4%,4.15,924,46,46.2,46m,2%,2.3,618,30,30.9,0
Mon 20:10:00,82m,4%,4.1,924,46,46.2,44m,2%,2.2,618,30,30.9,0
Mon 20:11:00,82m,4%,4.1,924,46,46.2,46m,2%,2.3,618,30,30.9,0
Mon 20:12:00,83m,4%,4.15,924,46,46.2,46m,2%,2.3,618,30,30.9,0
Mon 20:13:00,84m,4%,4.2,850,42,42.5,46m,2%,2.3,692,34,34.6,0
Mon 20:14:00,85m,4%,4.25,850,42,42.5,44m,2%,2.2,692,34,34.6,0
Mon 20:15:00,83m,4%,4.15,924,46,46.2,47m,2%,2.35,618,30,30.9,0
Mon 20:16:00,90m,4%,4.5,924,46,46.2,39m,1%,1.95,618,30,30.9,0
Mon 20:17:00,84m,4%,4.2,924,46,46.2,45m,2%,2.25,544,27,27.2,0
Mon 20:18:00,81m,4%,4.05,924,46,46.2,46m,2%,2.3,544,27,27.2,0
Mon 20:19:00,83m,4%,4.15,924,46,46.2,37m,1%,1.85,544,27,27.2,0
Mon 20:20:00,83m,4%,4.15,924,46,46.2,46m,2%,2.3,544,27,27.2,0
Mon 20:21:00,83m,4%,4.15,924,46,46.2,44m,2%,2.2,544,27,27.2,0
Mon 20:22:00,83m,4%,4.15,924,46,46.2,46m,2%,2.3,618,30,30.9,0
Mon 20:23:00,82m,4%,4.1,924,46,46.2,45m,2%,2.25,618,30,30.9,0
Mon 20:24:00,82m,4%,4.1,924,46,46.2,45m,2%,2.25,618,30,30.9,0
Mon 20:25:00,91m,4%,4.55,924,46,46.2,35m,1%,1.75,618,30,30.9,0
Mon 20:26:00,83m,4%,4.15,924,46,46.2,45m,2%,2.25,618,30,30.9,0
Mon 20:27:00,83m,4%,4.15,924,46,46.2,46m,2%,2.3,618,30,30.9,0
Mon 20:28:00,84m,4%,4.2,924,46,46.2,46m,2%,2.3,618,30,30.9,0
Mon 20:29:00,84m,4%,4.2,924,46,46.2,45m,2%,2.25,618,30,30.9,0
Mon 20:30:00,83m,4%,4.15,924,46,46.2,37m,1%,1.85,544,27,27.2,0
Mon 20:31:00,83m,4%,4.15,924,46,46.2,46m,2%,2.3,544,27,27.2,0
Mon 20:32:00,82m,4%,4.1,850,42,42.5,46m,2%,2.3,618,30,30.9,0
Mon 20:33:00,85m,4%,4.25,850,42,42.5,43m,2%,2.15,618,30,30.9,0
Mon 20:34:00,81m,4%,4.05,850,42,42.5,46m,2%,2.3,692,34,34.6,0
Mon 20:35:00,83m,4%,4.15,924,46,46.2,44m,2%,2.2,618,30,30.9,0
Mon 20:36:00,90m,4%,4.5,924,46,46.2,38m,1%,1.9,618,30,30.9,0
Mon 20:37:00,85m,4%,4.25,924,46,46.2,45m,2%,2.25,618,30,30.9,0
Mon 20:38:00,82m,4%,4.1,924,46,46.2,46m,2%,2.3,618,30,30.9,0
Mon 20:39:00,83m,4%,4.15,924,46,46.2,45m,2%,2.25,618,30,30.9,0
Mon 20:40:00,82m,4%,4.1,924,46,46.2,46m,2%,2.3,618,30,30.9,0
Mon 20:41:00,83m,4%,4.15,924,46,46.2,46m,2%,2.3,618,30,30.9,0
Mon 20:42:00,83m,4%,4.15,924,46,46.2,46m,2%,2.3,618,30,30.9,0
Mon 20:43:00,84m,4%,4.2,850,42,42.5,38m,1%,1.9,618,30,30.9,0
Mon 20:44:00,84m,4%,4.2,924,46,46.2,43m,2%,2.15,544,27,27.2,0
Mon 20:45:00,93m,4%,4.65,924,46,46.2,35m,1%,1.75,544,27,27.2,0
Mon 20:46:00,82m,4%,4.1,924,46,46.2,45m,2%,2.25,544,27,27.2,0
Mon 20:47:00,86m,4%,4.3,924,46,46.2,46m,2%,2.3,544,27,27.2,0
Mon 20:48:00,81m,4%,4.05,924,46,46.2,44m,2%,2.2,618,30,30.9,0
Mon 20:49:00,83m,4%,4.15,924,46,46.2,45m,2%,2.25,618,30,30.9,0
Mon 20:50:00,84m,4%,4.2,924,46,46.2,46m,2%,2.3,618,30,30.9,0
Mon 20:51:00,83m,4%,4.15,924,46,46.2,45m,2%,2.25,618,30,30.9,0
Mon 20:52:00,83m,4%,4.15,924,46,46.2,46m,2%,2.3,618,30,30.9,0
Mon 20:53:00,94m,4%,4.7,924,46,46.2,37m,1%,1.85,618,30,30.9,0
Mon 20:54:00,84m,4%,4.2,924,46,46.2,46m,2%,2.3,618,30,30.9,0
Mon 20:55:00,83m,4%,4.15,924,46,46.2,46m,2%,2.3,618,30,30.9,0
Mon 20:56:00,84m,4%,4.2,924,46,46.2,45m,2%,2.25,544,27,27.2,0
Mon 20:57:00,84m,4%,4.2,924,46,46.2,41m,2%,2.05,544,27,27.2,0
Mon 20:58:00,83m,4%,4.15,924,46,46.2,47m,2%,2.35,544,27,27.2,0
Mon 20:59:00,84m,4%,4.2,924,46,46.2,45m,2%,2.25,544,27,27.2,0
Mon 21:00:00,83m,4%,4.15,850,42,42.5,46m,2%,2.3,618,30,30.9,0
Mon 21:01:00,86m,4%,4.3,850,42,42.5,43m,2%,2.15,692,34,34.6,0
Mon 21:02:00,83m,4%,4.15,924,46,46.2,43m,2%,2.15,618,30,30.9,0
Mon 21:03:00,90m,4%,4.5,924,46,46.2,39m,1%,1.95,544,27,27.2,0
Mon 21:04:01,81m,4%,4.05,924,46,46.2,37m,1%,1.85,544,27,27.2,0
Mon 21:05:00,83m,4%,4.15,924,46,46.2,46m,2%,2.3,544,27,27.2,0
Mon 21:06:00,80m,4%,4,924,46,46.2,45m,2%,2.25,544,27,27.2,0
Mon 21:07:01,84m,4%,4.2,924,46,46.2,45m,2%,2.25,544,27,27.2,0
Mon 21:08:00,82m,4%,4.1,924,46,46.2,45m,2%,2.25,544,27,27.2,0
Mon 21:09:00,83m,4%,4.15,924,46,46.2,45m,2%,2.25,544,27,27.2,0
Mon 21:10:00,80m,4%,4,924,46,46.2,34m,1%,1.7,544,27,27.2,0
Mon 21:11:00,83m,4%,4.15,850,42,42.5,45m,2%,2.25,618,30,30.9,0
Mon 21:12:00,85m,4%,4.25,850,42,42.5,42m,2%,2.1,618,30,30.9,0
Mon 21:13:00,83m,4%,4.15,850,42,42.5,46m,2%,2.3,618,30,30.9,0
Mon 21:14:00,81m,4%,4.05,850,42,42.5,46m,2%,2.3,618,30,30.9,0
Mon 21:15:00,82m,4%,4.1,850,42,42.5,45m,2%,2.25,618,30,30.9,0
Mon 21:16:00,81m,4%,4.05,850,42,42.5,35m,1%,1.75,618,30,30.9,0
Mon 21:17:00,83m,4%,4.15,850,42,42.5,46m,2%,2.3,618,30,30.9,0
Mon 21:18:00,82m,4%,4.1,850,42,42.5,47m,2%,2.35,618,30,30.9,0
Mon 21:19:00,82m,4%,4.1,850,42,42.5,45m,2%,2.25,618,30,30.9,0
Mon 21:20:00,80m,4%,4,850,42,42.5,46m,2%,2.3,618,30,30.9,0
Mon 21:21:00,83m,4%,4.15,850,42,42.5,46m,2%,2.3,618,30,30.9,0
Mon 21:22:00,80m,4%,4,850,42,42.5,35m,1%,1.75,618,30,30.9,0
Mon 21:23:00,82m,4%,4.1,850,42,42.5,47m,2%,2.35,618,30,30.9,0
Mon 21:24:00,81m,4%,4.05,850,42,42.5,46m,2%,2.3,618,30,30.9,0
Mon 21:25:00,82m,4%,4.1,850,42,42.5,46m,2%,2.3,618,30,30.9,0
Mon 21:26:00,81m,4%,4.05,850,42,42.5,45m,2%,2.25,618,30,30.9,0
Mon 21:27:00,83m,4%,4.15,850,42,42.5,46m,2%,2.3,618,30,30.9,0
Mon 21:28:00,80m,4%,4,850,42,42.5,35m,1%,1.75,618,30,30.9,0
Mon 21:29:00,82m,4%,4.1,850,42,42.5,45m,2%,2.25,618,30,30.9,0
Mon 21:30:00,81m,4%,4.05,850,42,42.5,45m,2%,2.25,618,30,30.9,0
Mon 21:31:00,83m,4%,4.15,850,42,42.5,47m,2%,2.35,618,30,30.9,0
Mon 21:32:00,81m,4%,4.05,850,42,42.5,46m,2%,2.3,618,30,30.9,0
Mon 21:33:00,80m,4%,4,850,42,42.5,46m,2%,2.3,618,30,30.9,0
Mon 21:34:00,80m,4%,4,850,42,42.5,35m,1%,1.75,618,30,30.9,0
Mon 21:35:00,82m,4%,4.1,850,42,42.5,46m,2%,2.3,618,30,30.9,0
Mon 21:36:00,81m,4%,4.05,850,42,42.5,46m,2%,2.3,618,30,30.9,0
Mon 21:37:00,82m,4%,4.1,850,42,42.5,46m,2%,2.3,618,30,30.9,0
Mon 21:38:01,81m,4%,4.05,850,42,42.5,46m,2%,2.3,618,30,30.9,0
Mon 21:39:00,82m,4%,4.1,850,42,42.5,46m,2%,2.3,618,30,30.9,0
Mon 21:40:00,80m,4%,4,850,42,42.5,35m,1%,1.75,618,30,30.9,0
Mon 21:41:01,82m,4%,4.1,850,42,42.5,46m,2%,2.3,618,30,30.9,0
Mon 21:42:00,81m,4%,4.05,850,42,42.5,45m,2%,2.25,618,30,30.9,0
Mon 21:43:00,82m,4%,4.1,850,42,42.5,46m,2%,2.3,618,30,30.9,0
Mon 21:44:00,81m,4%,4.05,850,42,42.5,46m,2%,2.3,618,30,30.9,0
Mon 21:45:00,83m,4%,4.15,850,42,42.5,46m,2%,2.3,618,30,30.9,0
Mon 21:46:00,80m,4%,4,850,42,42.5,36m,1%,1.8,618,30,30.9,0
Mon 21:47:00,81m,4%,4.05,850,42,42.5,45m,2%,2.25,618,30,30.9,0
Mon 21:48:00,78m,3%,3.9,850,42,42.5,46m,2%,2.3,618,30,30.9,0
Mon 21:49:00,83m,4%,4.15,850,42,42.5,46m,2%,2.3,618,30,30.9,0
Mon 21:50:00,81m,4%,4.05,850,42,42.5,47m,2%,2.35,618,30,30.9,0
Mon 21:51:00,83m,4%,4.15,850,42,42.5,47m,2%,2.35,618,30,30.9,0
Mon 21:52:00,81m,4%,4.05,850,42,42.5,37m,1%,1.85,618,30,30.9,0
Mon 21:53:00,81m,4%,4.05,850,42,42.5,44m,2%,2.2,618,30,30.9,0
Mon 21:54:00,80m,4%,4,850,42,42.5,45m,2%,2.25,618,30,30.9,0
Mon 21:55:00,81m,4%,4.05,850,42,42.5,46m,2%,2.3,618,30,30.9,0
Mon 21:56:00,80m,4%,4,850,42,42.5,46m,2%,2.3,618,30,30.9,0
Mon 21:57:00,81m,4%,4.05,850,42,42.5,46m,2%,2.3,618,30,30.9,0
Mon 21:58:00,79m,3%,3.95,850,42,42.5,37m,1%,1.85,618,30,30.9,0
Mon 21:59:00,82m,4%,4.1,850,42,42.5,43m,2%,2.15,618,30,30.9,0
Mon 22:00:00,81m,4%,4.05,850,42,42.5,45m,2%,2.25,618,30,30.9,0
Mon 22:01:00,82m,4%,4.1,850,42,42.5,45m,2%,2.25,544,27,27.2,0
Mon 22:02:00,81m,4%,4.05,850,42,42.5,37m,1%,1.85,544,27,27.2,0
Mon 22:03:00,83m,4%,4.15,850,42,42.5,46m,2%,2.3,618,30,30.9,0
Mon 22:04:00,80m,4%,4,850,42,42.5,45m,2%,2.25,544,27,27.2,0
Mon 22:05:00,81m,4%,4.05,850,42,42.5,41m,2%,2.05,544,27,27.2,0
Mon 22:06:00,81m,4%,4.05,850,42,42.5,37m,1%,1.85,544,27,27.2,0
Mon 22:07:00,83m,4%,4.15,850,42,42.5,45m,2%,2.25,544,27,27.2,0
Mon 22:08:00,82m,4%,4.1,850,42,42.5,45m,2%,2.25,544,27,27.2,0
Mon 22:09:00,82m,4%,4.1,850,42,42.5,34m,1%,1.7,544,27,27.2,0
Mon 22:10:00,80m,4%,4,850,42,42.5,45m,2%,2.25,544,27,27.2,0
Mon 22:11:00,82m,4%,4.1,850,42,42.5,44m,2%,2.2,544,27,27.2,0
Mon 22:12:00,81m,4%,4.05,850,42,42.5,44m,2%,2.2,544,27,27.2,0
Mon 22:13:00,82m,4%,4.1,850,42,42.5,34m,1%,1.7,544,27,27.2,0
Mon 22:14:00,81m,4%,4.05,850,42,42.5,44m,2%,2.2,544,27,27.2,0
Mon 22:15:00,83m,4%,4.15,850,42,42.5,45m,2%,2.25,544,27,27.2,0
Mon 22:16:00,79m,3%,3.95,850,42,42.5,34m,1%,1.7,544,27,27.2,0
Mon 22:17:00,81m,4%,4.05,850,42,42.5,44m,2%,2.2,544,27,27.2,0
Mon 22:18:00,81m,4%,4.05,850,42,42.5,45m,2%,2.25,544,27,27.2,0
Mon 22:19:00,81m,4%,4.05,850,42,42.5,45m,2%,2.25,544,27,27.2,0
Mon 22:20:00,79m,3%,3.95,850,42,42.5,34m,1%,1.7,544,27,27.2,0
Mon 22:21:00,82m,4%,4.1,850,42,42.5,45m,2%,2.25,544,27,27.2,0
Mon 22:22:00,81m,4%,4.05,850,42,42.5,43m,2%,2.15,618,30,30.9,2
Mon 22:23:00,82m,4%,4.1,850,42,42.5,34m,1%,1.7,544,27,27.2,0
Mon 22:24:00,80m,4%,4,850,42,42.5,46m,2%,2.3,544,27,27.2,0
Mon 22:25:00,83m,4%,4.15,850,42,42.5,44m,2%,2.2,544,27,27.2,0
Mon 22:26:00,81m,4%,4.05,850,42,42.5,44m,2%,2.2,544,27,27.2,0
Mon 22:27:01,82m,4%,4.1,850,42,42.5,34m,1%,1.7,544,27,27.2,0
Mon 22:28:00,80m,4%,4,850,42,42.5,45m,2%,2.25,544,27,27.2,0
Mon 22:29:00,83m,4%,4.15,850,42,42.5,44m,2%,2.2,544,27,27.2,0
Mon 22:30:00,82m,4%,4.1,850,42,42.5,37m,1%,1.85,544,27,27.2,0
Mon 22:31:00,82m,4%,4.1,850,42,42.5,43m,2%,2.15,544,27,27.2,0
Mon 22:32:00,81m,4%,4.05,850,42,42.5,45m,2%,2.25,544,27,27.2,0
Mon 22:33:00,82m,4%,4.1,850,42,42.5,44m,2%,2.2,544,27,27.2,0
Mon 22:34:00,79m,3%,3.95,850,42,42.5,35m,1%,1.75,544,27,27.2,0
Mon 22:35:00,83m,4%,4.15,850,42,42.5,46m,2%,2.3,544,27,27.2,0
Mon 22:36:00,81m,4%,4.05,850,42,42.5,45m,2%,2.25,544,27,27.2,0
Mon 22:37:00,82m,4%,4.1,850,42,42.5,45m,2%,2.25,544,27,27.2,0
Mon 22:38:00,81m,4%,4.05,850,42,42.5,35m,1%,1.75,544,27,27.2,0
Mon 22:39:00,82m,4%,4.1,850,42,42.5,46m,2%,2.3,544,27,27.2,0
Mon 22:40:00,80m,4%,4,850,42,42.5,45m,2%,2.25,544,27,27.2,0
Mon 22:41:00,81m,4%,4.05,850,42,42.5,34m,1%,1.7,544,27,27.2,0
Mon 22:42:01,81m,4%,4.05,850,42,42.5,45m,2%,2.25,544,27,27.2,0
Mon 22:43:00,81m,4%,4.05,850,42,42.5,45m,2%,2.25,544,27,27.2,0
Mon 22:44:00,80m,4%,4,850,42,42.5,45m,2%,2.25,544,27,27.2,0
Mon 22:45:00,81m,4%,4.05,850,42,42.5,35m,1%,1.75,544,27,27.2,0
Mon 22:46:00,80m,4%,4,850,42,42.5,44m,2%,2.2,544,27,27.2,0
Mon 22:47:00,83m,4%,4.15,850,42,42.5,44m,2%,2.2,544,27,27.2,0
Mon 22:48:00,80m,4%,4,850,42,42.5,45m,2%,2.25,544,27,27.2,0
Mon 22:49:00,79m,3%,3.95,850,42,42.5,35m,1%,1.75,544,27,27.2,0
Mon 22:50:00,81m,4%,4.05,850,42,42.5,44m,2%,2.2,544,27,27.2,0
Mon 22:51:00,83m,4%,4.15,850,42,42.5,45m,2%,2.25,544,27,27.2,0
Mon 22:52:00,81m,4%,4.05,850,42,42.5,34m,1%,1.7,544,27,27.2,0
Mon 22:53:00,82m,4%,4.1,850,42,42.5,44m,2%,2.2,544,27,27.2,0
Mon 22:54:00,81m,4%,4.05,850,42,42.5,44m,2%,2.2,544,27,27.2,0
Mon 22:55:00,83m,4%,4.15,850,42,42.5,44m,2%,2.2,544,27,27.2,0
Mon 22:56:00,79m,3%,3.95,850,42,42.5,34m,1%,1.7,544,27,27.2,0
Mon 22:57:00,82m,4%,4.1,850,42,42.5,45m,2%,2.25,544,27,27.2,0
Mon 22:58:00,80m,4%,4,850,42,42.5,45m,2%,2.25,544,27,27.2,0
Mon 22:59:00,82m,4%,4.1,850,42,42.5,43m,2%,2.15,618,30,30.9,0
Mon 23:00:00,81m,4%,4.05,850,42,42.5,46m,2%,2.3,618,30,30.9,0
Mon 23:01:00,82m,4%,4.1,850,42,42.5,46m,2%,2.3,618,30,30.9,0
Mon 23:02:00,81m,4%,4.05,924,46,46.2,46m,2%,2.3,618,30,30.9,0
Mon 23:03:00,90m,4%,4.5,924,46,46.2,36m,1%,1.8,618,30,30.9,0
Mon 23:04:00,82m,4%,4.1,924,46,46.2,46m,2%,2.3,618,30,30.9,0
Mon 23:05:00,83m,4%,4.15,924,46,46.2,45m,2%,2.25,618,30,30.9,0
Mon 23:06:00,82m,4%,4.1,924,46,46.2,45m,2%,2.25,618,30,30.9,0
Mon 23:07:00,84m,4%,4.2,924,46,46.2,45m,2%,2.25,618,30,30.9,0
Mon 23:08:00,82m,4%,4.1,924,46,46.2,47m,2%,2.35,618,30,30.9,0
Mon 23:09:00,84m,4%,4.2,924,46,46.2,42m,2%,2.1,692,34,34.6,2
Mon 23:10:01,82m,4%,4.1,924,46,46.2,41m,2%,2.05,618,30,30.9,2
Mon 23:11:00,83m,4%,4.15,850,42,42.5,47m,2%,2.35,692,34,34.6,0
Mon 23:12:00,86m,4%,4.3,924,46,46.2,46m,2%,2.3,618,30,30.9,0
Mon 23:13:00,91m,4%,4.55,924,46,46.2,39m,1%,1.95,618,30,30.9,0
Mon 23:14:00,82m,4%,4.1,924,46,46.2,46m,2%,2.3,618,30,30.9,0
Mon 23:15:00,84m,4%,4.2,924,46,46.2,47m,2%,2.35,618,30,30.9,0
Mon 23:16:00,80m,4%,4,924,46,46.2,46m,2%,2.3,618,30,30.9,0
Mon 23:17:00,84m,4%,4.2,924,46,46.2,47m,2%,2.35,618,30,30.9,0
Mon 23:18:00,82m,4%,4.1,924,46,46.2,48m,2%,2.4,618,30,30.9,0
Mon 23:19:00,84m,4%,4.2,924,46,46.2,47m,2%,2.35,618,30,30.9,0
Mon 23:20:00,82m,4%,4.1,850,42,42.5,46m,2%,2.3,692,34,34.6,0
Mon 23:21:00,86m,4%,4.3,924,46,46.2,45m,2%,2.25,618,30,30.9,0
Mon 23:22:00,91m,4%,4.55,924,46,46.2,39m,1%,1.95,618,30,30.9,0
Mon 23:23:00,83m,4%,4.15,924,46,46.2,47m,2%,2.35,618,30,30.9,0
Mon 23:24:00,83m,4%,4.15,924,46,46.2,46m,2%,2.3,618,30,30.9,0
Mon 23:25:00,84m,4%,4.2,924,46,46.2,46m,2%,2.3,618,30,30.9,0
Mon 23:26:00,82m,4%,4.1,924,46,46.2,47m,2%,2.35,618,30,30.9,0
Mon 23:27:00,83m,4%,4.15,924,46,46.2,48m,2%,2.4,618,30,30.9,0
Mon 23:28:00,82m,4%,4.1,924,46,46.2,46m,2%,2.3,618,30,30.9,0
Mon 23:29:00,83m,4%,4.15,850,42,42.5,46m,2%,2.3,692,34,34.6,0
Mon 23:30:00,84m,4%,4.2,924,46,46.2,45m,2%,2.25,618,30,30.9,0
Mon 23:31:00,91m,4%,4.55,924,46,46.2,39m,1%,1.95,618,30,30.9,0
Mon 23:32:00,82m,4%,4.1,924,46,46.2,45m,2%,2.25,618,30,30.9,0
Mon 23:33:00,83m,4%,4.15,924,46,46.2,48m,2%,2.4,618,30,30.9,0
Mon 23:34:00,82m,4%,4.1,924,46,46.2,48m,2%,2.4,618,30,30.9,0
Mon 23:35:00,84m,4%,4.2,924,46,46.2,47m,2%,2.35,618,30,30.9,0
Mon 23:36:00,83m,4%,4.15,924,46,46.2,47m,2%,2.35,618,30,30.9,0
Mon 23:37:01,85m,4%,4.25,924,46,46.2,46m,2%,2.3,618,30,30.9,0
Mon 23:38:00,82m,4%,4.1,850,42,42.5,47m,2%,2.35,692,34,34.6,0
Mon 23:39:00,86m,4%,4.3,924,46,46.2,43m,2%,2.15,618,30,30.9,0
Mon 23:40:01,91m,4%,4.55,924,46,46.2,39m,1%,1.95,692,34,34.6,2
Mon 23:41:00,83m,4%,4.15,924,46,46.2,44m,2%,2.2,618,30,30.9,0
Mon 23:42:00,82m,4%,4.1,924,46,46.2,38m,1%,1.9,618,30,30.9,0
Mon 23:43:00,83m,4%,4.15,924,46,46.2,47m,2%,2.35,618,30,30.9,0
Mon 23:44:00,83m,4%,4.15,924,46,46.2,47m,2%,2.35,618,30,30.9,0
Mon 23:45:00,81m,4%,4.05,924,46,46.2,47m,2%,2.35,618,30,30.9,0
Mon 23:46:00,82m,4%,4.1,924,46,46.2,46m,2%,2.3,618,30,30.9,0
Mon 23:47:00,84m,4%,4.2,924,46,46.2,46m,2%,2.3,618,30,30.9,0
Mon 23:48:00,80m,4%,4,850,42,42.5,47m,2%,2.35,692,34,34.6,0
Mon 23:49:00,84m,4%,4.2,924,46,46.2,45m,2%,2.25,618,30,30.9,0
Mon 23:50:00,90m,4%,4.5,924,46,46.2,39m,1%,1.95,618,30,30.9,0
Mon 23:51:00,83m,4%,4.15,924,46,46.2,46m,2%,2.3,618,30,30.9,0
Mon 23:52:00,83m,4%,4.15,924,46,46.2,47m,2%,2.35,618,30,30.9,0
Mon 23:53:00,82m,4%,4.1,924,46,46.2,47m,2%,2.35,618,30,30.9,0
Mon 23:54:00,82m,4%,4.1,924,46,46.2,47m,2%,2.35,618,30,30.9,0
Mon 23:55:00,83m,4%,4.15,924,46,46.2,46m,2%,2.3,618,30,30.9,0
Mon 23:56:00,82m,4%,4.1,924,46,46.2,47m,2%,2.35,618,30,30.9,0
Mon 23:57:00,84m,4%,4.2,850,42,42.5,47m,2%,2.35,692,34,34.6,0
Mon 23:58:00,84m,4%,4.2,924,46,46.2,45m,2%,2.25,618,30,30.9,0
Mon 23:59:00,91m,4%,4.55,924,46,46.2,39m,1%,1.95,544,27,27.2,0
Mon 00:00:00,81m,4%,4.05,924,46,46.2,37m,1%,1.85,544,27,27.2,0
Mon 00:01:00,83m,4%,4.15,924,46,46.2,46m,2%,2.3,544,27,27.2,0
Mon 00:02:00,82m,4%,4.1,924,46,46.2,44m,2%,2.2,544,27,27.2,0
Mon 00:03:00,85m,4%,4.25,924,46,46.2,44m,2%,2.2,470,23,23.5,0
Mon 00:04:00,81m,4%,4.05,924,46,46.2,37m,1%,1.85,470,23,23.5,0
Mon 00:05:00,84m,4%,4.2,924,46,46.2,44m,2%,2.2,470,23,23.5,0
Mon 00:06:00,83m,4%,4.15,924,46,46.2,44m,2%,2.2,544,27,27.2,2
Mon 00:07:00,84m,4%,4.2,850,42,42.5,42m,2%,2.1,544,27,27.2,0
Mon 00:08:01,83m,4%,4.15,850,42,42.5,33m,1%,1.65,544,27,27.2,0
Mon 00:09:00,84m,4%,4.2,850,42,42.5,44m,2%,2.2,618,30,30.9,0
Mon 00:10:00,81m,4%,4.05,850,42,42.5,45m,2%,2.25,544,27,27.2,0
Mon 00:11:00,78m,3%,3.9,850,42,42.5,43m,2%,2.15,544,27,27.2,0
Mon 00:12:00,82m,4%,4.1,850,42,42.5,37m,1%,1.85,544,27,27.2,0
Mon 00:13:00,83m,4%,4.15,850,42,42.5,47m,2%,2.35,618,30,30.9,0
Mon 00:14:00,81m,4%,4.05,850,42,42.5,43m,2%,2.15,544,27,27.2,0
Mon 00:15:00,81m,4%,4.05,850,42,42.5,37m,1%,1.85,544,27,27.2,0
Mon 00:16:00,81m,4%,4.05,850,42,42.5,45m,2%,2.25,544,27,27.2,0
Mon 00:17:00,83m,4%,4.15,850,42,42.5,45m,2%,2.25,618,30,30.9,0
Mon 00:18:00,80m,4%,4,850,42,42.5,43m,2%,2.15,544,27,27.2,0
Mon 00:19:00,81m,4%,4.05,850,42,42.5,36m,1%,1.8,544,27,27.2,0
Mon 00:20:00,81m,4%,4.05,850,42,42.5,45m,2%,2.25,544,27,27.2,0
Mon 00:21:00,82m,4%,4.1,850,42,42.5,45m,2%,2.25,618,30,30.9,0
Mon 00:22:00,82m,4%,4.1,850,42,42.5,42m,2%,2.1,544,27,27.2,0
Mon 00:23:00,81m,4%,4.05,850,42,42.5,38m,1%,1.9,544,27,27.2,0
Mon 00:24:00,81m,4%,4.05,850,42,42.5,45m,2%,2.25,544,27,27.2,0
Mon 00:25:00,82m,4%,4.1,850,42,42.5,45m,2%,2.25,618,30,30.9,0
Mon 00:26:00,79m,3%,3.95,850,42,42.5,43m,2%,2.15,544,27,27.2,0
Mon 00:27:00,81m,4%,4.05,850,42,42.5,36m,1%,1.8,544,27,27.2,0
Mon 00:28:00,81m,4%,4.05,850,42,42.5,44m,2%,2.2,544,27,27.2,0
Mon 00:29:00,82m,4%,4.1,850,42,42.5,42m,2%,2.1,618,30,30.9,0
Mon 00:30:00,80m,4%,4,850,42,42.5,36m,1%,1.8,544,27,27.2,0
Mon 00:31:00,82m,4%,4.1,850,42,42.5,44m,2%,2.2,544,27,27.2,0
Mon 00:32:00,82m,4%,4.1,850,42,42.5,45m,2%,2.25,544,27,27.2,0
Mon 00:33:00,82m,4%,4.1,850,42,42.5,44m,2%,2.2,618,30,30.9,0
Mon 00:34:00,80m,4%,4,850,42,42.5,37m,1%,1.85,544,27,27.2,0
Mon 00:35:00,82m,4%,4.1,850,42,42.5,46m,2%,2.3,544,27,27.2,0
Mon 00:36:00,81m,4%,4.05,850,42,42.5,45m,2%,2.25,618,30,30.9,0
Mon 00:37:00,82m,4%,4.1,850,42,42.5,43m,2%,2.15,544,27,27.2,0
Mon 00:38:00,79m,3%,3.95,850,42,42.5,37m,1%,1.85,544,27,27.2,0
Mon 00:39:00,82m,4%,4.1,850,42,42.5,45m,2%,2.25,544,27,27.2,0
Mon 00:40:00,80m,4%,4,850,42,42.5,45m,2%,2.25,618,30,30.9,0
Mon 00:41:00,81m,4%,4.05,850,42,42.5,42m,2%,2.1,544,27,27.2,0
Mon 00:42:00,80m,4%,4,850,42,42.5,38m,1%,1.9,544,27,27.2,0
Mon 00:43:00,81m,4%,4.05,850,42,42.5,45m,2%,2.25,544,27,27.2,0
Mon 00:44:00,81m,4%,4.05,850,42,42.5,44m,2%,2.2,618,30,30.9,0
Mon 00:45:00,82m,4%,4.1,850,42,42.5,42m,2%,2.1,544,27,27.2,0
Mon 00:46:00,80m,4%,4,850,42,42.5,37m,1%,1.85,544,27,27.2,0
Mon 00:47:00,83m,4%,4.15,850,42,42.5,45m,2%,2.25,544,27,27.2,0
Mon 00:48:01,81m,4%,4.05,850,42,42.5,46m,2%,2.3,618,30,30.9,0
Mon 00:49:00,81m,4%,4.05,850,42,42.5,43m,2%,2.15,544,27,27.2,0
Mon 00:50:00,78m,3%,3.9,850,42,42.5,37m,1%,1.85,544,27,27.2,0
Mon 00:51:00,81m,4%,4.05,850,42,42.5,45m,2%,2.25,544,27,27.2,0
Mon 00:52:00,80m,4%,4,850,42,42.5,45m,2%,2.25,618,30,30.9,0
Mon 00:53:00,82m,4%,4.1,850,42,42.5,41m,2%,2.05,544,27,27.2,0
Mon 00:54:00,80m,4%,4,850,42,42.5,37m,1%,1.85,544,27,27.2,0
Mon 00:55:00,82m,4%,4.1,850,42,42.5,45m,2%,2.25,544,27,27.2,0
Mon 00:56:00,81m,4%,4.05,850,42,42.5,43m,2%,2.15,618,30,30.9,0
Mon 00:57:00,81m,4%,4.05,850,42,42.5,44m,2%,2.2,544,27,27.2,0
Mon 00:58:00,79m,3%,3.95,850,42,42.5,37m,1%,1.85,470,23,23.5,0
Mon 00:59:00,82m,4%,4.1,850,42,42.5,37m,1%,1.85,470,23,23.5,0
Mon 01:00:00,81m,4%,4.05,850,42,42.5,42m,2%,2.1,470,23,23.5,0
Mon 01:01:00,81m,4%,4.05,850,42,42.5,35m,1%,1.75,470,23,23.5,0
Mon 01:02:00,83m,4%,4.15,850,42,42.5,44m,2%,2.2,396,19,19.8,0
Mon 01:03:00,81m,4%,4.05,850,42,42.5,35m,1%,1.75,470,23,23.5,0
Mon 01:04:00,81m,4%,4.05,850,42,42.5,41m,2%,2.05,396,19,19.8,0
Mon 01:05:00,81m,4%,4.05,850,42,42.5,34m,1%,1.7,396,19,19.8,0
Mon 01:06:00,80m,4%,4,850,42,42.5,42m,2%,2.1,396,19,19.8,0
Mon 01:07:01,82m,4%,4.1,850,42,42.5,31m,1%,1.55,396,19,19.8,0
Mon 01:08:00,80m,4%,4,850,42,42.5,41m,2%,2.05,396,19,19.8,0
Mon 01:09:00,81m,4%,4.05,850,42,42.5,29m,1%,1.45,396,19,19.8,0
Mon 01:10:00,80m,4%,4,850,42,42.5,41m,2%,2.05,396,19,19.8,0
Mon 01:11:00,81m,4%,4.05,850,42,42.5,32m,1%,1.6,396,19,19.8,0
Mon 01:12:00,79m,3%,3.95,850,42,42.5,41m,2%,2.05,396,19,19.8,0
Mon 01:13:00,81m,4%,4.05,850,42,42.5,32m,1%,1.6,396,19,19.8,0
Mon 01:14:00,80m,4%,4,850,42,42.5,33m,1%,1.65,396,19,19.8,0
Mon 01:15:00,81m,4%,4.05,850,42,42.5,40m,2%,2,396,19,19.8,0
Mon 01:16:00,79m,3%,3.95,850,42,42.5,30m,1%,1.5,396,19,19.8,0
Mon 01:17:00,82m,4%,4.1,850,42,42.5,41m,2%,2.05,396,19,19.8,0
Mon 01:18:00,80m,4%,4,850,42,42.5,31m,1%,1.55,396,19,19.8,0
Mon 01:19:00,82m,4%,4.1,850,42,42.5,41m,2%,2.05,396,19,19.8,0
Mon 01:20:01,79m,3%,3.95,850,42,42.5,30m,1%,1.5,396,19,19.8,0
Mon 01:21:00,82m,4%,4.1,850,42,42.5,41m,2%,2.05,396,19,19.8,0
Mon 01:22:00,80m,4%,4,850,42,42.5,30m,1%,1.5,396,19,19.8,0
Mon 01:23:00,82m,4%,4.1,850,42,42.5,42m,2%,2.1,396,19,19.8,0
Mon 01:24:00,80m,4%,4,850,42,42.5,31m,1%,1.55,396,19,19.8,0
Mon 01:25:00,81m,4%,4.05,850,42,42.5,42m,2%,2.1,396,19,19.8,0
Mon 01:26:00,80m,4%,4,850,42,42.5,31m,1%,1.55,396,19,19.8,0
Mon 01:27:00,81m,4%,4.05,850,42,42.5,41m,2%,2.05,396,19,19.8,0
Mon 01:28:00,80m,4%,4,850,42,42.5,31m,1%,1.55,396,19,19.8,0
Mon 01:29:00,82m,4%,4.1,850,42,42.5,41m,2%,2.05,396,19,19.8,0
Mon 01:30:00,79m,3%,3.95,850,42,42.5,30m,1%,1.5,322,16,16.1,0
Mon 01:31:00,80m,4%,4,850,42,42.5,32m,1%,1.6,396,19,19.8,0
Mon 01:32:00,80m,4%,4,850,42,42.5,39m,1%,1.95,396,19,19.8,0
Mon 01:33:01,81m,4%,4.05,850,42,42.5,31m,1%,1.55,396,19,19.8,0
Mon 01:34:00,80m,4%,4,850,42,42.5,40m,2%,2,396,19,19.8,0
Mon 01:35:00,80m,4%,4,850,42,42.5,31m,1%,1.55,396,19,19.8,0
Mon 01:36:00,80m,4%,4,850,42,42.5,42m,2%,2.1,396,19,19.8,0
Mon 01:37:00,81m,4%,4.05,850,42,42.5,31m,1%,1.55,396,19,19.8,0
Mon 01:38:00,80m,4%,4,850,42,42.5,42m,2%,2.1,396,19,19.8,0
Mon 01:39:00,80m,4%,4,850,42,42.5,30m,1%,1.5,396,19,19.8,0
Mon 01:40:00,80m,4%,4,850,42,42.5,41m,2%,2.05,396,19,19.8,0
Mon 01:41:00,80m,4%,4,850,42,42.5,31m,1%,1.55,396,19,19.8,0
Mon 01:42:00,79m,3%,3.95,850,42,42.5,42m,2%,2.1,396,19,19.8,0
Mon 01:43:00,79m,3%,3.95,850,42,42.5,31m,1%,1.55,396,19,19.8,0
Mon 01:44:00,82m,4%,4.1,850,42,42.5,41m,2%,2.05,396,19,19.8,0
Mon 01:45:00,80m,4%,4,850,42,42.5,31m,1%,1.55,396,19,19.8,0
Mon 01:46:00,79m,3%,3.95,850,42,42.5,41m,2%,2.05,396,19,19.8,0
Mon 01:47:00,82m,4%,4.1,850,42,42.5,30m,1%,1.5,396,19,19.8,0
Mon 01:48:00,79m,3%,3.95,850,42,42.5,32m,1%,1.6,396,19,19.8,0
Mon 01:49:00,82m,4%,4.1,850,42,42.5,41m,2%,2.05,396,19,19.8,0
Mon 01:50:00,79m,3%,3.95,850,42,42.5,31m,1%,1.55,396,19,19.8,0
Mon 01:51:00,82m,4%,4.1,850,42,42.5,42m,2%,2.1,396,19,19.8,0
Mon 01:52:01,81m,4%,4.05,850,42,42.5,31m,1%,1.55,396,19,19.8,0
Mon 01:53:00,82m,4%,4.1,850,42,42.5,43m,2%,2.15,396,19,19.8,0
Mon 01:54:00,80m,4%,4,850,42,42.5,30m,1%,1.5,396,19,19.8,0
Mon 01:55:00,81m,4%,4.05,850,42,42.5,41m,2%,2.05,396,19,19.8,0
Mon 01:56:00,79m,3%,3.95,850,42,42.5,31m,1%,1.55,396,19,19.8,0
Mon 01:57:00,82m,4%,4.1,850,42,42.5,42m,2%,2.1,396,19,19.8,0
Mon 01:58:00,79m,3%,3.95,850,42,42.5,31m,1%,1.55,396,19,19.8,0
Mon 01:59:00,83m,4%,4.15,850,42,42.5,41m,2%,2.05,396,19,19.8,0
Mon 02:00:00,79m,3%,3.95,850,42,42.5,32m,1%,1.6,396,19,19.8,0
Mon 02:01:00,82m,4%,4.1,850,42,42.5,42m,2%,2.1,396,19,19.8,0
Mon 02:02:00,80m,4%,4,850,42,42.5,32m,1%,1.6,322,16,16.1,0
Mon 02:03:00,81m,4%,4.05,850,42,42.5,32m,1%,1.6,396,19,19.8,0
Mon 02:04:00,80m,4%,4,850,42,42.5,39m,1%,1.95,396,19,19.8,0
Mon 02:05:01,81m,4%,4.05,850,42,42.5,30m,1%,1.5,396,19,19.8,0
Mon 02:06:00,81m,4%,4.05,850,42,42.5,42m,2%,2.1,396,19,19.8,0
Mon 02:07:00,80m,4%,4,850,42,42.5,30m,1%,1.5,396,19,19.8,0
Mon 02:08:00,80m,4%,4,850,42,42.5,41m,2%,2.05,396,19,19.8,0
Mon 02:09:00,80m,4%,4,850,42,42.5,31m,1%,1.55,396,19,19.8,0
Mon 02:10:00,79m,3%,3.95,850,42,42.5,42m,2%,2.1,396,19,19.8,0
Mon 02:11:00,81m,4%,4.05,850,42,42.5,31m,1%,1.55,396,19,19.8,0
Mon 02:12:00,80m,4%,4,850,42,42.5,42m,2%,2.1,396,19,19.8,0
Mon 02:13:00,81m,4%,4.05,850,42,42.5,31m,1%,1.55,396,19,19.8,0
Mon 02:14:00,80m,4%,4,850,42,42.5,42m,2%,2.1,396,19,19.8,0
Mon 02:15:00,80m,4%,4,850,42,42.5,31m,1%,1.55,396,19,19.8,0
Mon 02:16:00,81m,4%,4.05,850,42,42.5,42m,2%,2.1,396,19,19.8,0
Mon 02:17:00,81m,4%,4.05,850,42,42.5,31m,1%,1.55,396,19,19.8,2
Mon 02:18:00,80m,4%,4,850,42,42.5,41m,2%,2.05,396,19,19.8,0
Mon 02:19:00,81m,4%,4.05,850,42,42.5,31m,1%,1.55,396,19,19.8,0
Mon 02:20:00,80m,4%,4,850,42,42.5,32m,1%,1.6,396,19,19.8,0
Mon 02:21:00,81m,4%,4.05,850,42,42.5,40m,2%,2,396,19,19.8,0
Mon 02:22:00,80m,4%,4,850,42,42.5,31m,1%,1.55,396,19,19.8,0
Mon 02:23:00,80m,4%,4,850,42,42.5,42m,2%,2.1,396,19,19.8,0
Mon 02:24:00,79m,3%,3.95,850,42,42.5,31m,1%,1.55,396,19,19.8,0
Mon 02:25:00,81m,4%,4.05,850,42,42.5,43m,2%,2.15,396,19,19.8,0
Mon 02:26:00,80m,4%,4,850,42,42.5,31m,1%,1.55,396,19,19.8,0
Mon 02:27:00,82m,4%,4.1,850,42,42.5,41m,2%,2.05,396,19,19.8,0
Mon 02:28:00,81m,4%,4.05,850,42,42.5,30m,1%,1.5,396,19,19.8,0
Mon 02:29:00,82m,4%,4.1,850,42,42.5,41m,2%,2.05,396,19,19.8,0
Mon 02:30:00,79m,3%,3.95,850,42,42.5,31m,1%,1.55,396,19,19.8,0
Mon 02:31:00,82m,4%,4.1,850,42,42.5,41m,2%,2.05,396,19,19.8,0
Mon 02:32:00,80m,4%,4,850,42,42.5,30m,1%,1.5,396,19,19.8,0
Mon 02:33:00,81m,4%,4.05,850,42,42.5,33m,1%,1.65,396,19,19.8,0
Mon 02:34:00,80m,4%,4,850,42,42.5,39m,1%,1.95,322,16,16.1,0
Mon 02:35:00,82m,4%,4.1,850,42,42.5,30m,1%,1.5,396,19,19.8,0
Mon 02:36:00,79m,3%,3.95,850,42,42.5,42m,2%,2.1,396,19,19.8,0
Mon 02:37:01,79m,3%,3.95,850,42,42.5,30m,1%,1.5,396,19,19.8,0
Mon 02:38:00,81m,4%,4.05,850,42,42.5,41m,2%,2.05,396,19,19.8,0
Mon 02:39:00,80m,4%,4,850,42,42.5,31m,1%,1.55,396,19,19.8,0
Mon 02:40:00,80m,4%,4,850,42,42.5,41m,2%,2.05,396,19,19.8,0
Mon 02:41:00,81m,4%,4.05,850,42,42.5,30m,1%,1.5,396,19,19.8,0
Mon 02:42:00,81m,4%,4.05,850,42,42.5,42m,2%,2.1,396,19,19.8,0
Mon 02:43:00,80m,4%,4,850,42,42.5,31m,1%,1.55,396,19,19.8,0
Mon 02:44:00,80m,4%,4,850,42,42.5,42m,2%,2.1,396,19,19.8,0
Mon 02:45:00,81m,4%,4.05,850,42,42.5,31m,1%,1.55,396,19,19.8,0
Mon 02:46:00,80m,4%,4,850,42,42.5,41m,2%,2.05,396,19,19.8,0
Mon 02:47:00,81m,4%,4.05,850,42,42.5,31m,1%,1.55,396,19,19.8,0
Mon 02:48:00,80m,4%,4,850,42,42.5,41m,2%,2.05,396,19,19.8,0
Mon 02:49:00,80m,4%,4,850,42,42.5,30m,1%,1.5,396,19,19.8,0
Mon 02:50:00,79m,3%,3.95,850,42,42.5,34m,1%,1.7,396,19,19.8,0
Mon 02:51:00,81m,4%,4.05,850,42,42.5,39m,1%,1.95,396,19,19.8,0
Mon 02:52:00,79m,3%,3.95,850,42,42.5,30m,1%,1.5,396,19,19.8,0
Mon 02:53:00,82m,4%,4.1,850,42,42.5,42m,2%,2.1,396,19,19.8,0
Mon 02:54:00,80m,4%,4,850,42,42.5,30m,1%,1.5,396,19,19.8,0
Mon 02:55:00,81m,4%,4.05,850,42,42.5,41m,2%,2.05,396,19,19.8,0
Mon 02:56:00,79m,3%,3.95,850,42,42.5,30m,1%,1.5,396,19,19.8,0
Mon 02:57:00,81m,4%,4.05,850,42,42.5,41m,2%,2.05,396,19,19.8,0
Mon 02:58:00,79m,3%,3.95,850,42,42.5,31m,1%,1.55,322,16,16.1,0
Mon 02:59:00,81m,4%,4.05,850,42,42.5,32m,1%,1.6,322,16,16.1,0
Mon 03:00:00,79m,3%,3.95,850,42,42.5,30m,1%,1.5,322,16,16.1,0
Mon 03:01:00,81m,4%,4.05,850,42,42.5,31m,1%,1.55,322,16,16.1,0
Mon 03:02:00,82m,4%,4.1,850,42,42.5,39m,1%,1.95,248,12,12.4,0
Mon 03:03:00,80m,4%,4,850,42,42.5,32m,1%,1.6,248,12,12.4,0
Mon 03:04:00,79m,3%,3.95,850,42,42.5,29m,1%,1.45,174,8,8.7,0
Mon 03:05:00,81m,4%,4.05,850,42,42.5,30m,1%,1.5,248,12,12.4,0
Mon 03:06:00,80m,4%,4,850,42,42.5,36m,1%,1.8,248,12,12.4,0
Mon 03:07:00,80m,4%,4,850,42,42.5,28m,1%,1.4,248,12,12.4,0
Mon 03:08:00,80m,4%,4,850,42,42.5,28m,1%,1.4,248,12,12.4,0
Mon 03:09:00,80m,4%,4,850,42,42.5,28m,1%,1.4,174,8,8.7,0
Mon 03:10:00,79m,3%,3.95,850,42,42.5,30m,1%,1.5,248,12,12.4,0
Mon 03:11:00,81m,4%,4.05,850,42,42.5,35m,1%,1.75,248,12,12.4,0
Mon 03:12:00,80m,4%,4,850,42,42.5,28m,1%,1.4,248,12,12.4,0
Mon 03:13:01,80m,4%,4,850,42,42.5,28m,1%,1.4,248,12,12.4,0
Mon 03:14:00,79m,3%,3.95,850,42,42.5,27m,1%,1.35,248,12,12.4,0
Mon 03:15:00,80m,4%,4,850,42,42.5,38m,1%,1.9,248,12,12.4,0
Mon 03:16:00,79m,3%,3.95,850,42,42.5,28m,1%,1.4,248,12,12.4,0
Mon 03:17:00,81m,4%,4.05,850,42,42.5,27m,1%,1.35,248,12,12.4,0
Mon 03:18:00,79m,3%,3.95,850,42,42.5,28m,1%,1.4,174,8,8.7,0
Mon 03:19:00,81m,4%,4.05,850,42,42.5,29m,1%,1.45,248,12,12.4,0
Mon 03:20:00,80m,4%,4,850,42,42.5,35m,1%,1.75,248,12,12.4,0
Mon 03:21:00,80m,4%,4,850,42,42.5,28m,1%,1.4,248,12,12.4,0
Mon 03:22:00,78m,3%,3.9,850,42,42.5,28m,1%,1.4,248,12,12.4,0
Mon 03:23:00,79m,3%,3.95,850,42,42.5,27m,1%,1.35,248,12,12.4,2
Mon 03:24:00,79m,3%,3.95,850,42,42.5,30m,1%,1.5,248,12,12.4,0
Mon 03:25:00,81m,4%,4.05,850,42,42.5,37m,1%,1.85,248,12,12.4,0
Mon 03:26:00,79m,3%,3.95,850,42,42.5,28m,1%,1.4,248,12,12.4,0
Mon 03:27:00,80m,4%,4,850,42,42.5,27m,1%,1.35,174,8,8.7,0
Mon 03:28:00,79m,3%,3.95,850,42,42.5,30m,1%,1.5,248,12,12.4,0
Mon 03:29:00,80m,4%,4,850,42,42.5,36m,1%,1.8,248,12,12.4,0
Mon 03:30:00,78m,3%,3.9,850,42,42.5,27m,1%,1.35,248,12,12.4,0
Mon 03:31:00,79m,3%,3.95,850,42,42.5,27m,1%,1.35,248,12,12.4,0
Mon 03:32:00,79m,3%,3.95,850,42,42.5,28m,1%,1.4,174,8,8.7,0
Mon 03:33:01,80m,4%,4,850,42,42.5,30m,1%,1.5,248,12,12.4,0
Mon 03:34:00,80m,4%,4,850,42,42.5,36m,1%,1.8,248,12,12.4,0
Mon 03:35:00,81m,4%,4.05,850,42,42.5,28m,1%,1.4,248,12,12.4,0
Mon 03:36:00,79m,3%,3.95,850,42,42.5,28m,1%,1.4,248,12,12.4,0
Mon 03:37:00,81m,4%,4.05,850,42,42.5,27m,1%,1.35,248,12,12.4,0
Mon 03:38:00,79m,3%,3.95,850,42,42.5,39m,1%,1.95,248,12,12.4,0
Mon 03:39:00,80m,4%,4,850,42,42.5,28m,1%,1.4,248,12,12.4,0
Mon 03:40:00,79m,3%,3.95,850,42,42.5,27m,1%,1.35,248,12,12.4,0
Mon 03:41:00,81m,4%,4.05,850,42,42.5,27m,1%,1.35,174,8,8.7,0
Mon 03:42:00,79m,3%,3.95,850,42,42.5,31m,1%,1.55,248,12,12.4,0
Mon 03:43:01,81m,4%,4.05,850,42,42.5,36m,1%,1.8,248,12,12.4,0
Mon 03:44:00,79m,3%,3.95,850,42,42.5,27m,1%,1.35,248,12,12.4,0
Mon 03:45:00,80m,4%,4,850,42,42.5,27m,1%,1.35,248,12,12.4,0
Mon 03:46:00,79m,3%,3.95,850,42,42.5,27m,1%,1.35,248,12,12.4,2
Mon 03:47:00,82m,4%,4.1,850,42,42.5,35m,1%,1.75,248,12,12.4,0
Mon 03:48:00,80m,4%,4,850,42,42.5,31m,1%,1.55,248,12,12.4,0
Mon 03:49:00,81m,4%,4.05,850,42,42.5,28m,1%,1.4,248,12,12.4,0
Mon 03:50:00,80m,4%,4,850,42,42.5,27m,1%,1.35,174,8,8.7,0
Mon 03:51:00,80m,4%,4,850,42,42.5,29m,1%,1.45,248,12,12.4,0
Mon 03:52:00,81m,4%,4.05,850,42,42.5,36m,1%,1.8,248,12,12.4,0
Mon 03:53:00,79m,3%,3.95,850,42,42.5,28m,1%,1.4,248,12,12.4,0
Mon 03:54:00,79m,3%,3.95,850,42,42.5,27m,1%,1.35,248,12,12.4,0
Mon 03:55:00,79m,3%,3.95,850,42,42.5,27m,1%,1.35,174,8,8.7,0
Mon 03:56:00,78m,3%,3.9,850,42,42.5,30m,1%,1.5,248,12,12.4,0
Mon 03:57:00,81m,4%,4.05,850,42,42.5,36m,1%,1.8,248,12,12.4,0
Mon 03:58:00,77m,3%,3.85,850,42,42.5,28m,1%,1.4,322,16,16.1,0
Mon 03:59:00,81m,4%,4.05,850,42,42.5,37m,1%,1.85,322,16,16.1,0
Mon 04:00:00,80m,4%,4,850,42,42.5,30m,1%,1.5,322,16,16.1,0
Mon 04:01:00,82m,4%,4.1,850,42,42.5,39m,1%,1.95,322,16,16.1,0
Mon 04:02:00,80m,4%,4,850,42,42.5,29m,1%,1.45,396,19,19.8,0
Mon 04:03:01,81m,4%,4.05,850,42,42.5,38m,1%,1.9,396,19,19.8,0
Mon 04:04:00,80m,4%,4,850,42,42.5,30m,1%,1.5,396,19,19.8,0
Mon 04:05:00,81m,4%,4.05,850,42,42.5,41m,2%,2.05,396,19,19.8,0
Mon 04:06:00,78m,3%,3.9,850,42,42.5,32m,1%,1.6,396,19,19.8,0
Mon 04:07:00,82m,4%,4.1,850,42,42.5,41m,2%,2.05,396,19,19.8,0
Mon 04:08:00,79m,3%,3.95,850,42,42.5,31m,1%,1.55,396,19,19.8,2
Mon 04:09:00,80m,4%,4,850,42,42.5,38m,1%,1.9,396,19,19.8,0
Mon 04:10:00,78m,3%,3.9,850,42,42.5,33m,1%,1.65,396,19,19.8,0
Mon 04:11:00,81m,4%,4.05,850,42,42.5,32m,1%,1.6,396,19,19.8,0
Mon 04:12:00,90m,4%,4.5,850,42,42.5,44m,2%,2.2,396,19,19.8,0
Mon 04:13:00,91m,4%,4.55,850,42,42.5,36m,1%,1.8,396,19,19.8,0
Mon 04:14:00,85m,4%,4.25,850,42,42.5,44m,2%,2.2,396,19,19.8,0
Mon 04:15:00,86m,4%,4.3,850,42,42.5,34m,1%,1.7,396,19,19.8,0
Mon 04:16:00,84m,4%,4.2,850,42,42.5,44m,2%,2.2,396,19,19.8,0
Mon 04:17:00,89m,4%,4.45,850,42,42.5,35m,1%,1.75,396,19,19.8,0
Mon 04:18:00,85m,4%,4.25,850,42,42.5,45m,2%,2.25,396,19,19.8,0
Mon 04:19:00,84m,4%,4.2,850,42,42.5,33m,1%,1.65,396,19,19.8,0
Mon 04:20:00,84m,4%,4.2,850,42,42.5,44m,2%,2.2,396,19,19.8,0
Mon 04:21:01,82m,4%,4.1,850,42,42.5,33m,1%,1.65,396,19,19.8,0
Mon 04:22:00,86m,4%,4.3,850,42,42.5,45m,2%,2.25,396,19,19.8,0
Mon 04:23:00,88m,4%,4.4,850,42,42.5,34m,1%,1.7,396,19,19.8,0
Mon 04:24:00,86m,4%,4.3,850,42,42.5,44m,2%,2.2,396,19,19.8,0
Mon 04:25:00,87m,4%,4.35,850,42,42.5,34m,1%,1.7,322,16,16.1,0
Mon 04:26:00,86m,4%,4.3,850,42,42.5,35m,1%,1.75,396,19,19.8,0
Mon 04:27:00,88m,4%,4.4,850,42,42.5,42m,2%,2.1,396,19,19.8,0
Mon 04:28:00,86m,4%,4.3,850,42,42.5,32m,1%,1.6,396,19,19.8,0
Mon 04:29:00,88m,4%,4.4,850,42,42.5,44m,2%,2.2,396,19,19.8,0
Mon 04:30:00,85m,4%,4.25,850,42,42.5,32m,1%,1.6,396,19,19.8,0
Mon 04:31:00,87m,4%,4.35,850,42,42.5,43m,2%,2.15,396,19,19.8,0
Mon 04:32:00,100m,5%,5,850,42,42.5,39m,1%,1.95,396,19,19.8,0
Mon 04:33:00,98m,4%,4.9,850,42,42.5,50m,2%,2.5,396,19,19.8,0
Mon 04:34:00,94m,4%,4.7,850,42,42.5,39m,1%,1.95,396,19,19.8,0
Mon 04:35:00,98m,4%,4.9,850,42,42.5,51m,2%,2.55,396,19,19.8,0
Mon 04:36:00,99m,4%,4.95,850,42,42.5,39m,1%,1.95,396,19,19.8,0
Mon 04:37:00,88m,4%,4.4,850,42,42.5,45m,2%,2.25,396,19,19.8,0
Mon 04:38:00,92m,4%,4.6,850,42,42.5,33m,1%,1.65,396,19,19.8,0
Mon 04:39:00,94m,4%,4.7,850,42,42.5,47m,2%,2.35,396,19,19.8,0
Mon 04:40:00,95m,4%,4.75,850,42,42.5,35m,1%,1.75,396,19,19.8,2
Mon 04:41:00,93m,4%,4.65,850,42,42.5,46m,2%,2.3,396,19,19.8,0
Mon 04:42:00,91m,4%,4.55,850,42,42.5,35m,1%,1.75,396,19,19.8,0
Mon 04:43:00,95m,4%,4.75,850,42,42.5,38m,1%,1.9,396,19,19.8,0
Mon 04:44:01,91m,4%,4.55,850,42,42.5,42m,2%,2.1,396,19,19.8,0
Mon 04:45:00,92m,4%,4.6,850,42,42.5,34m,1%,1.7,396,19,19.8,0
Mon 04:46:00,90m,4%,4.5,850,42,42.5,45m,2%,2.25,396,19,19.8,0
Mon 04:47:00,90m,4%,4.5,850,42,42.5,33m,1%,1.65,396,19,19.8,0
Mon 04:48:00,89m,4%,4.45,850,42,42.5,45m,2%,2.25,396,19,19.8,0
Mon 04:49:00,94m,4%,4.7,850,42,42.5,34m,1%,1.7,396,19,19.8,0
Mon 04:50:00,98m,4%,4.9,850,42,42.5,48m,2%,2.4,396,19,19.8,0
Mon 04:51:00,93m,4%,4.65,850,42,42.5,34m,1%,1.7,396,19,19.8,0
Mon 04:52:00,94m,4%,4.7,850,42,42.5,46m,2%,2.3,396,19,19.8,0
Mon 04:53:00,93m,4%,4.65,850,42,42.5,35m,1%,1.75,396,19,19.8,0
Mon 04:54:00,91m,4%,4.55,850,42,42.5,44m,2%,2.2,396,19,19.8,0
Mon 04:55:00,89m,4%,4.45,850,42,42.5,34m,1%,1.7,322,16,16.1,0
Mon 04:56:00,94m,4%,4.7,850,42,42.5,39m,1%,1.95,322,16,16.1,0
Mon 04:57:00,93m,4%,4.65,850,42,42.5,34m,1%,1.7,248,12,12.4,0
Mon 04:58:00,92m,4%,4.6,850,42,42.5,33m,1%,1.65,248,12,12.4,0
Mon 04:59:00,92m,4%,4.6,850,42,42.5,36m,1%,1.8,248,12,12.4,0
Mon 05:00:00,96m,4%,4.8,850,42,42.5,37m,1%,1.85,174,8,8.7,0
